url,title,seendate,language,domain,sourcecountry,date,month,month_label,meta_description,nlp_text,text_source,nlp_label,Negative,Neutral,Positive,score_label
https://www.financialafrik.com/2025/04/01/la-boad-valide-des-financements-pour-15-projets-dans-les-etats-de-luemoa/,‎La BOAD valide des financements pour 15 projets dans les États de lUemoa,20250401T214500Z,French,financialafrik.com,Morocco,2025-04-01,2025-04,Apr 2025,"‎La Banque Ouest Africaine de Développement (BOAD) a approuvé 15 nouveaux financements pour un montant total de 391 923 milliards de francs CFA en faveur de ses pays membres. Ces fonds sont destinés à la réalisation d’infrastructures et au soutien économique de plusieurs États. La décision a été entérinée lors du conseil d’administration de l’institution,","‎La BOAD valide des financements pour 15 projets dans les États de lUemoa. ‎La Banque Ouest Africaine de Développement (BOAD) a approuvé 15 nouveaux financements pour un montant total de 391 923 milliards de francs CFA en faveur de ses pays membres. Ces fonds sont destinés à la réalisation d’infrastructures et au soutien économique de plusieurs États. La décision a été entérinée lors du conseil d’administration de l’institution,",titre+description,Positive,0,0,1,0.7718
https://www.fao.org/home/home/benin-s-farmers-get-a-business-boost-with-innovation/fr,"Au Bénin , linnovation est un moteur du développement de lactivité des agriculteurs",20250401T211500Z,French,fao.org,Italy,2025-04-01,2025-04,Apr 2025,L’Organisation pour l’alimentation et l’agriculture (FAO) est l’agence spécialisée des Nations Unies qui mène les efforts internationaux vers l’élimination de la faim.,"Au Bénin , linnovation est un moteur du développement de lactivité des agriculteurs. L’Organisation pour l’alimentation et l’agriculture (FAO) est l’agence spécialisée des Nations Unies qui mène les efforts internationaux vers l’élimination de la faim.",titre+description,Positive,0,0,1,0.786
https://www.maliweb.net/economie/cooperation/le-tchad-et-lalliance-des-etats-du-sahel-aes-comme-la-base-pour-la-prosperite-de-la-region-du-sahel-3101364.html,maliweb . net - Le Tchad et lAlliance des États du Sahel ( AES ) comme la base pour la prospérité de la région du Sahel,20250401T184500Z,French,maliweb.net,Mali,2025-04-01,2025-04,Apr 2025,,maliweb . net - Le Tchad et lAlliance des États du Sahel ( AES ) comme la base pour la prospérité de la région du Sahel,titre seul,Positive,0,0,1,0.6063
https://www.investegate.co.uk/company/PREM,Premier African Minerals Ltd RNS Announcements | PREM RNS Announcements,20250401T174500Z,English,investegate.co.uk,United Kingdom,2025-04-01,2025-04,Apr 2025,"Explore Premier African Minerals Ltd Company Regulatory News (RNS) and non regulatory news updates for the latest insights on their financial performance, stock market status, and corporate governance. Stay informed about Premier African Minerals Ltd share price and industry developments. If you're an investor tracking the latest RNS announcements for Premier African Minerals Ltd or just want to find out what has happened to Premier African Minerals Ltd share price as it happens.","Premier African Minerals Ltd RNS Announcements | PREM RNS Announcements. Explore Premier African Minerals Ltd Company Regulatory News (RNS) and non regulatory news updates for the latest insights on their financial performance, stock market status, and corporate governance. Stay informed about Premier African Minerals Ltd share price and industry developments. If you're an investor tracking the latest RNS announcements for Premier African Minerals Ltd or just want to find out what has happened to Premier Af",titre+description,Neutral,0,1,0,0.8205
https://lesoleil.sn/actualites/economie/la-boad-valide-15-projets-pour-3919-milliards-fcfa/,"La Boad valide 15 projets pour 391 , 9 milliards FCfa",20250401T171500Z,French,lesoleil.sn,Senegal,2025-04-01,2025-04,Apr 2025,"La Banque ouest-africaine de développement (Boad) a validé un ensemble de 15 projets pour un montant total de 391,923 milliards de francs Cfa, visant à renforcer les infrastructures et à soutenir les économies de plusieurs pays membres. Réunis fin mars à Dakar sous la présidence de Serge Ekué, les administrateurs de la Boad ont approuvé […]","La Boad valide 15 projets pour 391 , 9 milliards FCfa. La Banque ouest-africaine de développement (Boad) a validé un ensemble de 15 projets pour un montant total de 391,923 milliards de francs Cfa, visant à renforcer les infrastructures et à soutenir les économies de plusieurs pays membres. Réunis fin mars à Dakar sous la présidence de Serge Ekué, les administrateurs de la Boad ont approuvé […]",titre+description,Positive,0,0,1,0.7737
https://www.lanouvellerepublique.fr/vienne/commune/adriers/adriers-une-association-propose-un-repas-solidaire-pour-construire-un-puits-au-benin-1743516168,Adriers : une association propose un repas solidaire pour construire un puits au Bénin,20250401T144500Z,French,lanouvellerepublique.fr,France,2025-04-01,2025-04,Apr 2025,"Dimanche 6 avril 2025, l’association d’Adriers Amitié Bénin-Vienne limousine, présidée par Anne-Marie Riffaud, organise une action caritative et humanitair...","Adriers : une association propose un repas solidaire pour construire un puits au Bénin. Dimanche 6 avril 2025, l’association d’Adriers Amitié Bénin-Vienne limousine, présidée par Anne-Marie Riffaud, organise une action caritative et humanitair...",titre+description,Positive,0,0,1,0.8362
https://www.koaci.com/article/2025/04/01/congo/politique/congo-kemi-seba-brievement-arrete-a-brazzaville-une-conference-sur-le-cfa-en-cause_185658.html,"Congo : Kemi Seba brièvement arrêté à Brazzaville , une conférence sur le CFA en cause ? ",20250401T144500Z,French,koaci.com,Ivory Coast,2025-04-01,2025-04,Apr 2025,"Kemi Seba  L'activiste béninois Kemi Seba, proche de la Russie a été interpellé brièvement par les autorités congol... - KOACI l'Info au Coeur de l'Afrique","Congo : Kemi Seba brièvement arrêté à Brazzaville , une conférence sur le CFA en cause ?. Kemi Seba  L'activiste béninois Kemi Seba, proche de la Russie a été interpellé brièvement par les autorités congol... - KOACI l'Info au Coeur de l'Afrique",titre+description,Negative,1,0,0,0.8042
https://levenementprecis.com/?p=92306,"Adhésion en vue au parti du Cheval Cabré : Dr Louis - Marc SOGNON , un soutien de taille pour le BR",20250401T143000Z,French,levenementprecis.com,Benin,2025-04-01,2025-04,Apr 2025,,"Adhésion en vue au parti du Cheval Cabré : Dr Louis - Marc SOGNON , un soutien de taille pour le BR",titre seul,Positive,0,0,1,0.9212
https://theconversation.com/nigerias-illegal-gold-trade-elites-and-bandits-are-working-together-250169,Nigeria illegal gold trade – elites and bandits are working together,20250401T134500Z,English,theconversation.com,Australia,2025-04-01,2025-04,Apr 2025,"Elite competition for dominance over illegal mining locations leads to funding of armed bandits, and the use of violence against civilians in north-west Nigeria.","Nigeria illegal gold trade – elites and bandits are working together. Elite competition for dominance over illegal mining locations leads to funding of armed bandits, and the use of violence against civilians in north-west Nigeria.",titre+description,Negative,1,0,0,0.8342
https://saharareporters.com/2025/04/01/breaking-cross-dresser-bobrisky-arrested-nigerian-immigration-officials-demands-know,"BREAKING : Cross - Dresser Bobrisky Arrested By Nigerian Immigration Officials , Demands To Know Offence",20250401T120000Z,English,saharareporters.com,Nigeria,2025-04-01,2025-04,Apr 2025,,"BREAKING : Cross - Dresser Bobrisky Arrested By Nigerian Immigration Officials , Demands To Know Offence",titre seul,Negative,1,0,0,0.7301
https://www.myjoyonline.com/the-mengxin-1-piracy-incident-assessing-impacts-risks-and-solutions-in-the-gulf-of-guinea/,"The MENGXIN 1 Piracy Incident : Assessing impacts , risks , and solutions in the Gulf of Guinea",20250401T113000Z,English,myjoyonline.com,Ghana,2025-04-01,2025-04,Apr 2025,"On March 27, 2025, the Ghanaian-registered fishing vessel MENGXIN 1 was subjected to an armed attack 16 nautical miles (NM) south of Accra in the Gulf of Guinea. At 17:53 hours, seven individuals boarded the vessel, discharged warning shots, and held the crew for three hours. During this period, they confiscated mobile phones and gathered […]","The MENGXIN 1 Piracy Incident : Assessing impacts , risks , and solutions in the Gulf of Guinea. On March 27, 2025, the Ghanaian-registered fishing vessel MENGXIN 1 was subjected to an armed attack 16 nautical miles (NM) south of Accra in the Gulf of Guinea. At 17:53 hours, seven individuals boarded the vessel, discharged warning shots, and held the crew for three hours. During this period, they confiscated mobile phones and gathered […]",titre+description,Negative,1,0,0,0.581
https://news.abidjan.net/articles/740574/publireportage-ev24africa-la-nouvelle-reference-panafricaine-pour-lachat-de-vehicules-electriques,"Publireportage - EV24 . africa , la nouvelle référence panafricaine pour lachat de véhicules électriques",20250401T113000Z,French,news.abidjan.net,Ivory Coast,2025-04-01,2025-04,Apr 2025,"Africar Group et AUTO24.africa révolutionnent le marché de la mobilité en Afrique avec le lancement officiel de EV24.africa, la plus grande marketplace panafricaine dédiée aux véhicules électriques (VE). Cette plateforme donne accès à une large gamme de plus de 200 modèles provenant de 25...","Publireportage - EV24 . africa , la nouvelle référence panafricaine pour lachat de véhicules électriques. Africar Group et AUTO24.africa révolutionnent le marché de la mobilité en Afrique avec le lancement officiel de EV24.africa, la plus grande marketplace panafricaine dédiée aux véhicules électriques (VE). Cette plateforme donne accès à une large gamme de plus de 200 modèles provenant de 25...",titre+description,Positive,0,0,1,0.7845
https://fr.sputniknews.africa/20250401/kemi-seba-reagit-a-son-interpellation-a-brazzaville-avant-une-conference-sur-le-franc-cfa--1071376969.html,Kémi Séba réagit à son interpellation à Brazzaville avant une conférence sur le franc CFA,20250401T113000Z,French,fr.sputniknews.africa,,2025-04-01,2025-04,Apr 2025,"""On voulait simplement dénoncer un système monétaire qui asphyxie notre peuple"", a déclaré Kémi Séba suite à sa brève interpellation dans la capitale de la... 01.04.2025, Sputnik Afrique","Kémi Séba réagit à son interpellation à Brazzaville avant une conférence sur le franc CFA. ""On voulait simplement dénoncer un système monétaire qui asphyxie notre peuple"", a déclaré Kémi Séba suite à sa brève interpellation dans la capitale de la... 01.04.2025, Sputnik Afrique",titre+description,Negative,1,0,0,0.7418
https://www.africatopsuccess.com/benin-un-agent-de-la-presidence-jete-en-prison/,Bénin : un agent de la Présidence jeté en prison - Africa Top Success,20250401T104500Z,French,africatopsuccess.com,Togo,2025-04-01,2025-04,Apr 2025,,Bénin : un agent de la Présidence jeté en prison - Africa Top Success,titre seul,Negative,1,0,0,0.7306
https://guardian.ng/news/oba-of-benin-appoints-district-head-over-ologbo-ehor-dukedoms/,"Oba of Benin appoints district head over Ologbo , Ehor dukedoms",20250401T104500Z,English,guardian.ng,Nigeria,2025-04-01,2025-04,Apr 2025,"The Oba of Benin , Oba Ewuare II, has appointed Chief Emmanuel Iyase as Okao Eguae (District Head from the Benin Palace) over","Oba of Benin appoints district head over Ologbo , Ehor dukedoms. The Oba of Benin , Oba Ewuare II, has appointed Chief Emmanuel Iyase as Okao Eguae (District Head from the Benin Palace) over",titre+description,Neutral,0,1,0,0.5905
https://www.boursier.com/actions/actualites/news/median-technologies-grimpe-apres-les-annonces-954514.html,Median Technologies : grimpe après les annonces,20250401T093000Z,French,boursier.com,France,2025-04-01,2025-04,Apr 2025,,Median Technologies : grimpe après les annonces,titre seul,Neutral,0,1,0,0.4235
https://fr.allafrica.com/stories/202504010095.html,Nigeria : Coopération - Bruxelles et Abuja envisagent la création dun cadre informel de dialogue économique,20250401T093000Z,French,fr.allafrica.com,Nigeria,2025-04-01,2025-04,Apr 2025,Le Nigeria et l'Union européenne (UE) souhaitent renforcer leur coopération économique en instaurant un cadre formel de dialogue sur le commerce et l'investissement.,Nigeria : Coopération - Bruxelles et Abuja envisagent la création dun cadre informel de dialogue économique. Le Nigeria et l'Union européenne (UE) souhaitent renforcer leur coopération économique en instaurant un cadre formel de dialogue sur le commerce et l'investissement.,titre+description,Positive,0,0,1,0.8206
https://www.fratmat.info/article/2632774/economie/macroeconomie/assemblees-annuelles-2025-les-corridors-regionaux-moteurs-de-lintegration-continentale,"Assemblées annuelles 2025 : les corridors régionaux , moteurs de lintégration continentale",20250401T093000Z,French,fratmat.info,Ivory Coast,2025-04-01,2025-04,Apr 2025,"« Ce n&#039;est qu’à travers les corridors régionaux que nous pourrons faire circuler facilement les biens et les services sur le continent, réduire les...","Assemblées annuelles 2025 : les corridors régionaux , moteurs de lintégration continentale. « Ce n&#039;est qu’à travers les corridors régionaux que nous pourrons faire circuler facilement les biens et les services sur le continent, réduire les...",titre+description,Positive,0,0,1,0.7455
https://www.focus-news.net/novini/regioni/Mezhduzvezdna-misiya-za-chetyashtite-hora-v-Kyustendil-2504079,Междузвездна мисия за четящите хора в Кюстендил,20250401T090000Z,Bulgarian,focus-news.net,Bulgaria,2025-04-01,2025-04,Apr 2025,"Четенето е врата към безброй светове, към знание, което никога не остарява, и към мъдрост, която разширява душите хората.","Междузвездна мисия за четящите хора в Кюстендил. Четенето е врата към безброй светове, към знание, което никога не остарява, и към мъдрост, която разширява душите хората.",titre+description,Positive,0,0,1,0.7769
https://theeagleonline.com.ng/oba-of-benin-appoints-district-head-over-ologbo-ehor-dukedoms/,"Oba of Benin appoints district head over Ologbo , Ehor dukedoms",20250401T084500Z,English,theeagleonline.com.ng,Nigeria,2025-04-01,2025-04,Apr 2025,"The appointment was contained in a statement by Osaigbovo Iguobaro, the Chief Press Secretary to the Oba, on Monday in Benin.","Oba of Benin appoints district head over Ologbo , Ehor dukedoms. The appointment was contained in a statement by Osaigbovo Iguobaro, the Chief Press Secretary to the Oba, on Monday in Benin.",titre+description,Neutral,0,1,0,0.6743
https://lecourrier.vn/le-benin-lance-une-campagne-de-lutte-contre-lonchocercose/1280336.html,Le Bénin lance une campagne de lutte contre lonchocercose,20250401T064500Z,French,lecourrier.vn,Vietnam,2025-04-01,2025-04,Apr 2025,"Le gouvernement béninois, avec l’appui de ses partenaires techniques et financiers dans le domaine de la santé, a entamé lundi 31 mars une campagne de vaccination de lutte contre l’onchocercose.","Le Bénin lance une campagne de lutte contre lonchocercose. Le gouvernement béninois, avec l’appui de ses partenaires techniques et financiers dans le domaine de la santé, a entamé lundi 31 mars une campagne de vaccination de lutte contre l’onchocercose.",titre+description,Positive,0,0,1,0.6112
https://bnr.bg/post/102136777,Паул Хиндемит събира Вилиана Вълчева и Росен Идеалов,20250401T063000Z,Bulgarian,bnr.bg,Bulgaria,2025-04-01,2025-04,Apr 2025,"Софийската филхармония посреща изтъкнатия български кларинетист Росен Идеалов, който ще представи забележителния Концерт за кларинет и оркестър на Паул Хиндемит. Диригент на вечерта ще бъде Вилиана Въ…","Паул Хиндемит събира Вилиана Вълчева и Росен Идеалов. Софийската филхармония посреща изтъкнатия български кларинетист Росен Идеалов, който ще представи забележителния Концерт за кларинет и оркестър на Паул Хиндемит. Диригент на вечерта ще бъде Вилиана Въ…",titre+description,Neutral,0,1,0,0.7386
https://news.china.com/socialgd/10000169/20250401/48156697.html,董宇辉来杭州阿姨们夹道欢迎 茶园趣事乐翻天 _ 新闻频道 _ 中华网,20250401T061500Z,Chinese,news.china.com,China,2025-04-01,2025-04,Apr 2025,å®è¾å¨ä¸æµ·AWEä¸åºç´æ­åï¼åæé³çµåéè¯·åå¾æ­å·ææäºä¸æ®µè§é¢ç­çãå½æ¶å¨é¾äºè¶å­æææ¶ï¼ä¸å°æ­å·ç½åæå°äºè·¯éè§é¢ãè¿æ®µè§é¢éé¤äºå®è¾ï¼è¿æåªèèå¸åå¼ æé¾ä½ä¸ºåå®¾ï¼å æ­¤å¤§å®¶å¯¹è¿ä¸ªèç®åæ»¡æå¾,董宇辉来杭州阿姨们夹道欢迎 茶园趣事乐翻天 _ 新闻频道 _ 中华网. å®è¾å¨ä¸æµ·AWEä¸åºç´æ­åï¼åæé³çµåéè¯·åå¾æ­å·ææäºä¸æ®µè§é¢ç­çãå½æ¶å¨é¾äºè¶å­æææ¶ï¼ä¸å°æ­å·ç½åæå°äºè·¯éè§é¢ãè¿æ®µè§é¢éé¤äºå®è¾ï¼è¿æåªèèå¸åå¼ æé¾ä½ä¸ºåå®¾ï¼å æ­¤å¤§å®¶å¯¹è¿ä¸ªèç®åæ»¡æå¾,titre+description,Neutral,0,1,0,0.4839
https://guardian.ng/news/fresh-setback-for-afcfta-ecowas-protocol-over-tariff-by-sahel-states/,"Fresh setback for AfCFTA , ECOWAS protocol over tariff by Sahel States",20250401T061500Z,English,guardian.ng,Nigeria,2025-04-01,2025-04,Apr 2025,"Further consolidating their breakaway from the regional economic bloc earlier in the year, Mali, Burkina Faso and Niger have slammed","Fresh setback for AfCFTA , ECOWAS protocol over tariff by Sahel States. Further consolidating their breakaway from the regional economic bloc earlier in the year, Mali, Burkina Faso and Niger have slammed",titre+description,Negative,1,0,0,0.9307
https://blueprint.ng/tompolo-hostcom-endorse-tinubu-for-re-election-in-2027/,"Tompolo , HOSTCOM endorse Tinubu for re - election in 2027 – Blueprint Newspapers Limited",20250401T060000Z,English,blueprint.ng,Nigeria,2025-04-01,2025-04,Apr 2025,"The second term bid of President Bola Ahmed Tinubu, Monday, got a boost with the Founder, Tantita Security Services Limited, Chief Government Ekpemupolo","Tompolo , HOSTCOM endorse Tinubu for re - election in 2027 – Blueprint Newspapers Limited. The second term bid of President Bola Ahmed Tinubu, Monday, got a boost with the Founder, Tantita Security Services Limited, Chief Government Ekpemupolo",titre+description,Neutral,0,1,0,0.5749
https://www.hindustantimes.com/world-news/whiskeydrinking-rocker-to-west-africa-s-most-dangerous-al-qaeda-leader-101743483116808.html,Whiskey - Drinking Rocker to West Africa Most Dangerous al Qaeda Leader | World News,20250401T053000Z,English,hindustantimes.com,India,2025-04-01,2025-04,Apr 2025,A militant leader from Mali championed a rock band and helped write a hit song before leading an Islamist army that killed tens of thousands. | World News,Whiskey - Drinking Rocker to West Africa Most Dangerous al Qaeda Leader | World News. A militant leader from Mali championed a rock band and helped write a hit song before leading an Islamist army that killed tens of thousands. | World News,titre+description,Negative,1,0,0,0.8811
https://www.ynet.co.il/entertainment/article/bji011fotje,"שבי חמאס , גרפיטי והיהודי שהורשע כפושע מלחמה נאצי : הסרטים הישראלים בדוקאביב",20250401T053000Z,Hebrew,ynet.co.il,Israel,2025-04-01,2025-04,Apr 2025,"מהדורתו ה-27 של פסטיבל הסרטים הבינלאומי לקולנוע דוקומנטרי תכלול 36 סרטי תעודה ישראלים חדשים. כסרט הפתיחה של הפסטיבל נקבע זוכה פרס הסרט התיעודי בפסטיבל ברלין Holding Liat, על אודות ליאת אצילי, שחזרה משבי חמאס, ומאבקה לשיקום יחד עם בני משפחתה","שבי חמאס , גרפיטי והיהודי שהורשע כפושע מלחמה נאצי : הסרטים הישראלים בדוקאביב. מהדורתו ה-27 של פסטיבל הסרטים הבינלאומי לקולנוע דוקומנטרי תכלול 36 סרטי תעודה ישראלים חדשים. כסרט הפתיחה של הפסטיבל נקבע זוכה פרס הסרט התיעודי בפסטיבל ברלין Holding Liat, על אודות ליאת אצילי, שחזרה משבי חמאס, ומאבקה לשיקום יחד עם בני משפחתה",titre+description,Neutral,0,1,0,0.4734
https://www.dailymail.co.uk/news/article-14557343/Trump-administration-major-decision-travel-ban.html,Trump administration delays plans to ban foreign nationals traveling to the US from 43 countries,20250401T051500Z,English,dailymail.co.uk,United Kingdom,2025-04-01,2025-04,Apr 2025,The Trump administration made major decision over plans to ban foreign nationals from 40 countries announced on the president's first day in office.,Trump administration delays plans to ban foreign nationals traveling to the US from 43 countries. The Trump administration made major decision over plans to ban foreign nationals from 40 countries announced on the president's first day in office.,titre+description,Negative,1,0,0,0.7945
https://dailytrust.com/afcon-2025-inside-golden-eaglets-declining-fortunes/,AFCON 2025 : Inside Golden Eaglet declining fortunes,20250401T050000Z,English,dailytrust.com,Niger,2025-04-01,2025-04,Apr 2025,"The 15th edition of the biennial Africa Youth Football tournament for players aged 17 and below (AFCON U-17), kicked off on Sunday in Morocco, with the world’s...","AFCON 2025 : Inside Golden Eaglet declining fortunes. The 15th edition of the biennial Africa Youth Football tournament for players aged 17 and below (AFCON U-17), kicked off on Sunday in Morocco, with the world’s...",titre+description,Negative,1,0,0,0.641
http://french.china.org.cn/foreign/txt/2025-04/01/content_117798448.htm,"Bonsoir , Afrique",20250401T020000Z,French,french.china.org.cn,China,2025-04-01,2025-04,Apr 2025,,"Bonsoir , Afrique",titre seul,Positive,0,0,1,0.5821
https://www.heritage.org/report/the-road-kyoto-how-the-global-climate-treaty-fosterseconomic-impoverishment-and-endangers-us,The Road to Kyoto :   How the Global Climate Treaty FostersEconomic Impoverishment and Endangers U . S . Security,20250401T004500Z,English,heritage.org,United States,2025-04-01,2025-04,Apr 2025,,The Road to Kyoto :   How the Global Climate Treaty FostersEconomic Impoverishment and Endangers U . S . Security,titre seul,Negative,1,0,0,0.7832
http://french.xinhuanet.com/20250401/f172bef3dbf544ddb641501c25eae82a/c.html,Le Bénin lance une campagne de lutte contre lonchocercose - Xinhua,20250401T000000Z,French,french.xinhuanet.com,China,2025-04-01,2025-04,Apr 2025,Le Bénin lance une campagne de lutte contre l'onchocercose-,Le Bénin lance une campagne de lutte contre lonchocercose - Xinhua. Le Bénin lance une campagne de lutte contre l'onchocercose-,titre+description,Negative,1,0,0,0.3448
https://techmoran.com/2025/04/01/multinational-african-enterprises/,Multinational African Enterprises,20250331T233000Z,English,techmoran.com,Kenya,2025-03-31,2025-03,Mar 2025,"Ecobank Transnational Incorporated (ETI), better known as Ecobank is a multinational African enterprise in the banking sector started in Lome","Multinational African Enterprises. Ecobank Transnational Incorporated (ETI), better known as Ecobank is a multinational African enterprise in the banking sector started in Lome",titre+description,Neutral,0,1,0,0.8316
https://levenementprecis.com/?p=92298,Loi sur la chefferie traditionnelle au Bénin : Sa Majesté Houénou Hognon interpelle lAssemblée nationale sur les réclamations,20250331T233000Z,French,levenementprecis.com,Benin,2025-03-31,2025-03,Mar 2025,,Loi sur la chefferie traditionnelle au Bénin : Sa Majesté Houénou Hognon interpelle lAssemblée nationale sur les réclamations,titre seul,Positive,0,0,1,0.4004
https://www.opportunitiesforafricans.com/code-for-africa-cfa-ai-ethics-fellowship-2025/,"Code for Africa ( CfA ) AI Ethics Fellowship 2025 for mid - career professionals in digital governance , policy and ethics ( $500 / month stipend ) – Opportunities For Africans",20250331T230000Z,English,opportunitiesforafricans.com,Nigeria,2025-03-31,2025-03,Mar 2025,"Application Deadline: 14th April 2025  Applications are now open for the 2025 Code for Africa (CfA) AI Ethics Fellowship. Code for Africa (CfA), through the Digitalise Youth consortium, is offering two fellowships to mid-career professionals with experience in digital governance, policy and rights who want to make an impact in Africa’s AI landscape. Under this fellowship,...","Code for Africa ( CfA ) AI Ethics Fellowship 2025 for mid - career professionals in digital governance , policy and ethics ( $500 / month stipend ) – Opportunities For Africans. Application Deadline: 14th April 2025  Applications are now open for the 2025 Code for Africa (CfA) AI Ethics Fellowship. Code for Africa (CfA), through the Digitalise Youth consortium, is offering two fellowships to mid-career professionals with experience in digital governance, policy and rights who want to make an impact in Afric",titre+description,Neutral,0,1,0,0.5541
https://www.adiac-congo.com/content/cooperation-bruxelles-et-abuja-envisagent-la-creation-dun-cadre-informel-de-dialogue,Coopération : Bruxelles et Abuja envisagent la création dun cadre informel de dialogue économique | adiac - congo . com : toute lactualité du Bassin du Congo,20250331T221500Z,French,adiac-congo.com,Congo,2025-03-31,2025-03,Mar 2025,,Coopération : Bruxelles et Abuja envisagent la création dun cadre informel de dialogue économique | adiac - congo . com : toute lactualité du Bassin du Congo,titre seul,Positive,0,0,1,0.6704
https://fr.apanews.net/news/benin-aucun-centimetre-carre-ne-sera-cede-cemga/,Bénin : « Aucun centimètre carré ne sera céd ( CEMGA ) ,20250331T221500Z,French,fr.apanews.net,Burkina Faso,2025-03-31,2025-03,Mar 2025,,Bénin : « Aucun centimètre carré ne sera céd ( CEMGA ),titre seul,Neutral,0,1,0,0.7061
http://french.china.org.cn/foreign/txt/2025-04/01/content_117798390.htm,Le Bénin lance une campagne de lutte contre lonchocercose,20250331T211500Z,French,french.china.org.cn,China,2025-03-31,2025-03,Mar 2025,,Le Bénin lance une campagne de lutte contre lonchocercose,titre seul,Neutral,0,1,0,0.414
https://blueprint.ng/edo-health-insurance-advocates-improved-access-for-enrollees/,Edo health insurance advocates improved access for enrollees – Blueprint Newspapers Limited,20250331T211500Z,English,blueprint.ng,Nigeria,2025-03-31,2025-03,Mar 2025,,Edo health insurance advocates improved access for enrollees – Blueprint Newspapers Limited,titre seul,Positive,0,0,1,0.6395
https://www.senenews.com/actualites/afrique/kemi-seba-arrete-au-congo-par-les-services-de-renseignement-sa-rencontre-sur-le-cfa-annulee_534290.html,"Kemi Seba arrêté au Congo par les services de renseignement , sa rencontre sur le CFA annulée",20250331T201500Z,French,senenews.com,Senegal,2025-03-31,2025-03,Mar 2025,"La tournée de Kemi Seba en Afrique centrale ne se déroule pas comme prévu. Après une déconvenue à Kinshasa, le militant panafricaniste a été arrêté ce lundi","Kemi Seba arrêté au Congo par les services de renseignement , sa rencontre sur le CFA annulée. La tournée de Kemi Seba en Afrique centrale ne se déroule pas comme prévu. Après une déconvenue à Kinshasa, le militant panafricaniste a été arrêté ce lundi",titre+description,Negative,1,0,0,0.9147
https://moodiedavittreport.com/lagardere-travel-retail-to-open-inaugural-aelia-duty-free-stores-in-cameroon/,Lagardère Travel Retail to debut Aelia Duty Free stores at Cameroon airports,20250331T184500Z,English,moodiedavittreport.com,China,2025-03-31,2025-03,Mar 2025,"Lagardère’s strategic expansion into Cameroon aims to foster employment, bolster the economy and elevate the traveller experience in Douala and Yaoundé.","Lagardère Travel Retail to debut Aelia Duty Free stores at Cameroon airports. Lagardère’s strategic expansion into Cameroon aims to foster employment, bolster the economy and elevate the traveller experience in Douala and Yaoundé.",titre+description,Positive,0,0,1,0.6957
https://lanouvelletribune.info/2025/03/benin-un-zemidjan-se-fait-arracher-sa-moto-apres-avoir-ete-drogue/,Bénin : Un  zémidjan  se fait arracher sa moto après avoir ét drogu,20250331T184500Z,French,lanouvelletribune.info,Benin,2025-03-31,2025-03,Mar 2025,"Dans la nuit du 30 au 31 mars 2025, un conducteur de taxi-moto, connu sous le nom de zémidjan, a été victime d’un vol à Gbèdjromèdè Agbélêkô, en périphérie de Cotonou. Selon les informations rapportées par Bip Radio, l’agression a eu lieu entre 23 heures et minuit.







D'après les faits rapportés","Bénin : Un  zémidjan  se fait arracher sa moto après avoir ét drogu. Dans la nuit du 30 au 31 mars 2025, un conducteur de taxi-moto, connu sous le nom de zémidjan, a été victime d’un vol à Gbèdjromèdè Agbélêkô, en périphérie de Cotonou. Selon les informations rapportées par Bip Radio, l’agression a eu lieu entre 23 heures et minuit.







D'après les faits rapportés",titre+description,Negative,1,0,0,0.8948
http://www.24haubenin.info/?Le-marche-de-gros-d-Akassato-s-ouvre-le-31-decembre-2025,Le marché de gros dAkassato souvre le 31 décembre 2025,20250331T154500Z,French,24haubenin.info,Benin,2025-03-31,2025-03,Mar 2025,,Le marché de gros dAkassato souvre le 31 décembre 2025,titre seul,Neutral,0,1,0,0.7349
https://www.dnevnik.bg/evropa/2025/03/31/4763640_filmi_sustezavashti_se_za_nagradata_lux_sa_bezplatno/,"Филми , състезаващи се за Наградата LUX , са безплатно онлайн от 1 април",20250331T154500Z,Bulgarian,dnevnik.bg,Bulgaria,2025-03-31,2025-03,Mar 2025,Ще има и и прожекции в киносалони с вход свободен между 2 април и 12 май в София и Стара Загора.,"Филми , състезаващи се за Наградата LUX , са безплатно онлайн от 1 април. Ще има и и прожекции в киносалони с вход свободен между 2 април и 12 май в София и Стара Загора.",titre+description,Neutral,0,1,0,0.8092
https://www.telecran.lu/FR/program/20250331/1095896750,Télécran,20250331T151500Z,French,telecran.lu,Luxembourg,2025-03-31,2025-03,Mar 2025,,Télécran,titre seul,Neutral,0,1,0,0.6646
https://www.sudouest.fr/culture/sortir-a-bordeaux/art-contemporain-a-bordeaux-et-alentour-emma-vakarelova-sarah-trouche-photographes-voyageurs-quatre-idees-de-sorties-cette-semaine-23855530.php,"Art contemporain à Bordeaux et alentour : Emma Vakarélova , Sarah Trouche , photographes voyageurs … Quatre idées de sorties cette semaine",20250331T144500Z,French,sudouest.fr,France,2025-03-31,2025-03,Mar 2025,"Festival de photographie, poésie murale, expositions… Découvrez ce qui vous attend cette semaine en art contemporain, avec une touche d’architecture en prime 1 Dans les altérations du langage avec","Art contemporain à Bordeaux et alentour : Emma Vakarélova , Sarah Trouche , photographes voyageurs … Quatre idées de sorties cette semaine. Festival de photographie, poésie murale, expositions… Découvrez ce qui vous attend cette semaine en art contemporain, avec une touche d’architecture en prime 1 Dans les altérations du langage avec",titre+description,Positive,0,0,1,0.4888
https://guardian.ng/news/lagos-residents-lament-lack-of-potable-water/,Lagos residents lament lack of potable water,20250331T143000Z,English,guardian.ng,Nigeria,2025-03-31,2025-03,Mar 2025,Some Lagos residents have called on the state government to make potable water accessible to reduce the huge amount of money spent,Lagos residents lament lack of potable water. Some Lagos residents have called on the state government to make potable water accessible to reduce the huge amount of money spent,titre+description,Negative,1,0,0,0.6734
https://lanouvelletribune.info/2025/03/grand-prix-litteraire-du-benin-2025-une-ode-aux-talents-et-a-lheritage-litteraire-du-pays/,Grand Prix Littéraire du Bénin 2025 : Une ode aux talents et à lhéritage littéraire du pays,20250331T131500Z,French,lanouvelletribune.info,Benin,2025-03-31,2025-03,Mar 2025,"La cérémonie de proclamation des résultats de la 6ᵉ édition du Grand Prix Littéraire du Bénin s'est déroulée le vendredi 28 mars 2025, au ministère du tourisme, de la culture et des arts, à Cotonou, sous la houlette du directeur général de l'Agence de développement des arts et de la culture (Adac),","Grand Prix Littéraire du Bénin 2025 : Une ode aux talents et à lhéritage littéraire du pays. La cérémonie de proclamation des résultats de la 6ᵉ édition du Grand Prix Littéraire du Bénin s'est déroulée le vendredi 28 mars 2025, au ministère du tourisme, de la culture et des arts, à Cotonou, sous la houlette du directeur général de l'Agence de développement des arts et de la culture (Adac),",titre+description,Positive,0,0,1,0.7305
https://www.carbonbrief.org/guest-post-saudi-arabias-surprisingly-large-imports-of-solar-panels-from-china/,Guest post : Saudi Arabia surprisingly large imports of solar panels from China,20250331T131500Z,English,carbonbrief.org,United Kingdom,2025-03-31,2025-03,Mar 2025,"China’s solar panel exports rose by 10% in 2024, with imports by global-south countries rising by 32% and those to the global north falling by 6%","Guest post : Saudi Arabia surprisingly large imports of solar panels from China. China’s solar panel exports rose by 10% in 2024, with imports by global-south countries rising by 32% and those to the global north falling by 6%",titre+description,Neutral,0,1,0,0.4937
https://www.courrierinternational.com/article/geopolitique-le-gel-de-l-usaid-une-occasion-pour-repenser-le-modele-de-developpement_228948,"Le gel de lUSAID , une occasion pour repenser le modèle de développement",20250331T120000Z,French,courrierinternational.com,United States,2025-03-31,2025-03,Mar 2025,"Partout, on redoute des conséquences catastrophiques après la suspension de l’aide américaine. Pour autant, certains, en Afrique notamment, y voient l’occasion ...","Le gel de lUSAID , une occasion pour repenser le modèle de développement. Partout, on redoute des conséquences catastrophiques après la suspension de l’aide américaine. Pour autant, certains, en Afrique notamment, y voient l’occasion ...",titre+description,Negative,1,0,0,0.7216
https://allafrica.com/stories/202503310338.html,West Africa : Can West African Nations Come Together to Stop Terrorism Spreading ? ,20250331T120000Z,English,allafrica.com,Nigeria,2025-03-31,2025-03,Mar 2025,Analysis - Mistrust between AES and ECOWAS countries must be overcome to enable intelligence sharing and security cooperation.,West Africa : Can West African Nations Come Together to Stop Terrorism Spreading ?. Analysis - Mistrust between AES and ECOWAS countries must be overcome to enable intelligence sharing and security cooperation.,titre+description,Negative,1,0,0,0.4747
https://jx.ifeng.com/c/8iA9Mdg0UDv, 《 三餐四季 》 江西篇播出 撒贝宁 、 陈好探寻庐陵烟火味,20250331T113000Z,Chinese,jx.ifeng.com,China,2025-03-31,2025-03,Mar 2025,《三餐四季》江西篇播出 撒贝宁、陈好探寻庐陵烟火味,《 三餐四季 》 江西篇播出 撒贝宁 、 陈好探寻庐陵烟火味. 《三餐四季》江西篇播出 撒贝宁、陈好探寻庐陵烟火味,titre+description,Neutral,0,1,0,0.5132
https://www.africatopsuccess.com/burna-boy-et-osas-ighodaro-une-collaboration-cinematographique-qui-fait-sensation/,Burna Boy et Osas Ighodaro : une collaboration cinématographique qui fait sensation,20250331T113000Z,French,africatopsuccess.com,Togo,2025-03-31,2025-03,Mar 2025,,Burna Boy et Osas Ighodaro : une collaboration cinématographique qui fait sensation,titre seul,Positive,0,0,1,0.9301
https://fakti.bg/kultura-art/960743-hindemit-sabira-na-scenata-na-zala-balgaria-mladata-dirigentka-viliana-valcheva-i-doaiena-na-klarinetistite-rosen-idealov,Хиндемит събира на сцената на зала „ България  младата диригентка Вилиана Вълчева и доайена на кларинетистите Росен Идеалов ᐉ Новини от Fakti . bg - Култура,20250331T113000Z,Bulgarian,fakti.bg,Bulgaria,2025-03-31,2025-03,Mar 2025,"На 3 април Софийската филхармония посреща изтъкнатия български кларинетист Росен Идеалов, който ще представи забележителния Концерт за кларинет и оркестър на Паул Хиндемит. Дириген","Хиндемит събира на сцената на зала „ България  младата диригентка Вилиана Вълчева и доайена на кларинетистите Росен Идеалов ᐉ Новини от Fakti . bg - Култура. На 3 април Софийската филхармония посреща изтъкнатия български кларинетист Росен Идеалов, който ще представи забележителния Концерт за кларинет и оркестър на Паул Хиндемит. Дириген",titre+description,Neutral,0,1,0,0.8039
https://afriquinfos.com/magatte-fall-ou-magatte-sow-un-musicien-laureat-de-3-grammy-awards-et-vivant-aux-usa-a-necessairement-connaitre/,"Magatte Fall ou Magatte Sow , un musicien lauréat de 3 Grammy Awards et vivant aux united states à nécessairement connaître",20250331T110000Z,French,afriquinfos.com,Morocco,2025-03-31,2025-03,Mar 2025,,"Magatte Fall ou Magatte Sow , un musicien lauréat de 3 Grammy Awards et vivant aux united states à nécessairement connaître",titre seul,Neutral,0,1,0,0.5245
https://fr.allafrica.com/stories/202503240101.html,Bénin : Le parti Les Démocrates porte plainte après des interdictions de manifester,20250331T110000Z,French,fr.allafrica.com,Nigeria,2025-03-31,2025-03,Mar 2025,Me Renaud Agbodjo affirme que son parti Les Démocrates a déposé plusieurs plaintes contre des fonctionnaires de la police et des élus locaux pour « atteinte à la liberté et au droit civique ». Le principal parti d'opposition s'insurge contre le pouvoir et dit avoir essuyé plusieurs refus pour tenir des rassemblements et d'avoir été dispersé à l'occasion dans plusieurs villes de l'intérieur. Les audiences auront,Bénin : Le parti Les Démocrates porte plainte après des interdictions de manifester. Me Renaud Agbodjo affirme que son parti Les Démocrates a déposé plusieurs plaintes contre des fonctionnaires de la police et des élus locaux pour « atteinte à la liberté et au droit civique ». Le principal parti d'opposition s'insurge contre le pouvoir et dit avoir essuyé plusieurs refus pour tenir des rassemblements et d'avoir été dispersé à l'occasion dans plusieurs villes de l'intérieur. Les audiences auront,titre+description,Negative,1,0,0,0.909
https://issafrica.org/iss-today/can-west-african-nations-come-together-to-stop-terrorism-spreading,Can West African nations come together to stop terrorism spreading ? ,20250331T093000Z,English,issafrica.org,South Africa,2025-03-31,2025-03,Mar 2025,Mistrust between AES and ECOWAS countries must be overcome to enable intelligence sharing and security cooperation.,Can West African nations come together to stop terrorism spreading ?. Mistrust between AES and ECOWAS countries must be overcome to enable intelligence sharing and security cooperation.,titre+description,Negative,1,0,0,0.7149
https://www.cgiar.org/news-events/news/participatory-foresight-analysis-to-identify-near-market-segments-for-cowpea-in-western-africa/,Participatory foresight analysis to identify near - market segments for cowpea in Western Africa,20250331T091500Z,English,cgiar.org,United States,2025-03-31,2025-03,Mar 2025,,Participatory foresight analysis to identify near - market segments for cowpea in Western Africa,titre seul,Neutral,0,1,0,0.7498
https://taxjustice.net/2025/03/31/strengthening-africas-tax-governance-reflections-on-the-lusaka-country-by-country-reporting-workshop/,Strengthening Africa tax governance : reflections on the Lusaka country by country reporting workshop,20250331T084500Z,English,taxjustice.net,United Kingdom,2025-03-31,2025-03,Mar 2025,The workshop is a significant step in equipping African tax authorities with the tools to effectively enforce corporate tax compliance.,Strengthening Africa tax governance : reflections on the Lusaka country by country reporting workshop. The workshop is a significant step in equipping African tax authorities with the tools to effectively enforce corporate tax compliance.,titre+description,Positive,0,0,1,0.6051
https://www.ledevoir.com/opinion/chroniques/861688/chronique-aide-oubliee,Laide oubliée | Le Devoir,20250331T063000Z,French,ledevoir.com,Canada,2025-03-31,2025-03,Mar 2025,L’aide au développement est-elle sacrifiée sur l’autel de la géopolitique?,Laide oubliée | Le Devoir. L’aide au développement est-elle sacrifiée sur l’autel de la géopolitique?,titre+description,Negative,1,0,0,0.9036
https://allafrica.com/stories/202503310021.html,"Mali , Burkina Faso , and Niger Withdraw From International Organization of La Francophonie",20250331T060000Z,English,allafrica.com,Nigeria,2025-03-31,2025-03,Mar 2025,"Ostensibly meant to foster greater cooperation between Francophone countries, the three countries allege that the OIF has become ""a remote-controlled political instrument"" operated from Paris to suit its ""geopolitical considerations"".","Mali , Burkina Faso , and Niger Withdraw From International Organization of La Francophonie. Ostensibly meant to foster greater cooperation between Francophone countries, the three countries allege that the OIF has become ""a remote-controlled political instrument"" operated from Paris to suit its ""geopolitical considerations"".",titre+description,Negative,1,0,0,0.4113
https://www.dailymaverick.co.za/article/2025-03-30-war-against-sudanese-army-not-over-says-rsf-chief-niger-withdraws-from-lake-chad-military-force/,"Africa in focus : War with Sudanese army not over , says RSF chief",20250331T010000Z,English,dailymaverick.co.za,South Africa,2025-03-31,2025-03,Mar 2025,"The leader of Sudanâs paramilitary Rapid Support Forces (RSF), Mohamed Hamdan Dagalo, said on Sunday that his war against the army was not over and his forces would return to Khartoum despite being largely driven out of the capital.","Africa in focus : War with Sudanese army not over , says RSF chief. The leader of Sudanâs paramilitary Rapid Support Forces (RSF), Mohamed Hamdan Dagalo, said on Sunday that his war against the army was not over and his forces would return to Khartoum despite being largely driven out of the capital.",titre+description,Neutral,0,1,0,0.4441
https://lefaso.net/spip.php?article137092,Organisation néerlandaise de développement ( SNV ) : Les résultats de lintervention dun projet diffusés à Ouagadougou,20250331T003000Z,French,lefaso.net,Burkina Faso,2025-03-31,2025-03,Mar 2025,Dans le cadre du Projet d'amélioration de la mobilité du bétail et des revenus des agropasteurs par l'utilisation de la téléphonie mobile et de (…),Organisation néerlandaise de développement ( SNV ) : Les résultats de lintervention dun projet diffusés à Ouagadougou. Dans le cadre du Projet d'amélioration de la mobilité du bétail et des revenus des agropasteurs par l'utilisation de la téléphonie mobile et de (…),titre+description,Neutral,0,1,0,0.5236
https://lanouvelletribune.info/2025/03/benin-des-individus-arretes-alors-quils-cambriolaient-une-eglise-a-hevie/,Bénin : Des individus arrêtés alors quils cambriolaient une église à Hêvié – La Nouvelle Tribune,20250330T230000Z,French,lanouvelletribune.info,Benin,2025-03-30,2025-03,Mar 2025,"La police de Godomey a réalisé une série d'arrestations dans la lutte contre la criminalité. Trois individus, suspectés d'être responsables de nombreux cambriolages dans les arrondissements de Hêvié, Godomey et les environs, ont été interpellés. Leur mode opératoire impliquait des vols dans divers l","Bénin : Des individus arrêtés alors quils cambriolaient une église à Hêvié – La Nouvelle Tribune. La police de Godomey a réalisé une série d'arrestations dans la lutte contre la criminalité. Trois individus, suspectés d'être responsables de nombreux cambriolages dans les arrondissements de Hêvié, Godomey et les environs, ont été interpellés. Leur mode opératoire impliquait des vols dans divers l",titre+description,Negative,1,0,0,0.9133
https://africapresse.com/le-niger-quitte-la-force-multinationale-mixte-un-repositionnement-strategique-face-a-boko-haram/,Africa PresseLe Niger quitte la Force multinationale mixte : un repositionnement stratégique face à Boko Haram,20250330T230000Z,French,africapresse.com,Cameroon,2025-03-30,2025-03,Mar 2025,L'actualité africaine et internationale en continu,Africa PresseLe Niger quitte la Force multinationale mixte : un repositionnement stratégique face à Boko Haram. L'actualité africaine et internationale en continu,titre+description,Negative,1,0,0,0.9142
https://fr.allafrica.com/stories/202503300040.html,Afrique de lOuest : Le Niger se retire de la force multinationale du lac Tchad,20250330T211500Z,French,fr.allafrica.com,Nigeria,2025-03-30,2025-03,Mar 2025,"Le gouvernement nigérien a annoncé son retrait de la Force multinationale mixte (FMM), une coalition militaire régionale engagée dans la lutte contre les groupes islamistes armés dans la région du lac Tchad. L'information a été relayée dimanche par Mena Today, citant une déclaration diffusée à la télévision d'État.","Afrique de lOuest : Le Niger se retire de la force multinationale du lac Tchad. Le gouvernement nigérien a annoncé son retrait de la Force multinationale mixte (FMM), une coalition militaire régionale engagée dans la lutte contre les groupes islamistes armés dans la région du lac Tchad. L'information a été relayée dimanche par Mena Today, citant une déclaration diffusée à la télévision d'État.",titre+description,Negative,1,0,0,0.7407
https://www.premiumtimesng.com/entertainment/naija-fashion/784764-trending-aftermath-annie-macaulays-rebrand-natasha-adopts-idibia-as-surname.html,"TRENDING : Aftermath Annie Macaulay rebrand , Natasha adopts  Idibia  as surname",20250330T201500Z,English,premiumtimesng.com,Nigeria,2025-03-30,2025-03,Mar 2025,"2baba announced the end of his 12-year marriage to Annie on 27 January in a shocking Instagram post, sending social media into a frenzy.","TRENDING : Aftermath Annie Macaulay rebrand , Natasha adopts  Idibia  as surname. 2baba announced the end of his 12-year marriage to Annie on 27 January in a shocking Instagram post, sending social media into a frenzy.",titre+description,Negative,1,0,0,0.7824
https://lanouvelletribune.info/2025/03/presidentielle-de-2016-au-benin-azannai-revele-une-proposition-de-talon/,Présidentielle de 2016 au Bénin  : Azannaï révèle une proposition de Talon,20250330T194500Z,French,lanouvelletribune.info,Benin,2025-03-30,2025-03,Mar 2025,"Profitant du huitième anniversaire de sa démission du gouvernement, Candide Azannaï s'est exprimé lors d'une interview conjointe accordée à Bip Radio et Tvc Bénin. L'ancien ministre de Patrice Talon a fait une révélation surprenante : le président béninois lui aurait proposé d'être son candidat à l'","Présidentielle de 2016 au Bénin  : Azannaï révèle une proposition de Talon. Profitant du huitième anniversaire de sa démission du gouvernement, Candide Azannaï s'est exprimé lors d'une interview conjointe accordée à Bip Radio et Tvc Bénin. L'ancien ministre de Patrice Talon a fait une révélation surprenante : le président béninois lui aurait proposé d'être son candidat à l'",titre+description,Positive,0,0,1,0.6558
https://thefrontierpost.com/niger-withdraws-from-lake-chad-military-force/,Niger withdraws from Lake Chad military force,20250330T173000Z,English,thefrontierpost.com,Pakistan,2025-03-30,2025-03,Mar 2025,NIAMEY (Reuters): Niger has quit an international force fighting armed Islamist groups in West Africa's Lake Chad region as it seeks to shore up security around,Niger withdraws from Lake Chad military force. NIAMEY (Reuters): Niger has quit an international force fighting armed Islamist groups in West Africa's Lake Chad region as it seeks to shore up security around,titre+description,Negative,1,0,0,0.8701
https://www.afrik.com/l-alliance-des-etats-du-sahel-intensifie-ses-operations-militaires-au-mali,LAlliance des États du Sahel intensifie ses opérations militaires au Mali,20250330T150000Z,French,afrik.com,France,2025-03-30,2025-03,Mar 2025,,LAlliance des États du Sahel intensifie ses opérations militaires au Mali,titre seul,Positive,0,0,1,0.474
https://www.marketscreener.com/news/latest/Niger-withdraws-from-Lake-Chad-military-force-49477775/,Niger withdraws from Lake Chad military force,20250330T140000Z,English,marketscreener.com,,2025-03-30,2025-03,Mar 2025,"Niger has quit an international force fighting armed Islamist groups in West Africa's Lake Chad region as it seeks to shore up security around oil assets at home, the government said in a bulletin on...
     -March 30, 2025 at 09:11 am EDT
- MarketScreener","Niger withdraws from Lake Chad military force. Niger has quit an international force fighting armed Islamist groups in West Africa's Lake Chad region as it seeks to shore up security around oil assets at home, the government said in a bulletin on...
     -March 30, 2025 at 09:11 am EDT
- MarketScreener",titre+description,Negative,1,0,0,0.8429
https://malijet.com/actualite-sur-afrique/300822-le-niger-se-retire-de-la-force-multinationale-mixte.html,Malijet - Le Niger se retire de la Force multinationale mixte,20250330T131500Z,French,malijet.com,Mali,2025-03-30,2025-03,Mar 2025,Le Niger se retire de la Force multinationale mixte,Malijet - Le Niger se retire de la Force multinationale mixte. Le Niger se retire de la Force multinationale mixte,titre+description,Negative,1,0,0,0.4512
https://www.alwihdainfo.com/Niger-L-armee-nigerienne-se-retire-de-la-Force-Mixte-Multinationale-du-lac-Tchad-pour-securiser-ses-sites-petroliers_a139876.html,Niger : Larmée nigérienne se retire de la Force Mixte Multinationale du lac Tchad pour sécuriser ses sites pétroliers,20250330T120000Z,French,alwihdainfo.com,China,2025-03-30,2025-03,Mar 2025,"Dans un contexte de tensions sécuritaires persistantes dans la région du lac Tchad, l'armée nigérienne a annoncé, samedi 29 mars, son retrait de la Force multinationale mixte (FMM), une coalition régionale de lutte contre les groupes djihadistes.","Niger : Larmée nigérienne se retire de la Force Mixte Multinationale du lac Tchad pour sécuriser ses sites pétroliers. Dans un contexte de tensions sécuritaires persistantes dans la région du lac Tchad, l'armée nigérienne a annoncé, samedi 29 mars, son retrait de la Force multinationale mixte (FMM), une coalition régionale de lutte contre les groupes djihadistes.",titre+description,Negative,1,0,0,0.5788
https://nairametrics.com/2025/03/30/top-10-supermarket-chains-in-nigeria-by-store-count-dominating-the-retail-sector/,Top 10 supermarket chains in Nigeria by store count dominating the retail sector,20250330T113000Z,English,nairametrics.com,Nigeria,2025-03-30,2025-03,Mar 2025,"Nigeria’s retail sector is fast-growing, and over the years, a handful of retail chains have emerged as industry leaders, setting","Top 10 supermarket chains in Nigeria by store count dominating the retail sector. Nigeria’s retail sector is fast-growing, and over the years, a handful of retail chains have emerged as industry leaders, setting",titre+description,Positive,0,0,1,0.5919
https://promptnewsonline.com/at-73-president-tinubus-acts-of-compassion-in-leadership/,"At 73 , President Tinubu acts of compassion in leadership",20250330T113000Z,English,promptnewsonline.com,Nigeria,2025-03-30,2025-03,Mar 2025,"Apart from clearing all pension increases since 2007, President Tinubu's intervention also settled the shortfall in university professors' pensions.","At 73 , President Tinubu acts of compassion in leadership. Apart from clearing all pension increases since 2007, President Tinubu's intervention also settled the shortfall in university professors' pensions.",titre+description,Positive,0,0,1,0.452
https://www.universityworldnews.com/post.php?story=20250325101258813,Only 27 % of African universities implement gender policies,20250330T094500Z,English,universityworldnews.com,United States,2025-03-30,2025-03,Mar 2025,How can barriers be broken and gender equality be accelerated in African universities? Who is responsible for women’s under-representation in leader...,Only 27 % of African universities implement gender policies. How can barriers be broken and gender equality be accelerated in African universities? Who is responsible for women’s under-representation in leader...,titre+description,Negative,1,0,0,0.8345
https://www.thecable.ng/at-73-president-tinubus-acts-of-compassion-in-leadership/,"At 73 , President Tinubu acts of compassion in leadership",20250330T090000Z,English,thecable.ng,Nigeria,2025-03-30,2025-03,Mar 2025,Stay connected via Google News Empathy is a defining feature of leadership and one of the qualities a…,"At 73 , President Tinubu acts of compassion in leadership. Stay connected via Google News Empathy is a defining feature of leadership and one of the qualities a…",titre+description,Positive,0,0,1,0.6802
https://acento.com.do/cultura/bondye-una-novela-magico-religiosa-de-luesmil-castor-paniagua-9476729.html,"Bondyé , una novela mágico - religiosa de Luesmil Castor Paniagua",20250330T081500Z,Spanish,acento.com.do,Dominican Republic,2025-03-30,2025-03,Mar 2025,"El personaje central es BruÃ±Ã©. BruÃ±Ã©, es un ser raro, diminuto y feo, con poder de sanaciÃ³n y que al morir solo tenÃ­a diecisiete aÃ±os, su tumba es elegida por los habitantes del pueblo como punto de peregrinaje.","Bondyé , una novela mágico - religiosa de Luesmil Castor Paniagua. El personaje central es BruÃ±Ã©. BruÃ±Ã©, es un ser raro, diminuto y feo, con poder de sanaciÃ³n y que al morir solo tenÃ­a diecisiete aÃ±os, su tumba es elegida por los habitantes del pueblo como punto de peregrinaje.",titre+description,Negative,1,0,0,0.5948
https://fr.apanews.net/news/le-niger-se-retire-de-la-force-multinationale-mixte/,Le Niger se retire de la Force multinationale mixte,20250330T070000Z,French,fr.apanews.net,Burkina Faso,2025-03-30,2025-03,Mar 2025,,Le Niger se retire de la Force multinationale mixte,titre seul,Negative,1,0,0,0.8573
https://www.lemonde.fr/afrique/article/2025/03/30/l-armee-nigerienne-se-retire-de-la-force-antidjihadiste-du-lac-tchad_6588204_3212.html,Larmée nigérienne se retire de la force antidjihadiste du lac Tchad,20250330T030000Z,French,lemonde.fr,France,2025-03-30,2025-03,Mar 2025,,Larmée nigérienne se retire de la force antidjihadiste du lac Tchad,titre seul,Negative,1,0,0,0.7762
https://www.163.com/dy/article/JRSVKRSK05568PHC.html,上海电视最令人怀念的三位主持 ， 有的已退休 ， 有的不幸离世,20250330T021500Z,Chinese,163.com,China,2025-03-30,2025-03,Mar 2025,"上海电视最令人怀念的三位主持，有的已退休，有的不幸离世,叶惠贤,曹可凡,上海市,春晚舞台,快乐大转盘,精彩老朋友,上海电视台","上海电视最令人怀念的三位主持 ， 有的已退休 ， 有的不幸离世. 上海电视最令人怀念的三位主持，有的已退休，有的不幸离世,叶惠贤,曹可凡,上海市,春晚舞台,快乐大转盘,精彩老朋友,上海电视台",titre+description,Positive,0,0,1,0.5752
https://newtelegraphng.com/connecting-the-dots-as-artiste-crossroad-festival-2025-holds-in-lagos/,  Connecting the Dot as Artiste Crossroad Festival 2025 holds in Lagos,20250329T230000Z,English,newtelegraphng.com,,2025-03-29,2025-03,Mar 2025,‘Connecting the Dots’ as Artiste Crossroad Festival 2025 holds in Lagos,Connecting the Dot as Artiste Crossroad Festival 2025 holds in Lagos. ‘Connecting the Dots’ as Artiste Crossroad Festival 2025 holds in Lagos,titre+description,Neutral,0,1,0,0.7177
https://thenewsnigeria.com.ng/2025/03/29/at-73-president-tinubus-acts-of-compassion-in-leadership/,"At 73 , President Tinubu acts of compassion in leadership",20250329T194500Z,English,thenewsnigeria.com.ng,Nigeria,2025-03-29,2025-03,Mar 2025,,"At 73 , President Tinubu acts of compassion in leadership",titre seul,Positive,0,0,1,0.545
https://www.laprovincia.es/cultura/2025/03/29/club-lectura-casa-africa-llega-115712749.html,LITERATURA AFRICANA | El club de lectura de Casa África llega a los 100 libros,20250329T193000Z,Spanish,laprovincia.es,Spain,2025-03-29,2025-03,Mar 2025,La última obra leída ha sido 'Aquí no hay tregua' de Ama Ata Aidoo,LITERATURA AFRICANA | El club de lectura de Casa África llega a los 100 libros. La última obra leída ha sido 'Aquí no hay tregua' de Ama Ata Aidoo,titre+description,Neutral,0,1,0,0.6642
https://lanouvelletribune.info/2025/03/benin-plusieurs-officiers-des-forces-armees-distingues/,Bénin : plusieurs officiers des Forces armées distingués,20250329T193000Z,French,lanouvelletribune.info,Benin,2025-03-29,2025-03,Mar 2025,"Le vendredi 28 mars 2025, dix-neuf officiers des Forces armées béninoises ont reçu la médaille de la défense nationale, échelon argent, pour leur engagement exceptionnel dans l'opération « Mirador ». La cérémonie de distinction s'est déroulée au camp militaire Séro Kpéra de Parakou sous la présidenc","Bénin : plusieurs officiers des Forces armées distingués. Le vendredi 28 mars 2025, dix-neuf officiers des Forces armées béninoises ont reçu la médaille de la défense nationale, échelon argent, pour leur engagement exceptionnel dans l'opération « Mirador ». La cérémonie de distinction s'est déroulée au camp militaire Séro Kpéra de Parakou sous la présidenc",titre+description,Positive,0,0,1,0.8045
https://theeagleonline.com.ng/at-73-president-tinubus-acts-of-compassion-in-leadership-by-tunde-rahman/,"At 73 , President Tinubu acts of compassion in leadership , by Tunde Rahman",20250329T191500Z,English,theeagleonline.com.ng,Nigeria,2025-03-29,2025-03,Mar 2025,"It was the first time the Federal Government would commit funds to the Pension Protection Fund, a statutory provision designed to augment pensions for low-income earners.","At 73 , President Tinubu acts of compassion in leadership , by Tunde Rahman. It was the first time the Federal Government would commit funds to the Pension Protection Fund, a statutory provision designed to augment pensions for low-income earners.",titre+description,Positive,0,0,1,0.414
http://www.rnanews.com/le-togo-redynamise-son-partenariat-avec-le-rwanda/,Le Togo redynamise son partenariat avec le Rwanda,20250329T190000Z,French,rnanews.com,Rwanda,2025-03-29,2025-03,Mar 2025,"L’ambassadrice Rosemary Mbabazi (à gauche) reçue par le chef de l’Etat togolais Rosemary Mbabazi, ambassadrice du Rwanda au Togo, a présenté ses lettres de créance au Président togolais Faure…","Le Togo redynamise son partenariat avec le Rwanda. L’ambassadrice Rosemary Mbabazi (à gauche) reçue par le chef de l’Etat togolais Rosemary Mbabazi, ambassadrice du Rwanda au Togo, a présenté ses lettres de créance au Président togolais Faure…",titre+description,Positive,0,0,1,0.6371
https://thesun.ng/okpebholo-hails-tinubu-as-father-of-modern-nigeria/,Okpebholo hails Tinubu as Father of Modern Nigeria,20250329T174500Z,English,thesun.ng,,2025-03-29,2025-03,Mar 2025,"Edo State Governor Monday Okpebholo has, on behalf of the government and the good people of the state, extended warm and heartfelt birthday wishes to His Excellency, President Bola Ahmed Tinubu, on the occasion of his birthday.","Okpebholo hails Tinubu as Father of Modern Nigeria. Edo State Governor Monday Okpebholo has, on behalf of the government and the good people of the state, extended warm and heartfelt birthday wishes to His Excellency, President Bola Ahmed Tinubu, on the occasion of his birthday.",titre+description,Positive,0,0,1,0.684
https://www.leprogres.fr/culture-loisirs/2025/03/29/festival-no-logo-92-artistes-attendus-pour-la-derniere-a-fraisans,Jura . Festival No Logo  : 92 artistes attendus pour la dernière à Fraisans,20250329T163000Z,French,leprogres.fr,France,2025-03-29,2025-03,Mar 2025,"Le festival reggae dub qui « appartient à ses festivaliers », revient avec une douzième édition, la dernière à Fraisans. Il continue à cette ...","Jura . Festival No Logo  : 92 artistes attendus pour la dernière à Fraisans. Le festival reggae dub qui « appartient à ses festivaliers », revient avec une douzième édition, la dernière à Fraisans. Il continue à cette ...",titre+description,Positive,0,0,1,0.7582
https://www.gouv.bj:443/article/3037/jeu-concours-grand-prix-litteraire-benin-laureats-edition-devoiles-dynamique-valorisation-talents-rayonnement-culturel-maintenue-/,Jeu - concours Grand Prix Littéraire du Bénin : Les lauréats de la 6è édition dévoilés ( La dynamique de valorisation des talents et de rayonnement culturel maintenue ) ,20250329T154500Z,French,gouv.bj,Benin,2025-03-29,2025-03,Mar 2025,,Jeu - concours Grand Prix Littéraire du Bénin : Les lauréats de la 6è édition dévoilés ( La dynamique de valorisation des talents et de rayonnement culturel maintenue ),titre seul,Neutral,0,1,0,0.4828
https://www.gouv.bj/article/3037/jeu-concours-grand-prix-litteraire-benin-laureats-edition-devoiles-dynamique-valorisation-talents-rayonnement-culturel-maintenue-/,Jeu - concours Grand Prix Littéraire du Bénin : Les lauréats de la 6è édition dévoilés ( La dynamique de valorisation des talents et de rayonnement culturel maintenue ) ,20250329T154500Z,French,gouv.bj,Benin,2025-03-29,2025-03,Mar 2025,,Jeu - concours Grand Prix Littéraire du Bénin : Les lauréats de la 6è édition dévoilés ( La dynamique de valorisation des talents et de rayonnement culturel maintenue ),titre seul,Neutral,0,1,0,0.4828
https://nairametrics.com/2025/03/29/expert-warns-tinubu-against-repeating-buharis-mistake-of-border-closure-in-nigeria/,Expert warns Tinubu against repeating Buhari mistake of border closure in Nigeria,20250329T151500Z,English,nairametrics.com,Nigeria,2025-03-29,2025-03,Mar 2025,"Destination for Business news, financial literacy, economy, and analysis from Africa's largest economy and Nigeria news.","Expert warns Tinubu against repeating Buhari mistake of border closure in Nigeria. Destination for Business news, financial literacy, economy, and analysis from Africa's largest economy and Nigeria news.",titre+description,Negative,1,0,0,0.5293
https://www.senenews.com/actualites/confessions-touchantes-de-reaulf-fleming-militant-engage-contre-le-sida-quand-la-maladie-a-touche-un-membre-de-ma-famille_534114.html,"Confessions touchantes de Réaulf Fleming , militant engagé contre le SIDA :  Quand la maladie a touché un membre de ma famille  ",20250329T151500Z,French,senenews.com,Senegal,2025-03-29,2025-03,Mar 2025,,"Confessions touchantes de Réaulf Fleming , militant engagé contre le SIDA :  Quand la maladie a touché un membre de ma famille",titre seul,Negative,1,0,0,0.8462
https://www.yahoo.com/news/partial-solar-eclipse-2025-see-100641406.html,Partial solar eclipse 2025 : How and when to see it in united kingdom skies,20250329T111500Z,English,yahoo.com,United States,2025-03-29,2025-03,Mar 2025,A partial eclipse will turn the Sun into a crescent this Saturday as the Moon moves in front of it.,Partial solar eclipse 2025 : How and when to see it in united kingdom skies. A partial eclipse will turn the Sun into a crescent this Saturday as the Moon moves in front of it.,titre+description,Neutral,0,1,0,0.5535
https://leadership.ng/2026-wcq-fifa-may-still-hand-south-africa-points-deduction/,2026 WCQ : FIFA May Still Hand South Africa Points Deduction,20250329T111500Z,English,leadership.ng,Nigeria,2025-03-29,2025-03,Mar 2025,,2026 WCQ : FIFA May Still Hand South Africa Points Deduction,titre seul,Neutral,0,1,0,0.7492
https://thenewsnigeria.com.ng/2025/03/29/flashback-tinubus-birthday-my-rugged-beginnings-life-in-us-war-against-military/,"Flashback / Tinubu birthday : My rugged beginnings , life in US , war against military",20250329T110000Z,English,thenewsnigeria.com.ng,Nigeria,2025-03-29,2025-03,Mar 2025,,"Flashback / Tinubu birthday : My rugged beginnings , life in US , war against military",titre seul,Neutral,0,1,0,0.4583
https://www.ghanaweb.com/GhanaHomePage/NewsArchive/Know-the-origin-rich-history-and-cultural-significance-of-Agbadza-1977741,"Know the origin , rich history and cultural significance of Agbadza",20250329T104500Z,English,ghanaweb.com,Ghana,2025-03-29,2025-03,Mar 2025,,"Know the origin , rich history and cultural significance of Agbadza",titre seul,Neutral,0,1,0,0.4963
https://www.lanouvellerepublique.fr/chateauroux/la-berrichonne-battue-a-paris-une-defense-indefendable-1743238810,La Berrichonne battue à Paris : une défense indéfendable,20250329T101500Z,French,lanouvellerepublique.fr,France,2025-03-29,2025-03,Mar 2025,"Dans une œuvre collective ratée, la défense de la Berrichonne s’est montrée tout particulièrement friable lors de la défaite à Paris 13 vendredi soir (3-2)...","La Berrichonne battue à Paris : une défense indéfendable. Dans une œuvre collective ratée, la défense de la Berrichonne s’est montrée tout particulièrement friable lors de la défaite à Paris 13 vendredi soir (3-2)...",titre+description,Negative,1,0,0,0.6023
https://www.informationng.com/2025/03/brotherly-dispute-turns-deadly-as-man-kills-sibling-in-edo.html,Brotherly Dispute Turns Deadly As Man Kills Sibling In Edo,20250329T093000Z,English,informationng.com,Nigeria,2025-03-29,2025-03,Mar 2025,"The Edo State Police Command has arrested one Iyayi Omokaro for allegedly hacking his brother, Friday Omokaro, to death after a disagreement on Tuesday.","Brotherly Dispute Turns Deadly As Man Kills Sibling In Edo. The Edo State Police Command has arrested one Iyayi Omokaro for allegedly hacking his brother, Friday Omokaro, to death after a disagreement on Tuesday.",titre+description,Negative,1,0,0,0.8791
https://www.lne.es/siero/2025/03/29/lugones-rinde-manuel-alberto-aragon-115815848.html,"Lugones se rinde a Manuel Alberto Aragón ,  el guaje de la calle La Ciega  ",20250329T091500Z,Spanish,lne.es,Spain,2025-03-29,2025-03,Mar 2025,"El jefe de la Comisaría de la Policía Nacional en Siero recoge con una gran ovación el galardón 'Pueblo de Lugones', otorgado por la Agrupación Folclórica 'La Sidrina'","Lugones se rinde a Manuel Alberto Aragón ,  el guaje de la calle La Ciega. El jefe de la Comisaría de la Policía Nacional en Siero recoge con una gran ovación el galardón 'Pueblo de Lugones', otorgado por la Agrupación Folclórica 'La Sidrina'",titre+description,Positive,0,0,1,0.4809
https://punchng.com/edo-south-constituents-begin-recall-of-senator-imasuen-allege-corruption/,"Edo South constituents begin recall of Senator Imasuen , allege corruption",20250329T091500Z,English,punchng.com,Nigeria,2025-03-29,2025-03,Mar 2025,"The constituents of Edo South Senatorial District and the Human Rights Community, on Friday, said they have lost confidence in the Senator representing the Area, Senator Neda Imasuen, over alleged failure, corruption, abuse of office and betrayal of public trust.","Edo South constituents begin recall of Senator Imasuen , allege corruption. The constituents of Edo South Senatorial District and the Human Rights Community, on Friday, said they have lost confidence in the Senator representing the Area, Senator Neda Imasuen, over alleged failure, corruption, abuse of office and betrayal of public trust.",titre+description,Negative,1,0,0,0.9067
https://www.larazon.es/internacional/conflictos-africa-mali-niger-burkina-faso_2025032967e7aae68ba0d3000105ff71.html,"Los conflictos en África ( II ): Mali , Níger y Burkina Faso",20250329T090000Z,Spanish,larazon.es,Spain,2025-03-29,2025-03,Mar 2025,El continente africano vive hoy el mayor número de conflictos ocurridos al mismo tiempo,"Los conflictos en África ( II ): Mali , Níger y Burkina Faso. El continente africano vive hoy el mayor número de conflictos ocurridos al mismo tiempo",titre+description,Negative,1,0,0,0.5779
https://www.express.co.uk/news/world/2033893/incredible-map-africa-languages-spoken-countries,Map of Africa reveals the most spoken language in each country | World | News,20250329T090000Z,English,express.co.uk,United Kingdom,2025-03-29,2025-03,Mar 2025,,Map of Africa reveals the most spoken language in each country | World | News,titre seul,Neutral,0,1,0,0.7779
https://www.bellanaija.com/2025/03/nollywood-hopes-to-gain-from-series-mania/,What Nollywood Hopes to Gain from Series Mania,20250329T090000Z,English,bellanaija.com,Nigeria,2025-03-29,2025-03,Mar 2025,"Last week, following the release of the Africa Magic Viewers’ Choice Awards (AMVCA) nominations, arguably the biggest movie award on the African - Ahmad Adedimeji Amobi. May 10, 2026","What Nollywood Hopes to Gain from Series Mania. Last week, following the release of the Africa Magic Viewers’ Choice Awards (AMVCA) nominations, arguably the biggest movie award on the African - Ahmad Adedimeji Amobi. May 10, 2026",titre+description,Positive,0,0,1,0.5666
https://dailypost.ng/2025/03/29/edo-mayhem-police-confirm-7-deaths-arrest-of-14-suspects/,"Edo mayhem : Police confirm 7 deaths , arrest of 14 suspects",20250329T081500Z,English,dailypost.ng,Nigeria,2025-03-29,2025-03,Mar 2025,"Edo State Police Command, on Friday, said 14 suspects have been arrested in connection with the killing of seven suspected kidnappers in Uromi, Esan","Edo mayhem : Police confirm 7 deaths , arrest of 14 suspects. Edo State Police Command, on Friday, said 14 suspects have been arrested in connection with the killing of seven suspected kidnappers in Uromi, Esan",titre+description,Negative,1,0,0,0.6133
https://www.thisdaylive.com/index.php/2025/03/29/efcc-achimugus-investigation-has-nothing-to-do-with-atiku-sanwo-olu/,"EFCC : Achimugu Investigation Has Nothing to Do with Atiku , Sanwo - Olu – THISDAYLIVE",20250329T081500Z,English,thisdaylive.com,Nigeria,2025-03-29,2025-03,Mar 2025,,"EFCC : Achimugu Investigation Has Nothing to Do with Atiku , Sanwo - Olu – THISDAYLIVE",titre seul,Neutral,0,1,0,0.6881
https://fr.allafrica.com/stories/202503290001.html,Afrique : Revue de presse de lAfrique Francophone du 29 mars 2025,20250329T071500Z,French,fr.allafrica.com,Nigeria,2025-03-29,2025-03,Mar 2025,Revue De Presse - Afrodad 2025 - La création d'institutions régionales plus solides au centre des débats,Afrique : Revue de presse de lAfrique Francophone du 29 mars 2025. Revue De Presse - Afrodad 2025 - La création d'institutions régionales plus solides au centre des débats,titre+description,Positive,0,0,1,0.6496
https://thesun.ng/how-ive-coped-with-life-business-since-my-husband-died-victoria-ekhomu-ceo-transworld-security/,"How Ive coped with life , business since my husband died – Victoria Ekhomu , CEO , Transworld Security – The Sun Nigeria",20250329T071500Z,English,thesun.ng,,2025-03-29,2025-03,Mar 2025,"Dr Victoria Omonigho Ekhomu is the Group Managing Director/CEO of Transworld Security. A physical security and counter-terrorist expert, she is also a security consultant. Dr Ekhomu holds a Master’s degree in Public Administration from the University of Pittsburgh USA (1986) and a BA from the University of Lagos. She belongs to several professional associations and […]","How Ive coped with life , business since my husband died – Victoria Ekhomu , CEO , Transworld Security – The Sun Nigeria. Dr Victoria Omonigho Ekhomu is the Group Managing Director/CEO of Transworld Security. A physical security and counter-terrorist expert, she is also a security consultant. Dr Ekhomu holds a Master’s degree in Public Administration from the University of Pittsburgh USA (1986) and a BA from the University of Lagos. She belongs to several professional associations and […]",titre+description,Neutral,0,1,0,0.6216
https://punchng.com/efcc-declares-bizwoman-aisha-achimugu-wanted-after-rejecting-invitation/,"EFCC declares bizwoman , Aisha Achimugu wanted after rejecting invitation",20250329T050000Z,English,punchng.com,Nigeria,2025-03-29,2025-03,Mar 2025,"A businesswoman and socialite, Aisha Achimugu, has been declared wanted by the Economic and Financial Crimes Commission.","EFCC declares bizwoman , Aisha Achimugu wanted after rejecting invitation. A businesswoman and socialite, Aisha Achimugu, has been declared wanted by the Economic and Financial Crimes Commission.",titre+description,Negative,1,0,0,0.4825
http://www.lankamission.org/index.php/human-rights/2192-sri-lanka-to-be-reviewed-at-the-28th-session-of-the-universal-periodic-review-working-group-on-15-november-2017.html,Sri Lanka to be reviewed at the 28th Session of the Universal Periodic Review Working Group on 15 November 2017 - Permanent Mission of Sri Lanka to the UN Geneva Switzerland,20250329T044500Z,English,lankamission.org,Sri Lanka,2025-03-29,2025-03,Mar 2025,,Sri Lanka to be reviewed at the 28th Session of the Universal Periodic Review Working Group on 15 November 2017 - Permanent Mission of Sri Lanka to the UN Geneva Switzerland,titre seul,Neutral,0,1,0,0.9051
http://french.china.org.cn/foreign/txt/2025-03/29/content_117794436.htm,Un enseignant béninois nommé  ambassadeur de la promotion sino - béninoise du chinois  ,20250329T041500Z,French,french.china.org.cn,China,2025-03-29,2025-03,Mar 2025,,Un enseignant béninois nommé  ambassadeur de la promotion sino - béninoise du chinois,titre seul,Neutral,0,1,0,0.5164
https://thestreetjournal.org/efcc-officials-storm-fleeing-aisha-achimugus-abuja-residence-for-a-search-amidst-money-laundering-probe/,EFCC officials storm fleeing Aisha Achimugu Abuja residence for a search amidst money laundering probe,20250329T033000Z,English,thestreetjournal.org,Nigeria,2025-03-29,2025-03,Mar 2025,,EFCC officials storm fleeing Aisha Achimugu Abuja residence for a search amidst money laundering probe,titre seul,Negative,1,0,0,0.7256
https://www.maliweb.net/police/direction-generale-de-la-police-nationale-le-controleur-general-seydou-diarra-le-commandant-en-second-3101180.html,"maliweb . net - Direction générale de la police nationale : Le Contrôleur général Seydou Diarra , le commandant en second",20250329T033000Z,French,maliweb.net,Mali,2025-03-29,2025-03,Mar 2025,,"maliweb . net - Direction générale de la police nationale : Le Contrôleur général Seydou Diarra , le commandant en second",titre seul,Neutral,0,1,0,0.631
https://afriquinfos.com/presidentielle-ivoirienne-2025-temps-de-careme-au-togo-des-eveques-sadressent-avec-foi-a-leurs-fideles/,"Présidentielle ivoirienne 2025 , temps de Carême au Togo : Des évêques sadressent avec foi à leurs fidèles",20250329T020000Z,French,afriquinfos.com,Morocco,2025-03-29,2025-03,Mar 2025,,"Présidentielle ivoirienne 2025 , temps de Carême au Togo : Des évêques sadressent avec foi à leurs fidèles",titre seul,Positive,0,0,1,0.687
https://punchng.com/edo-man-hacks-brother-to-death/,Edo man hacks brother to death,20250329T014500Z,English,punchng.com,Nigeria,2025-03-29,2025-03,Mar 2025,"Operatives of the Nigeria Police Force, Edo State Command, have arrested one Iyayi Omokaro for allegedly hacking his brother, Friday Omokaro, to death following a disagreement on Tuesday.","Edo man hacks brother to death. Operatives of the Nigeria Police Force, Edo State Command, have arrested one Iyayi Omokaro for allegedly hacking his brother, Friday Omokaro, to death following a disagreement on Tuesday.",titre+description,Negative,1,0,0,0.8294
http://www.24haubenin.info/?Lancement-d-une-campagne-de-vaccination-pour-proteger-249-120-bovins,Lancement dune campagne de vaccination pour protéger 249 120 bovins,20250329T014500Z,French,24haubenin.info,Benin,2025-03-29,2025-03,Mar 2025,,Lancement dune campagne de vaccination pour protéger 249 120 bovins,titre seul,Positive,0,0,1,0.5684
https://www.premiumtimesng.com/news/top-news/784397-efcc-operatives-raid-fleeing-aisha-achimugus-abuja-home.html,EFCC operatives raid fleeing Aisha Achimugu Abuja home,20250329T013000Z,English,premiumtimesng.com,Nigeria,2025-03-29,2025-03,Mar 2025,"The EFCC operatives, who arrived at the embattled socialite’s home at about 9 p.m. for a search Friday.","EFCC operatives raid fleeing Aisha Achimugu Abuja home. The EFCC operatives, who arrived at the embattled socialite’s home at about 9 p.m. for a search Friday.",titre+description,Neutral,0,1,0,0.4949
http://french.china.org.cn/foreign/txt/2025-03/29/content_117794233.htm,Le Béninois Fousseni Tanko Bana - Korodji remporte la 6e édition du Concours  Grand Prix littéraire du Bénin  ,20250328T231500Z,French,french.china.org.cn,China,2025-03-28,2025-03,Mar 2025,,Le Béninois Fousseni Tanko Bana - Korodji remporte la 6e édition du Concours  Grand Prix littéraire du Bénin,titre seul,Positive,0,0,1,0.7642
https://www.pulse.ng/articles/news/police-arrest-14-suspects-for-gruesome-killing-of-16-travellers-in-edo-2025032820083647777,Police arrest 14 suspects for gruesome killing of 16 travellers in Edo,20250328T231500Z,English,pulse.ng,Nigeria,2025-03-28,2025-03,Mar 2025,Yamu stated that the command was dedicated to ensuring justice for the victims and that no stone would be left unturned in the ongoing investigation. Read more.,Police arrest 14 suspects for gruesome killing of 16 travellers in Edo. Yamu stated that the command was dedicated to ensuring justice for the victims and that no stone would be left unturned in the ongoing investigation. Read more.,titre+description,Negative,1,0,0,0.846
https://www.legit.ng/nigeria/1647552-list-countries-number-suspects-arrested-by-interpol/,List : Countries and the Number of Suspects Arrested by Interpol,20250328T221500Z,English,legit.ng,,2025-03-28,2025-03,Mar 2025,"Interpol arrests 306 cybercrime suspects across Africa, with Nigeria leading. Seized devices, properties, and funds highlight major fraud crackdown.","List : Countries and the Number of Suspects Arrested by Interpol. Interpol arrests 306 cybercrime suspects across Africa, with Nigeria leading. Seized devices, properties, and funds highlight major fraud crackdown.",titre+description,Negative,1,0,0,0.8224
https://nairametrics.com/2025/03/28/uniben-partners-raw-materials-research-agency-to-support-manufacturing-industries-with-research/,UNIBEN partners Raw Materials Research agency to support manufacturing industries with research,20250328T221500Z,English,nairametrics.com,Nigeria,2025-03-28,2025-03,Mar 2025,The University of Benin (UNIBEN) has announced a strategic partnership with the Raw Materials Research and Development Council (RMRDC) to,UNIBEN partners Raw Materials Research agency to support manufacturing industries with research. The University of Benin (UNIBEN) has announced a strategic partnership with the Raw Materials Research and Development Council (RMRDC) to,titre+description,Positive,0,0,1,0.6226
https://www.afar.com/hotels/women-shaping-the-future-of-hotels,6 Women Changing the Future of Hotels,20250328T221500Z,English,afar.com,United States,2025-03-28,2025-03,Mar 2025,"These six women leaders are reshaping hospitality in exciting companies including 
Kempinski Hotels, Sofitel Hotels & Resorts, and Salamander Collection.","6 Women Changing the Future of Hotels. These six women leaders are reshaping hospitality in exciting companies including 
Kempinski Hotels, Sofitel Hotels & Resorts, and Salamander Collection.",titre+description,Positive,0,0,1,0.7536
https://punchng.com/police-arrest-14-over-edo-travellers-killing/,Police arrest 14 over Edo traveller killing,20250328T221500Z,English,punchng.com,Nigeria,2025-03-28,2025-03,Mar 2025,The Edo State Police Command has arrested 14 suspects in connection with the brutal killing of 16 travellers and the torching of their truck in Udune Efandion.,Police arrest 14 over Edo traveller killing. The Edo State Police Command has arrested 14 suspects in connection with the brutal killing of 16 travellers and the torching of their truck in Udune Efandion.,titre+description,Negative,1,0,0,0.7927
https://www.kcrw.com/culture/shows/good-food/sacred-meals-ghana-absinthe-prop-65-cia-dining-room/ghana-world-cookbook-eric-adjepong,"For Eric Adjepong , sharing recipes from Ghana connects his cultural identity to his culinary journey",20250328T220000Z,English,kcrw.com,United States,2025-03-28,2025-03,Mar 2025,,"For Eric Adjepong , sharing recipes from Ghana connects his cultural identity to his culinary journey",titre seul,Positive,0,0,1,0.5672
https://www.gouv.bj/article/3036/sante-animale-premiere-edition-campagne-vaccination-contre-fievre-aphteuse-dermatose-nodulaire-contagieuse-bovine-lancee/,Santé animale : La première édition de la campagne de vaccination contre la fièvre aphteuse et la dermatose nodulaire contagieuse bovine lancée,20250328T211500Z,French,gouv.bj,Benin,2025-03-28,2025-03,Mar 2025,,Santé animale : La première édition de la campagne de vaccination contre la fièvre aphteuse et la dermatose nodulaire contagieuse bovine lancée,titre seul,Negative,1,0,0,0.6395
https://safa.net/2025/03/28/safa-postpones-nec-meeting-to-afford-full-support-to-the-programmes-of-the-national-teams/,SAFA postpones NEC Meeting to afford full support to the programmes of the national teams,20250328T204500Z,English,safa.net,South Africa,2025-03-28,2025-03,Mar 2025,28 March 2025 – The South African Football Association (SAFA) has decided to postpone the NEC Meeting that was to be held this weekend to afford full support to the programmes of the national teams. An unprecedented number of national teams have been in camp in the last few weeks as we saw Bafana Bafana,SAFA postpones NEC Meeting to afford full support to the programmes of the national teams. 28 March 2025 – The South African Football Association (SAFA) has decided to postpone the NEC Meeting that was to be held this weekend to afford full support to the programmes of the national teams. An unprecedented number of national teams have been in camp in the last few weeks as we saw Bafana Bafana,titre+description,Neutral,0,1,0,0.5629
https://www.bellanaija.com/2025/03/charbel-coffi-debut-lagos/,"Charbel Coffi Debuts in Lagos with Identité Révélée , Showcasing 12 Works Across 4 Exhibitions",20250328T200000Z,English,bellanaija.com,Nigeria,2025-03-28,2025-03,Mar 2025,"Written by Godson Ukaegbu - BellaNaija.com. May 10, 2026","Charbel Coffi Debuts in Lagos with Identité Révélée , Showcasing 12 Works Across 4 Exhibitions. Written by Godson Ukaegbu - BellaNaija.com. May 10, 2026",titre+description,Neutral,0,1,0,0.748
https://www.thecable.ng/national-triple-jump-champion-gets-three-year-ban-for-doping-violation/,National triple - jump champion gets three - year ban for doping violation,20250328T200000Z,English,thecable.ng,Nigeria,2025-03-28,2025-03,Mar 2025,"The Athletic Integrity Unit (AIU) has handed Goodness Iredia, a Nigerian triple-jumper, a three-year ban for failing a doping test","National triple - jump champion gets three - year ban for doping violation. The Athletic Integrity Unit (AIU) has handed Goodness Iredia, a Nigerian triple-jumper, a three-year ban for failing a doping test",titre+description,Negative,1,0,0,0.8552
https://pidgin.informationng.com/?p=30545,Wetin we know about di killing of Cameroon Sojas for Nigeria,20250328T190000Z,English,pidgin.informationng.com,Nigeria,2025-03-28,2025-03,Mar 2025,"Getty Images
        
      Cameroon army don confam di killing of 12 of dia sojas for Wulgo, northeastern Nigeria, for one attack by ""jihadist terrorists"".Dem say many odas wunjure for dis sad incident.For inside statement on Wednesday, Army tok-tok pesin Cyrille Serge Atonfack say heavily armed in","Wetin we know about di killing of Cameroon Sojas for Nigeria. Getty Images
        
      Cameroon army don confam di killing of 12 of dia sojas for Wulgo, northeastern Nigeria, for one attack by ""jihadist terrorists"".Dem say many odas wunjure for dis sad incident.For inside statement on Wednesday, Army tok-tok pesin Cyrille Serge Atonfack say heavily armed in",titre+description,Negative,1,0,0,0.7618
https://www.informationng.com/2025/03/efcc-declares-businesswoman-aisha-achimugu-wanted-over-alleged-money-laundering.html,EFCC Declares Businesswoman Aisha Achimugu Wanted Over Alleged Money Laundering,20250328T190000Z,English,informationng.com,Nigeria,2025-03-28,2025-03,Mar 2025,The Economic and Financial Crimes Commission has issued a wanted notice for businesswoman and socialite Aisha Achimugu.,EFCC Declares Businesswoman Aisha Achimugu Wanted Over Alleged Money Laundering. The Economic and Financial Crimes Commission has issued a wanted notice for businesswoman and socialite Aisha Achimugu.,titre+description,Negative,1,0,0,0.628
https://ictlogy.net/bibliography/reports/projects.php?idp=4844,"ICTlogy » ICT4D Bibliography » Work » Global Information Society Watch 2019 . Artificial Intelligence : Human Rights , Social Justice and Development",20250328T183000Z,English,ictlogy.net,Spain,2025-03-28,2025-03,Mar 2025,"Research on the Information Society, the Digital Divide and Information and Communication Technologies for development","ICTlogy » ICT4D Bibliography » Work » Global Information Society Watch 2019 . Artificial Intelligence : Human Rights , Social Justice and Development. Research on the Information Society, the Digital Divide and Information and Communication Technologies for development",titre+description,Neutral,0,1,0,0.8348
https://afriqueitnews.com/tech-media/cartes-sim-non-identifiees-suspension-31-mars-senegalais-approuvent/,"Cartes SIM non identifiées : suspension dès le 31 mars , les Sénégalais approuvent",20250328T180000Z,French,afriqueitnews.com,Senegal,2025-03-28,2025-03,Mar 2025,,"Cartes SIM non identifiées : suspension dès le 31 mars , les Sénégalais approuvent",titre seul,Negative,1,0,0,0.6819
https://afriqueitnews.com/tech-media/internet-benin-senegal-explosent-scores-afrique/,Internet : le Bénin et le Sénégal explosent les scores en Afrique,20250328T180000Z,French,afriqueitnews.com,Senegal,2025-03-28,2025-03,Mar 2025,,Internet : le Bénin et le Sénégal explosent les scores en Afrique,titre seul,Negative,1,0,0,0.4452
https://afriqueitnews.com/tech-media/protection-donnees-apdp-cipb-unissent-forces-secteur-prive-beninois/,Protection des données : lAPDP et le CIPB unissent leurs forces pour le secteur privé béninois,20250328T180000Z,French,afriqueitnews.com,Senegal,2025-03-28,2025-03,Mar 2025,,Protection des données : lAPDP et le CIPB unissent leurs forces pour le secteur privé béninois,titre seul,Positive,0,0,1,0.7239
https://afriqueitnews.com/tech-media/vague-innovation-deferle-cote-divoire-jumia/,Une vague dinnovation déferle sur la Côte dIvoire avec Jumia,20250328T180000Z,French,afriqueitnews.com,Senegal,2025-03-28,2025-03,Mar 2025,,Une vague dinnovation déferle sur la Côte dIvoire avec Jumia,titre seul,Positive,0,0,1,0.8531
https://www.devdiscourse.com/article/other/3321964-world-banks-plan-to-boost-africas-blue-economy-and-restore-coastal-biodiversity,World Bank Plan to Boost Africa Blue Economy and Restore Coastal Biodiversity,20250328T174500Z,English,devdiscourse.com,China,2025-03-28,2025-03,Mar 2025,"The World Bank’s Blue Economy brief urges urgent action to protect Africa’s coastal and marine ecosystems, which are vital for jobs, food security, and climate resilience. It outlines innovative, data-driven solutions and investments to combat overfishing, habitat loss, and climate threats.","World Bank Plan to Boost Africa Blue Economy and Restore Coastal Biodiversity. The World Bank’s Blue Economy brief urges urgent action to protect Africa’s coastal and marine ecosystems, which are vital for jobs, food security, and climate resilience. It outlines innovative, data-driven solutions and investments to combat overfishing, habitat loss, and climate threats.",titre+description,Positive,0,0,1,0.4491
https://g1.globo.com/mg/minas-gerais/noticia/2025/03/28/trabalho-inteligencia-artificial-abre-14o-festival-de-fotografia-de-tiradentes.ghtml,Trabalho criado com inteligência artificial abre 14º Festival de Fotografia de Tiradentes,20250328T170000Z,Portuguese,g1.globo.com,Brazil,2025-03-28,2025-03,Mar 2025,"“Barbaras”, da artista visual Claudia Jaguaribe, resgata a memória de mulheres que lutaram pela construção da sociedade contemporânea. Palestra abriu as atividades reflexivas do festival ""Foto em Pauta"", em Tiradentes, que começou nesta quarta (26) e vai até domingo (30).","Trabalho criado com inteligência artificial abre 14º Festival de Fotografia de Tiradentes. “Barbaras”, da artista visual Claudia Jaguaribe, resgata a memória de mulheres que lutaram pela construção da sociedade contemporânea. Palestra abriu as atividades reflexivas do festival ""Foto em Pauta"", em Tiradentes, que começou nesta quarta (26) e vai até domingo (30).",titre+description,Positive,0,0,1,0.5005
https://fr.sputniknews.africa/20250328/le-benin-se-dotera-dun-complexe-hotelier-de-luxe-1071325279.html,Le Bénin se dotera dun complexe hôtelier de luxe,20250328T170000Z,French,fr.sputniknews.africa,,2025-03-28,2025-03,Mar 2025,"Le gouvernement a donné son aval au projet de réaménagement d'un resort urbain et balnéaire à Grand-Popo, ville côtière du sud-ouest du pays. 28.03.2025, Sputnik Afrique","Le Bénin se dotera dun complexe hôtelier de luxe. Le gouvernement a donné son aval au projet de réaménagement d'un resort urbain et balnéaire à Grand-Popo, ville côtière du sud-ouest du pays. 28.03.2025, Sputnik Afrique",titre+description,Positive,0,0,1,0.7601
https://www.newswiretoday.com/news/183693/Group-IB-Contributes-to-INTERPOLs-Operation-Red-Card-Resulting-in-the-Arrest-of-more-than-300-Suspects-Involved-in-Scams-in-Africa/,Newswire & Press Release / Group - IB Contributes to INTERPOL  Operation Red Card  Resulting in the Arrest of more than 300 Suspects Involved ... - IT Security / Anti - Spam / Cybersecurity - Group - IB,20250328T161500Z,English,newswiretoday.com,United States,2025-03-28,2025-03,Mar 2025,,Newswire & Press Release / Group - IB Contributes to INTERPOL  Operation Red Card  Resulting in the Arrest of more than 300 Suspects Involved ... - IT Security / Anti - Spam / Cybersecurity - Group - IB,titre seul,Negative,1,0,0,0.6006
https://www.newswiretoday.com/news/183693/,Newswire & Press Release / Group - IB Contributes to INTERPOL  Operation Red Card  Resulting in the Arrest of more than 300 Suspects Involved ... - IT Security / Anti - Spam / Cybersecurity - Group - IB,20250328T161500Z,English,newswiretoday.com,United States,2025-03-28,2025-03,Mar 2025,,Newswire & Press Release / Group - IB Contributes to INTERPOL  Operation Red Card  Resulting in the Arrest of more than 300 Suspects Involved ... - IT Security / Anti - Spam / Cybersecurity - Group - IB,titre seul,Negative,1,0,0,0.6006
https://lanouvelletribune.info/2025/03/benin-apres-la-gdiz-nicephore-soglo-valide-la-cite-nouvelle-de-ouedo/,"Bénin : Après la Gdiz , Nicéphore Soglo valide la cité nouvelle de Ouèdo",20250328T160000Z,French,lanouvelletribune.info,Benin,2025-03-28,2025-03,Mar 2025,"L’ancien président du Bénin, Nicéphore Dieudonné Soglo, a effectué une visite à la cité nouvelle de Ouèdo ce mercredi 26 mars 2025. Malgré ses critiques envers le régime de Patrice Talon, il a une fois de plus exprimé son admiration pour certaines réalisations du gouvernement en place.







Accomp","Bénin : Après la Gdiz , Nicéphore Soglo valide la cité nouvelle de Ouèdo. L’ancien président du Bénin, Nicéphore Dieudonné Soglo, a effectué une visite à la cité nouvelle de Ouèdo ce mercredi 26 mars 2025. Malgré ses critiques envers le régime de Patrice Talon, il a une fois de plus exprimé son admiration pour certaines réalisations du gouvernement en place.







Accomp",titre+description,Positive,0,0,1,0.7377
https://theeagleonline.com.ng/alleged-money-laundering-efcc-declares-socialite-aisha-achimugu-wanted/,Alleged money laundering : EFCC declares socialite Aisha Achimugu wanted,20250328T160000Z,English,theeagleonline.com.ng,Nigeria,2025-03-28,2025-03,Mar 2025,A document revealed to the public has confirmed that the Abuja-based socialite is under investigation by the EFCC for alleged money laundering and a high-profile investment scam.,Alleged money laundering : EFCC declares socialite Aisha Achimugu wanted. A document revealed to the public has confirmed that the Abuja-based socialite is under investigation by the EFCC for alleged money laundering and a high-profile investment scam.,titre+description,Negative,1,0,0,0.7582
http://www.la-flamme.org/index.php/bibliotheque-du-pcb/1445-analyses-critiques-de-l-app-sur-la-loi-portant-cadre-juridique-de-la-chefferie-traditionnelle-en-republique-du-benin,ANALYSES CRITIQUES DE LAPP SUR LA LOI PORTANT CADRE JURIDIQUE DE LA CHEFFERIE TRADITIONNELLE EN REPUBLIQUE DU BENIN . ,20250328T153000Z,French,la-flamme.org,Benin,2025-03-28,2025-03,Mar 2025,Nouvelle version joomla 3.4.3 du site la-flamme.org,ANALYSES CRITIQUES DE LAPP SUR LA LOI PORTANT CADRE JURIDIQUE DE LA CHEFFERIE TRADITIONNELLE EN REPUBLIQUE DU BENIN .. Nouvelle version joomla 3.4.3 du site la-flamme.org,titre+description,Negative,1,0,0,0.544
https://lapresse.tn/2025/03/28/lesperance-de-tunis-se-prepare-pour-son-deplacement-en-afrique-du-sud-focus-sur-les-joueurs-et-larbitrage/,Lespérance de Tunis se prépare pour son déplacement en Afrique du Sud : focus sur les joueurs et larbitrage,20250328T144500Z,French,lapresse.tn,Tunisia,2025-03-28,2025-03,Mar 2025,"Le samedi 29 mars, l’Espérance Sportive de Tunis (EST) prendra la direction de l’Afrique du Sud pour affronter le Mamelodi Sundowns dans le cadre du match","Lespérance de Tunis se prépare pour son déplacement en Afrique du Sud : focus sur les joueurs et larbitrage. Le samedi 29 mars, l’Espérance Sportive de Tunis (EST) prendra la direction de l’Afrique du Sud pour affronter le Mamelodi Sundowns dans le cadre du match",titre+description,Positive,0,0,1,0.5758
https://levenementprecis.com/?p=92265,Prof Monique Ouassa Kouaro à la JIF et à la Journée de lEtudiant de la Flash dAdjarra :  Jappelle à lunion autour de la promotion de l  éducation des filles ,20250328T134500Z,French,levenementprecis.com,Benin,2025-03-28,2025-03,Mar 2025,,Prof Monique Ouassa Kouaro à la JIF et à la Journée de lEtudiant de la Flash dAdjarra :  Jappelle à lunion autour de la promotion de l  éducation des filles,titre seul,Positive,0,0,1,0.6342
https://www.the-star.co.ke/news/infographics/2025-03-28-quality-of-road-infrastructure-for-select-african-countries-in-2024,Quality of road infrastructure for select African countries in 2024,20250328T134500Z,English,the-star.co.ke,Kenya,2025-03-28,2025-03,Mar 2025,Namibia leads with the highest road quality index of 5.57 out of 7.,Quality of road infrastructure for select African countries in 2024. Namibia leads with the highest road quality index of 5.57 out of 7.,titre+description,Positive,0,0,1,0.5667
https://allafrica.com/stories/202503280418.html,Nigeria : EFCC Declares Socialite Aisha Achimugu Wanted,20250328T134500Z,English,allafrica.com,Nigeria,2025-03-28,2025-03,Mar 2025,This comes about 12 days after a PREMIUM TIMES report detailed the commission's preparation to declare her a fleeing suspect after she ignored an invitation for interrogation.,Nigeria : EFCC Declares Socialite Aisha Achimugu Wanted. This comes about 12 days after a PREMIUM TIMES report detailed the commission's preparation to declare her a fleeing suspect after she ignored an invitation for interrogation.,titre+description,Negative,1,0,0,0.7251
https://levenementprecis.com/?p=92259,Célébration des 50 ans de la Cedeao :  LANPE promeut le volontariat des jeunes en Afrique de lOuest,20250328T134500Z,French,levenementprecis.com,Benin,2025-03-28,2025-03,Mar 2025,,Célébration des 50 ans de la Cedeao :  LANPE promeut le volontariat des jeunes en Afrique de lOuest,titre seul,Positive,0,0,1,0.7704
https://www.leprogres.fr/culture-loisirs/2025/03/27/mais-c-est-quoi-ce-cirque,"Saint - Étienne . Du cirque à la danse , un festival des 7 Collines en apesanteur",20250328T134500Z,French,leprogres.fr,France,2025-03-28,2025-03,Mar 2025,"La 31e édition du festival des 7 Collines s’installe sur le territoire, du 22 juin au 7 juillet.","Saint - Étienne . Du cirque à la danse , un festival des 7 Collines en apesanteur. La 31e édition du festival des 7 Collines s’installe sur le territoire, du 22 juin au 7 juillet.",titre+description,Positive,0,0,1,0.4822
https://www.nigerianeye.com/2025/03/efcc-declares-businesswoman-aisha.html,"EFCC declares businesswoman Aisha Achimugu wanted - Nigerian News , Latest Nigeria In News . Nigeria News . Your online Nigerian Newspaper . ",20250328T120000Z,English,nigerianeye.com,Nigeria,2025-03-28,2025-03,Mar 2025,Responsive Blogger Template,"EFCC declares businesswoman Aisha Achimugu wanted - Nigerian News , Latest Nigeria In News . Nigeria News . Your online Nigerian Newspaper .. Responsive Blogger Template",titre+description,Neutral,0,1,0,0.699
https://guardian.ng/news/nigeria/ndic-urges-youths-to-shun-cyber-crimes/,NDIC urges youths to shun cyber crimes,20250328T113000Z,English,guardian.ng,Nigeria,2025-03-28,2025-03,Mar 2025,,NDIC urges youths to shun cyber crimes,titre seul,Negative,1,0,0,0.6401
https://www.afrik-foot.com/coupe-du-monde-2026-q-le-classement-des-meilleurs-buteurs-des-qualifications-en-zone-afrique,Coupe du monde 2026 ( Q ) : le classement des meilleurs buteurs des qualifications en Zone Afrique,20250328T113000Z,French,afrik-foot.com,Morocco,2025-03-28,2025-03,Mar 2025,La phase de groupes des éliminatoires de la Coupe du monde 2026 vient de s'achever en Afrique et plusieurs attaquants se sont distingués par leur efficacité,Coupe du monde 2026 ( Q ) : le classement des meilleurs buteurs des qualifications en Zone Afrique. La phase de groupes des éliminatoires de la Coupe du monde 2026 vient de s'achever en Afrique et plusieurs attaquants se sont distingués par leur efficacité,titre+description,Positive,0,0,1,0.6862
https://bulawayo24.com/news/national/251567,Warriors court Morocco,20250328T110000Z,English,bulawayo24.com,Zimbabwe,2025-03-28,2025-03,Mar 2025,"The Zimbabwe Football Association (ZIFA) is actively pushing for a high-profile friendly match between the Zimbabwe national football team, the Warriors, and Mo...","Warriors court Morocco. The Zimbabwe Football Association (ZIFA) is actively pushing for a high-profile friendly match between the Zimbabwe national football team, the Warriors, and Mo...",titre+description,Neutral,0,1,0,0.5489
https://energycapitalandpower.africa-newsroom.com/press/correction-billions-in-investment-opportunities-presented-by-premier-invest-at-congo-energy-and-investment-forum-ceif-2025,Energy Capital & Power / Press release | CORRECTION : Billions in Investment Opportunities Presented by Premier Invest at Congo Energy & Investment Forum ( CEIF ) 2025,20250328T103000Z,English,energycapitalandpower.africa-newsroom.com,South Africa,2025-03-28,2025-03,Mar 2025,CORRECTION: Billions in Investment Opportunities Presented by Premier Invest at Congo Energy & Investment Forum (CEIF) 2025,Energy Capital & Power / Press release | CORRECTION : Billions in Investment Opportunities Presented by Premier Invest at Congo Energy & Investment Forum ( CEIF ) 2025. CORRECTION: Billions in Investment Opportunities Presented by Premier Invest at Congo Energy & Investment Forum (CEIF) 2025,titre+description,Neutral,0,1,0,0.7814
https://www.bbc.com/pidgin/articles/c93n0jl8ql3o,Wetin we know about di killing of Cameroon Sojas for Nigeria,20250328T091500Z,English,bbc.com,United Kingdom,2025-03-28,2025-03,Mar 2025,"Cameroon army confam di killing of 12 of dia sojas for Wulgo, northeastern Nigeria, for one attack by ""jihadist terrorists"".","Wetin we know about di killing of Cameroon Sojas for Nigeria. Cameroon army confam di killing of 12 of dia sojas for Wulgo, northeastern Nigeria, for one attack by ""jihadist terrorists"".",titre+description,Negative,1,0,0,0.8057
https://bulawayo24.com/index-id-news-sc-national-byo-251567.html,Warriors court Morocco,20250328T091500Z,English,bulawayo24.com,Zimbabwe,2025-03-28,2025-03,Mar 2025,"The Zimbabwe Football Association (ZIFA) is actively pushing for a high-profile friendly match between the Zimbabwe national football team, the Warriors, and Mo...","Warriors court Morocco. The Zimbabwe Football Association (ZIFA) is actively pushing for a high-profile friendly match between the Zimbabwe national football team, the Warriors, and Mo...",titre+description,Neutral,0,1,0,0.5489
https://www.paris.fr/pages/ces-femmes-de-science-a-qui-paris-rend-hommage-30204,Ces femmes de science à qui Paris rend hommage,20250328T091500Z,French,paris.fr,France,2025-03-28,2025-03,Mar 2025,"À l'instar de Françoise Dolto, de nombreuses femmes de science qui ont marqué leur époque ont donné, ces dernières années, leur nom à des écoles, des jardins, des bibliothèques ou encore des résidences pour étudiants. Focus sur ces personnalités d'exception qui ont laissé leur empreinte par leurs","Ces femmes de science à qui Paris rend hommage. À l'instar de Françoise Dolto, de nombreuses femmes de science qui ont marqué leur époque ont donné, ces dernières années, leur nom à des écoles, des jardins, des bibliothèques ou encore des résidences pour étudiants. Focus sur ces personnalités d'exception qui ont laissé leur empreinte par leurs",titre+description,Positive,0,0,1,0.6536
https://fr.allafrica.com/stories/202503280207.html,Afrique de lOuest : Caisse régionale de refinancement hypothécaire de lUemoa,20250328T090000Z,French,fr.allafrica.com,Nigeria,2025-03-28,2025-03,Mar 2025,"Lors de sa réunion du 25 mars 2025 à Lomé, le Conseil d'administration de la Caisse régionale de refinancement hypothécaire de l'Uemoa (Crrh Uemoa) a validé les comptes de l'exercice clos le 31 décembre 2024, qui seront soumis à l'approbation de l'Assemblée générale.","Afrique de lOuest : Caisse régionale de refinancement hypothécaire de lUemoa. Lors de sa réunion du 25 mars 2025 à Lomé, le Conseil d'administration de la Caisse régionale de refinancement hypothécaire de l'Uemoa (Crrh Uemoa) a validé les comptes de l'exercice clos le 31 décembre 2024, qui seront soumis à l'approbation de l'Assemblée générale.",titre+description,Neutral,0,1,0,0.4811
https://ghanaiantimes.com.gh/south-africa-sweat-over-potential-2026-world-cup-sanction/,South Africa sweat over potential 2026 World Cup sanction,20250328T090000Z,English,ghanaiantimes.com.gh,Ghana,2025-03-28,2025-03,Mar 2025,South Africa are waiting to discover if they will be sanctioned for fielding an ineligible player in their 2026 FIFA World Cup qualifying victory over Lesotho last Friday. Bafana Bafana midfielder Teboho Mokoena should have served a one-match ban after picking up yellow cards against Benin and Zimbabwe earlier in the campaign. Instead the 28-year-old …,South Africa sweat over potential 2026 World Cup sanction. South Africa are waiting to discover if they will be sanctioned for fielding an ineligible player in their 2026 FIFA World Cup qualifying victory over Lesotho last Friday. Bafana Bafana midfielder Teboho Mokoena should have served a one-match ban after picking up yellow cards against Benin and Zimbabwe earlier in the campaign. Instead the 28-year-old …,titre+description,Negative,1,0,0,0.7048
https://fr.allafrica.com/stories/202503280177.html,"Sénégal : Banque ouest africaine de développement - Le Conseil dadministration approuve le financement de 15 projets pour 391 , 923 milliards FCFA",20250328T090000Z,French,fr.allafrica.com,Nigeria,2025-03-28,2025-03,Mar 2025,Le Conseil d'administration de la Banque ouest africaine de développement (Boad) a tenu sa première réunion de l'année à Dakar (Sénégal) sous format hybride.,"Sénégal : Banque ouest africaine de développement - Le Conseil dadministration approuve le financement de 15 projets pour 391 , 923 milliards FCFA. Le Conseil d'administration de la Banque ouest africaine de développement (Boad) a tenu sa première réunion de l'année à Dakar (Sénégal) sous format hybride.",titre+description,Positive,0,0,1,0.5545
https://www.patrasevents.gr/article/713614-urban-film-lux-ksana-stin-patra-mia-sinarpastiki-kinimatografiki-ebeiria,Urban Film LUX ξανά στην Πάτρα : Μια Συναρπαστική Κινηματογραφική Εμπειρία,20250328T081500Z,Greek,patrasevents.gr,Greece,2025-03-28,2025-03,Mar 2025,Το πρόγραμμα,Urban Film LUX ξανά στην Πάτρα : Μια Συναρπαστική Κινηματογραφική Εμπειρία. Το πρόγραμμα,titre+description,Neutral,0,1,0,0.6239
https://levenementprecis.com/?p=92249,Visite de lAmbassadeur dAllemagne : Dr . Buchwald impressionné par la performance de la centrale thermique de Maria Gléta,20250328T073000Z,French,levenementprecis.com,Benin,2025-03-28,2025-03,Mar 2025,,Visite de lAmbassadeur dAllemagne : Dr . Buchwald impressionné par la performance de la centrale thermique de Maria Gléta,titre seul,Positive,0,0,1,0.6915
https://levenementprecis.com/?p=92212,Relecture des textes du code d  éthique et de déontologie : Jacques Migan et Alassane Séidou œuvrent pour une police républicaine incorruptible,20250328T073000Z,French,levenementprecis.com,Benin,2025-03-28,2025-03,Mar 2025,,Relecture des textes du code d  éthique et de déontologie : Jacques Migan et Alassane Séidou œuvrent pour une police républicaine incorruptible,titre seul,Positive,0,0,1,0.4157
https://levenementprecis.com/?p=92241,"Chefferie traditionnelle au Bénin :  La loi nemporte aucun royaume  , dixit Wilfried Houngbédji",20250328T073000Z,French,levenementprecis.com,Benin,2025-03-28,2025-03,Mar 2025,,"Chefferie traditionnelle au Bénin :  La loi nemporte aucun royaume  , dixit Wilfried Houngbédji",titre seul,Neutral,0,1,0,0.3803
https://levenementprecis.com/?p=92218,Systèmes de finances publiques en Afrique : Un dialogue franc tenu à Cotonou,20250328T073000Z,French,levenementprecis.com,Benin,2025-03-28,2025-03,Mar 2025,,Systèmes de finances publiques en Afrique : Un dialogue franc tenu à Cotonou,titre seul,Neutral,0,1,0,0.504
https://levenementprecis.com/?p=92208,Infrastructure scolaire à Covè : Luc Atrokpo inaugure un module de trois classes à lEpp Todo,20250328T073000Z,French,levenementprecis.com,Benin,2025-03-28,2025-03,Mar 2025,,Infrastructure scolaire à Covè : Luc Atrokpo inaugure un module de trois classes à lEpp Todo,titre seul,Positive,0,0,1,0.6885
https://levenementprecis.com/?p=92252,Soutenance de thèse en Sociologie du Développement à lUac : Mention très honorable avec félicitations du jury pour Dr . David Agbodossindji,20250328T073000Z,French,levenementprecis.com,Benin,2025-03-28,2025-03,Mar 2025,,Soutenance de thèse en Sociologie du Développement à lUac : Mention très honorable avec félicitations du jury pour Dr . David Agbodossindji,titre seul,Positive,0,0,1,0.898
https://www.thecable.ng/hope-against-hope/,Hope against hope,20250328T063000Z,English,thecable.ng,Nigeria,2025-03-28,2025-03,Mar 2025,Stay connected via Google News The FIFA window for international football for the month of March is now…,Hope against hope. Stay connected via Google News The FIFA window for international football for the month of March is now…,titre+description,Neutral,0,1,0,0.7881
https://www.ynet.co.il/food/article/s1ss4kztke,מפת הפלאפליות הטובות של ישראל,20250328T063000Z,Hebrew,ynet.co.il,Israel,2025-03-28,2025-03,Mar 2025,"ההוא עם התוספת הכתומה והבלתי צפויה, הדוכן שמחליף את הפיתה בלחוח, האחד שנחשב לפייבוריט של האוהדים, הירושלמי הכי ותיק שיש וזה שנשאר פתוח גם כשתושבי העיר פונו – יצאנו למסע בעקבות הכדור הכי ישראלי שקיים. הפלאפל האהוב עליכם לא נמצא ברשימה? ספרו לנו בתגובות","מפת הפלאפליות הטובות של ישראל. ההוא עם התוספת הכתומה והבלתי צפויה, הדוכן שמחליף את הפיתה בלחוח, האחד שנחשב לפייבוריט של האוהדים, הירושלמי הכי ותיק שיש וזה שנשאר פתוח גם כשתושבי העיר פונו – יצאנו למסע בעקבות הכדור הכי ישראלי שקיים. הפלאפל האהוב עליכם לא נמצא ברשימה? ספרו לנו בתגובות",titre+description,Positive,0,0,1,0.3572
https://www.dewereldmorgen.be/artikel/2025/03/27/west-afrikaanse-landen-nemen-afstand-van-frankrijk/,West - Afrikaanse landen nemen afstand van Frankrijk,20250328T053000Z,Dutch,dewereldmorgen.be,Belgium,2025-03-28,2025-03,Mar 2025,"Mali, Burkina Faso en Niger stappen uit de Internationale Organisatie voor de Francofonie omdat deze zich ontpopt als een vanuit Parijs bestuurd politiek instrument. De drie zijn de ‘geopolitieke overwegingen’ van ex-kolonisator Frankrijk beu en willen dat hun soevereiniteit wordt gerespecteerd.","West - Afrikaanse landen nemen afstand van Frankrijk. Mali, Burkina Faso en Niger stappen uit de Internationale Organisatie voor de Francofonie omdat deze zich ontpopt als een vanuit Parijs bestuurd politiek instrument. De drie zijn de ‘geopolitieke overwegingen’ van ex-kolonisator Frankrijk beu en willen dat hun soevereiniteit wordt gerespecteerd.",titre+description,Negative,1,0,0,0.7483
https://african.business/2025/03/technology-information/global-ai-summit-on-africa-can-policymakers-take-control-of-ai,Global AI Summit on Africa : Can policymakers take control of AI ? ,20250328T050000Z,English,african.business,,2025-03-28,2025-03,Mar 2025,,Global AI Summit on Africa : Can policymakers take control of AI ?,titre seul,Neutral,0,1,0,0.7341
https://fakti.bg/world/960027-mask-konfliktat-v-ukraina-shte-prikluchi-s-mirno-sporazumenie,Мъск : Конфликтът в Украйна ще приключи с мирно споразумение ᐉ Новини от Fakti . bg - Свят,20250328T044500Z,Bulgarian,fakti.bg,Bulgaria,2025-03-28,2025-03,Mar 2025,"Конфликтът в Украйна ще приключи с мирно споразумение, заяви американският предприемач и милиардер Илон Мъск в интервю за Fox News.Според него усилията на президента на","Мъск : Конфликтът в Украйна ще приключи с мирно споразумение ᐉ Новини от Fakti . bg - Свят. Конфликтът в Украйна ще приключи с мирно споразумение, заяви американският предприемач и милиардер Илон Мъск в интервю за Fox News.Според него усилията на президента на",titre+description,Neutral,0,1,0,0.7207
https://nigerianobservernews.com/2025/03/edo-communities-express-worries-over-abandoned-road-project/,Edo communities express worries over abandoned road project,20250328T043000Z,English,nigerianobservernews.com,Nigeria,2025-03-28,2025-03,Mar 2025,"RAYMOND OSOGBE.  OKE-IRHUE – The people of Oke, Irhue and Uhiere villages in Uhunmwode Local Government Area of Edo State have expressed concern over the abandoned, Ehor- Irhue – Oke – Uhiere road project . The stake-holders of the road project, including farmers and transporters, lamented the non completion of the road project which they […]","Edo communities express worries over abandoned road project. RAYMOND OSOGBE.  OKE-IRHUE – The people of Oke, Irhue and Uhiere villages in Uhunmwode Local Government Area of Edo State have expressed concern over the abandoned, Ehor- Irhue – Oke – Uhiere road project . The stake-holders of the road project, including farmers and transporters, lamented the non completion of the road project which they […]",titre+description,Negative,1,0,0,0.8201
https://punchng.com/185439-prepaid-meters-installed-in-q4-nerc/,"185 , 439 prepaid meters installed in Q4 – NERC",20250328T031500Z,English,punchng.com,Nigeria,2025-03-28,2025-03,Mar 2025,"The Nigerian Electricity Regulatory Commission says a total of 185,439 meters were installed in the last three months of 2024.","185 , 439 prepaid meters installed in Q4 – NERC. The Nigerian Electricity Regulatory Commission says a total of 185,439 meters were installed in the last three months of 2024.",titre+description,Neutral,0,1,0,0.7292
https://www.leral.net/Caisse-regionale-de-refinancement-hypothecaire-de-l-Uemoa-Un-resultat-net-provisoire-d-environ-2-milliards-FCFA-en_a379270.html,"Caisse régionale de refinancement hypothécaire de lUemoa : Un résultat net provisoire denviron 2 milliards FCFA , en progression de 58 % en 2024",20250328T030000Z,French,leral.net,Senegal,2025-03-28,2025-03,Mar 2025,"Lors de sa réunion du 25 mars 2025 à Lomé, le Conseil d’administration de la Caisse régionale de refinancement hypothécaire de l’Uemoa (Crrh Uemoa) a validé les comptes de l’exercice clos le 3...","Caisse régionale de refinancement hypothécaire de lUemoa : Un résultat net provisoire denviron 2 milliards FCFA , en progression de 58 % en 2024. Lors de sa réunion du 25 mars 2025 à Lomé, le Conseil d’administration de la Caisse régionale de refinancement hypothécaire de l’Uemoa (Crrh Uemoa) a validé les comptes de l’exercice clos le 3...",titre+description,Neutral,0,1,0,0.5099
https://maldivesindependent.com/feature-comment/ten-questions-for-the-government-of-the-maldives-118463,Ten Questions for the Government of the Maldives - Maldives Independent,20250328T024500Z,English,maldivesindependent.com,Maldives,2025-03-28,2025-03,Mar 2025,"While it is unsurprising that the Government of the Maldives wishes to have a fact-free conversation about the rapidly deteriorating human-rights situation in the country, the international community will not be persuaded by mere repetition of the same claims lacking foundation in law or evidence, writes Jared Genser, legal counsel to former president Nasheed","Ten Questions for the Government of the Maldives - Maldives Independent. While it is unsurprising that the Government of the Maldives wishes to have a fact-free conversation about the rapidly deteriorating human-rights situation in the country, the international community will not be persuaded by mere repetition of the same claims lacking foundation in law or evidence, writes Jared Genser, legal counsel to former president Nasheed",titre+description,Negative,1,0,0,0.6398
https://www.thisdaylive.com/index.php/2025/03/28/a-cry-for-my-beloved-country/,A  CRY FOR MY BELOVED COUNTRY  – THISDAYLIVE,20250328T010000Z,English,thisdaylive.com,Nigeria,2025-03-28,2025-03,Mar 2025,,A  CRY FOR MY BELOVED COUNTRY  – THISDAYLIVE,titre seul,Negative,1,0,0,0.9215
https://www.brnow.org/news/imb-hosts-retreat-for-parents-of-missionaries-fostering-encouragement-and-camaraderie/,"IMB hosts retreat for parents of missionaries , fostering encouragement and camaraderie • Biblical Recorder",20250327T231500Z,English,brnow.org,United States,2025-03-27,2025-03,Mar 2025,"The National Parent Retreat, hosted by the International Mission Board (IMB) on March 20-23, brought 148 parents of IMB missionaries together for a time of encouragement and connection. Laura Harrell, the IMB’s director of alumni and advocate engagement, said her hope for the weekend was grounded in the retreat’s theme verse, “Therefore encourage one another [...]Read More...","IMB hosts retreat for parents of missionaries , fostering encouragement and camaraderie • Biblical Recorder. The National Parent Retreat, hosted by the International Mission Board (IMB) on March 20-23, brought 148 parents of IMB missionaries together for a time of encouragement and connection. Laura Harrell, the IMB’s director of alumni and advocate engagement, said her hope for the weekend was grounded in the retreat’s theme verse, “Therefore encourage one another [...]Read More...",titre+description,Positive,0,0,1,0.5602
https://www.theslateonline.com/article/2025/03/su-alumni-share-peace-corps-experiences,SU alumni share Peace Corps experiences,20250327T224500Z,English,theslateonline.com,United States,2025-03-27,2025-03,Mar 2025,Shippensburg University welcomed back several alumni for a virtual workshop titled “Peace Corps: Global Opportunities.” Four SU graduates and a Peace Corps recruiter joined Career Center Executive Director Victoria Kerr to discuss their experiences as volunteers for the Peace Corps.,SU alumni share Peace Corps experiences. Shippensburg University welcomed back several alumni for a virtual workshop titled “Peace Corps: Global Opportunities.” Four SU graduates and a Peace Corps recruiter joined Career Center Executive Director Victoria Kerr to discuss their experiences as volunteers for the Peace Corps.,titre+description,Positive,0,0,1,0.5894
https://www.sohu.com/a/876678224_122342248,Nigeria vs . South Africa : Key Details for the Super Eagle World Cup Qualifying Match,20250327T223000Z,English,sohu.com,China,2025-03-27,2025-03,Mar 2025,,Nigeria vs . South Africa : Key Details for the Super Eagle World Cup Qualifying Match,titre seul,Neutral,0,1,0,0.8681
https://www.sohu.com/a/876678072_122342248,Nigeria vs . South Africa : Key Dates and Insights on Super Eagle World Cup Qualifiers _ the _ in,20250327T223000Z,English,sohu.com,China,2025-03-27,2025-03,Mar 2025,,Nigeria vs . South Africa : Key Dates and Insights on Super Eagle World Cup Qualifiers _ the _ in,titre seul,Neutral,0,1,0,0.8922
https://brudirect.com/news.php?id=198591,Lesotho Lodge Formal Complaint To FIFA Against South Africa For Teboho Mokoena Error,20250327T213000Z,English,brudirect.com,Brunei,2025-03-27,2025-03,Mar 2025,,Lesotho Lodge Formal Complaint To FIFA Against South Africa For Teboho Mokoena Error,titre seul,Negative,1,0,0,0.7288
https://techcabal.com/2025/03/27/starlink-price-in-africa/,Starlink price in Africa : full breakdown by country ( March 2025 ) ,20250327T213000Z,English,techcabal.com,Nigeria,2025-03-27,2025-03,Mar 2025,"Discover Starlink price in Nigeria & Africa in 2025. Get a full country-by-country breakdown of costs, monthly fees, and availability","Starlink price in Africa : full breakdown by country ( March 2025 ). Discover Starlink price in Nigeria & Africa in 2025. Get a full country-by-country breakdown of costs, monthly fees, and availability",titre+description,Neutral,0,1,0,0.8747
https://www.legit.ng/business-economy/money/1647408-firstbanks-digital-xperience-centre-open-admiralty-lekki/,"FirstBank Digital Xperience Centre Now Open on Admiralty Way , Lekki",20250327T200000Z,English,legit.ng,,2025-03-27,2025-03,Mar 2025,"Nigeria’s leading financial institution, FirstBank has officially launched another Digital Xperience Centre (DXC) in the heart of Lagos on March 24, 2025.","FirstBank Digital Xperience Centre Now Open on Admiralty Way , Lekki. Nigeria’s leading financial institution, FirstBank has officially launched another Digital Xperience Centre (DXC) in the heart of Lagos on March 24, 2025.",titre+description,Positive,0,0,1,0.5327
https://maliactu.net/mediation-de-la-cedeao-john-mahama-peut-il-reussir-la-ou-dakar-a-echoue/,"Ghana : messager de paix en Afrique de lOuest , une mission délicate au cœur de lAES",20250327T191500Z,French,maliactu.net,Mali,2025-03-27,2025-03,Mar 2025,"Ghana : messager de paix en Afrique de l'Ouest, une mission délicate au cœur de l'AES Dans un contexte régional complexe, le Ghana se positionne en acteur clé","Ghana : messager de paix en Afrique de lOuest , une mission délicate au cœur de lAES. Ghana : messager de paix en Afrique de l'Ouest, une mission délicate au cœur de l'AES Dans un contexte régional complexe, le Ghana se positionne en acteur clé",titre+description,Negative,1,0,0,0.8028
https://punchng.com/ndic-warns-delta-students-against-yahoo-yahoo-promotes-financial-literacy/,"NDIC warns Delta students against  Yahoo Yahoo , promotes financial literacy",20250327T174500Z,English,punchng.com,Nigeria,2025-03-27,2025-03,Mar 2025,"The Nigeria Deposit Insurance Corporation has sensitised students of Osadennis Mixed Secondary School, Asaba, Delta State, on financial literacy, urging them to avoid internet-related fraud, commonly known as ""Yahoo Yahoo.""","NDIC warns Delta students against  Yahoo Yahoo , promotes financial literacy. The Nigeria Deposit Insurance Corporation has sensitised students of Osadennis Mixed Secondary School, Asaba, Delta State, on financial literacy, urging them to avoid internet-related fraud, commonly known as ""Yahoo Yahoo.""",titre+description,Neutral,0,1,0,0.4536
https://www.dna.fr/culture-loisirs/2025/03/27/theatre-alsacien-de-colmar-les-reservations-sont-ouvertes,Schoenau . Thtre alsacien de Colmar : les réservations sont ouvertes,20250327T170000Z,French,dna.fr,France,2025-03-27,2025-03,Mar 2025,"La troupe du Théâtre alsacien de Colmar (TAC) s’apprête à revenir à Schoenau, avec sa troisième pièce de la saison, E riss em gebiss (Une fissure ...","Schoenau . Thtre alsacien de Colmar : les réservations sont ouvertes. La troupe du Théâtre alsacien de Colmar (TAC) s’apprête à revenir à Schoenau, avec sa troisième pièce de la saison, E riss em gebiss (Une fissure ...",titre+description,Negative,1,0,0,0.8164
https://www.lalsace.fr/culture-loisirs/2025/03/27/theatre-alsacien-de-colmar-les-reservations-sont-ouvertes,Schoenau . Thtre alsacien de Colmar : les réservations sont ouvertes,20250327T170000Z,French,lalsace.fr,France,2025-03-27,2025-03,Mar 2025,"La troupe du Théâtre alsacien de Colmar (TAC) s’apprête à revenir à Schoenau, avec sa troisième pièce de la saison, E riss em gebiss (Une fissure ...","Schoenau . Thtre alsacien de Colmar : les réservations sont ouvertes. La troupe du Théâtre alsacien de Colmar (TAC) s’apprête à revenir à Schoenau, avec sa troisième pièce de la saison, E riss em gebiss (Une fissure ...",titre+description,Negative,1,0,0,0.8164
https://www.ynet.co.il/economy/article/skepr2z6yg,ענת אהרוני . מנכ  ל ובעלים אור משכנתאות,20250327T154500Z,Hebrew,ynet.co.il,Israel,2025-03-27,2025-03,Mar 2025,בשורה לבעלי משכנתא והלוואות: כך תוכלו להפחית את ההחזר החודשי באלפי שקלים. מאת: שוש רוטנברג,ענת אהרוני . מנכ  ל ובעלים אור משכנתאות. בשורה לבעלי משכנתא והלוואות: כך תוכלו להפחית את ההחזר החודשי באלפי שקלים. מאת: שוש רוטנברג,titre+description,Positive,0,0,1,0.4638
https://fr.apanews.net/news/benin-installation-des-membres-du-cac-de-lagence-pour-la-recherche-et-linnovation/,Bénin : installation des membres du CA de lAgence pour la recherche et linnovation,20250327T153000Z,French,fr.apanews.net,Burkina Faso,2025-03-27,2025-03,Mar 2025,,Bénin : installation des membres du CA de lAgence pour la recherche et linnovation,titre seul,Positive,0,0,1,0.5968
https://fr.apanews.net/integration/la-boad-valide-le-financement-de-15-projets-pour-391923-milliards-fcfa/,"La BOAD valide le financement de 15 projets pour 391 , 923 milliards FCFA",20250327T153000Z,French,fr.apanews.net,Burkina Faso,2025-03-27,2025-03,Mar 2025,,"La BOAD valide le financement de 15 projets pour 391 , 923 milliards FCFA",titre seul,Positive,0,0,1,0.5925
https://www.famillechretienne.fr/44629/article/javais-envie-de-mettre-ma-musique-au-service-de-dieu-giovanni-zacari-chef-de," « Javais envie de mettre ma musique au service de Dieu » : Giovanni Zacari , chef de chœur et de foi",20250327T144500Z,French,famillechretienne.fr,France,2025-03-27,2025-03,Mar 2025,"À la chorale Émeraude de la paroisse de Poissy (Yvelines), ce chef de chœur cherche à louer Dieu par le chant et la musique. Le fruit d’un parcours atypique depuis le Bénin.","« Javais envie de mettre ma musique au service de Dieu » : Giovanni Zacari , chef de chœur et de foi. À la chorale Émeraude de la paroisse de Poissy (Yvelines), ce chef de chœur cherche à louer Dieu par le chant et la musique. Le fruit d’un parcours atypique depuis le Bénin.",titre+description,Positive,0,0,1,0.7071
https://www.africatopsuccess.com/nigeria-saisie-massive-de-carburant-de-contrebande-en-provenance-du-benin/,Nigéria : saisie massive de carburant de contrebande en provenance du Bénin,20250327T144500Z,French,africatopsuccess.com,Togo,2025-03-27,2025-03,Mar 2025,,Nigéria : saisie massive de carburant de contrebande en provenance du Bénin,titre seul,Negative,1,0,0,0.9298
https://fakti.bg/life/959951-nakoi-ot-nai-golemite-hitove-na-ed-shiiran-sa-vdahnoveni-ot-riana,Някои от най - големите хитове на Ед Шийрън са вдъхновени от Риана ᐉ Новини от Fakti . bg - Любопитно,20250327T144500Z,Bulgarian,fakti.bg,Bulgaria,2025-03-27,2025-03,Mar 2025,"Оказва се, че зад някои от най-успешните песни на Ед Шийрън се крие една вдъхновяваща муза  самата Риана. Британският певец и автор на песни сподели в предаването The Tonight Show Starring Jimmy Fa","Някои от най - големите хитове на Ед Шийрън са вдъхновени от Риана ᐉ Новини от Fakti . bg - Любопитно. Оказва се, че зад някои от най-успешните песни на Ед Шийрън се крие една вдъхновяваща муза  самата Риана. Британският певец и автор на песни сподели в предаването The Tonight Show Starring Jimmy Fa",titre+description,Neutral,0,1,0,0.5645
https://www.laopiniondemalaga.es/malaga/2025/03/27/junta-andalucia-google-formar-profesorado-ciberseguridad-inteligencia-artificial-flor-de-azahar-115749044.html,La consejera de Educación andaluza visita con el director mundial de Google el colegio Flor de Azahar de Cártama en Málaga,20250327T134500Z,Spanish,laopiniondemalaga.es,Spain,2025-03-27,2025-03,Mar 2025,"La consejera de Educación destaca en una visita al colegio Flor de Azahar de Cártama, referente en innovación tecnológica, que el 71,5% de los docentes andaluces han acreditado ya su competencia digital","La consejera de Educación andaluza visita con el director mundial de Google el colegio Flor de Azahar de Cártama en Málaga. La consejera de Educación destaca en una visita al colegio Flor de Azahar de Cártama, referente en innovación tecnológica, que el 71,5% de los docentes andaluces han acreditado ya su competencia digital",titre+description,Positive,0,0,1,0.6027
https://www.lequipe.fr/Medias/Article/-je-me-disais-que-ma-participation-aux-jo-m-aiderait-a-trouver-un-travail-valentin-houinato-judoka-nous-raconte-ses-galeres-apres-les-jeux-de-paris/1549707," « Je me disais que ma participation aux JO maiderait à trouver un travail » : Valentin Houinato , judoka , raconte ses galères après les Jeux de Paris",20250327T133000Z,French,lequipe.fr,France,2025-03-27,2025-03,Mar 2025,"Judoka qualifié pour les JO en 2024, porte-drapeau du Bénin, et journaliste le reste du temps, Valentin Houinato a plongé après les Jeux, entre blessures et difficultés financières.","« Je me disais que ma participation aux JO maiderait à trouver un travail » : Valentin Houinato , judoka , raconte ses galères après les Jeux de Paris. Judoka qualifié pour les JO en 2024, porte-drapeau du Bénin, et journaliste le reste du temps, Valentin Houinato a plongé après les Jeux, entre blessures et difficultés financières.",titre+description,Negative,1,0,0,0.7259
https://www.csmonitor.com/The-Culture/2025/0327/lebanon-kafala-domestic-workers,Lebanon domestic workers try to escape exploitative  kafala  system,20250327T133000Z,English,csmonitor.com,United States,2025-03-27,2025-03,Mar 2025,"Under the kafala system, in place since the 1970s Persian Gulf oil boom, workers arrive on visas that offer fewer protections than other visa categories do.","Lebanon domestic workers try to escape exploitative  kafala  system. Under the kafala system, in place since the 1970s Persian Gulf oil boom, workers arrive on visas that offer fewer protections than other visa categories do.",titre+description,Neutral,0,1,0,0.4133
https://allafrica.com/stories/202503270249.html,"South Africa : SA Take Big World Cup Lead , but May Lose Points Over Mokoena",20250327T131500Z,English,allafrica.com,Nigeria,2025-03-27,2025-03,Mar 2025,"South Africa beat Benin 2-0 on Tuesday to lead an African 2026 World Cup qualifying group by five points, but the advantage could be reduced for fielding an ineligible player last week.","South Africa : SA Take Big World Cup Lead , but May Lose Points Over Mokoena. South Africa beat Benin 2-0 on Tuesday to lead an African 2026 World Cup qualifying group by five points, but the advantage could be reduced for fielding an ineligible player last week.",titre+description,Neutral,0,1,0,0.3741
https://www.aol.com/news/south-africa-sweat-over-potential-170317842.html,South Africa sweat over potential 2026 World Cup sanction,20250327T123000Z,English,aol.com,United States,2025-03-27,2025-03,Mar 2025,,South Africa sweat over potential 2026 World Cup sanction,titre seul,Negative,1,0,0,0.8102
https://www.teleprensa.com/articulo/malaga/carmen-castillo-destaca-que-715-profesorado-andaluz-ha-acreditado-competencia-digital/202503271207332073944.html,"Carmen Castillo destaca que el 71 , 5 % del profesorado andaluz ha acreditado ya su competencia digital",20250327T123000Z,Spanish,teleprensa.com,Spain,2025-03-27,2025-03,Mar 2025,,"Carmen Castillo destaca que el 71 , 5 % del profesorado andaluz ha acreditado ya su competencia digital",titre seul,Neutral,0,1,0,0.5683
https://fr.allafrica.com/stories/202503270201.html,Afrique : Qualifications Coupe du Monde 2026 / Zone Afrique - Le point sur les classements,20250327T120000Z,French,fr.allafrica.com,Nigeria,2025-03-27,2025-03,Mar 2025,"La course à la Coupe du Monde 2026 s'intensifie dans la zone Afrique, alors que les équipes nationales continuent de se battre pour décrocher l'un des 9 billets directs ou la place en barrage intercontinental. Voici l'état des lieux groupe par groupe :","Afrique : Qualifications Coupe du Monde 2026 / Zone Afrique - Le point sur les classements. La course à la Coupe du Monde 2026 s'intensifie dans la zone Afrique, alors que les équipes nationales continuent de se battre pour décrocher l'un des 9 billets directs ou la place en barrage intercontinental. Voici l'état des lieux groupe par groupe :",titre+description,Neutral,0,1,0,0.4634
https://lanouvelletribune.info/2025/03/deputes-et-magistrats-beninois-en-immersion-a-la-cour-des-comptes-et-a-lassemblee-nationale-francaise/,Députés et magistrats béninois en immersion à la Cour des comptes et à lAssemblée nationale française – La Nouvelle Tribune,20250327T114500Z,French,lanouvelletribune.info,Benin,2025-03-27,2025-03,Mar 2025,"La mission de parlementaires béninois et des magistrats de la Cour des comptes du Bénin en France depuis le lundi 24 mars 2025, se poursuit à merveille avec une note de satisfaction et se révèle d’une grande utilité pour des institutions de contre-pouvoir totalement engagées ou au service du dévelop","Députés et magistrats béninois en immersion à la Cour des comptes et à lAssemblée nationale française – La Nouvelle Tribune. La mission de parlementaires béninois et des magistrats de la Cour des comptes du Bénin en France depuis le lundi 24 mars 2025, se poursuit à merveille avec une note de satisfaction et se révèle d’une grande utilité pour des institutions de contre-pouvoir totalement engagées ou au service du dévelop",titre+description,Positive,0,0,1,0.9089
https://www.larepubliquedespyrenees.fr:443/pyrenees-atlantiques/nay-et-est-bearn/loubajac-65-une-marche-en-soutien-aux-agricultrices-du-benin-23777854.php,Loubajac ( 65 )   : une marche en soutien aux agricultrices du Bénin,20250327T114500Z,French,larepubliquedespyrenees.fr,France,2025-03-27,2025-03,Mar 2025,"L’association AFDI 65 organise, le dimanche 6 avril, une randonnée familiale facile sur 9 km entre Loubajac et Bartrès, au profit des agricultrices du Bénin. L’association AFDI 65 (Agriculteurs","Loubajac ( 65 )   : une marche en soutien aux agricultrices du Bénin. L’association AFDI 65 organise, le dimanche 6 avril, une randonnée familiale facile sur 9 km entre Loubajac et Bartrès, au profit des agricultrices du Bénin. L’association AFDI 65 (Agriculteurs",titre+description,Positive,0,0,1,0.7728
https://www.bona.co.za/entertainment/give-us-spain-and-senegal-bafana-bafana-fans-oozing-confidence-after-18-unbeaten-game-streak/,  Give us Spain and Senegal ! Bafana Bafana fans oozing confidence after 18 unbeaten game streak,20250327T113000Z,English,bona.co.za,,2025-03-27,2025-03,Mar 2025,"After cruising confidently through the FIFA World Cup qualifiers and comfortably sitting at the top of their designated group, coach Hugo Broos and his %%","Give us Spain and Senegal ! Bafana Bafana fans oozing confidence after 18 unbeaten game streak. After cruising confidently through the FIFA World Cup qualifiers and comfortably sitting at the top of their designated group, coach Hugo Broos and his %%",titre+description,Positive,0,0,1,0.8036
https://www.lnr-dz.com/2025/03/27/le-cap-vert-est-au-vert-pour-le-moment/,Le Cap - Vert est au vert pour le moment - La Nouvelle République Algérie,20250327T111500Z,French,lnr-dz.com,Algeria,2025-03-27,2025-03,Mar 2025,"Quelle belle manière de réaliser un exploit tant rêvé. C’est un scénario des grandes équipes rodées aux compétitions mondiales. Le Cap-vert que beaucoup considéraient comme une équipe facile à manier, a démontré le contraire ce mardi en battant le l’Angola par un score parfait 2-1 à l’occasion de la 6e journée des éliminatoires de la […]","Le Cap - Vert est au vert pour le moment - La Nouvelle République Algérie. Quelle belle manière de réaliser un exploit tant rêvé. C’est un scénario des grandes équipes rodées aux compétitions mondiales. Le Cap-vert que beaucoup considéraient comme une équipe facile à manier, a démontré le contraire ce mardi en battant le l’Angola par un score parfait 2-1 à l’occasion de la 6e journée des éliminatoires de la […]",titre+description,Positive,0,0,1,0.9094
https://www.thecable.ng/timeline-mahrezs-free-kick-hallers-dagger-8-times-late-goals-hurt-eagles-in-crucial-games/,"TIMELINE : Mahrez free kick , Haller dagger ... 8 times late goals hurt Eagles in crucial games",20250327T111500Z,English,thecable.ng,Nigeria,2025-03-27,2025-03,Mar 2025,The Super Eagles are in a precarious situation. They occupy fourth place in Group C of the 2026 FIFA World Cup qualifiers...,"TIMELINE : Mahrez free kick , Haller dagger ... 8 times late goals hurt Eagles in crucial games. The Super Eagles are in a precarious situation. They occupy fourth place in Group C of the 2026 FIFA World Cup qualifiers...",titre+description,Negative,1,0,0,0.9066
https://allafrica.com/stories/202503270075.html,"Nigeria : Rohr Insists It Is Not Over Yet for Nigeria , Benin Republic",20250327T111500Z,English,allafrica.com,Nigeria,2025-03-27,2025-03,Mar 2025,"Former Super Eagles Head Coach, Gernot Rohr, believes the chances of either Nigeria or Benin Republic winning the Group C ticket to the 2026 World Cup is not over yet despite South Africa having a clear lead above the other five teams in the standing.","Nigeria : Rohr Insists It Is Not Over Yet for Nigeria , Benin Republic. Former Super Eagles Head Coach, Gernot Rohr, believes the chances of either Nigeria or Benin Republic winning the Group C ticket to the 2026 World Cup is not over yet despite South Africa having a clear lead above the other five teams in the standing.",titre+description,Negative,1,0,0,0.41
https://www.bellanaija.com/2025/03/world-water-day-2025-nbc-qfa/,World Water Day 2025 : NBC and QFA Unite for Sustainability and Clean Water Initiatives,20250327T110000Z,English,bellanaija.com,Nigeria,2025-03-27,2025-03,Mar 2025,"In commemoration of World Water Day 2025, Nigerian Bottling Company (NBC), a member of Coca-Cola HBC (CCHBC) and the bottling partner of The Coca-Cola - BellaNaija.com. May 10, 2026","World Water Day 2025 : NBC and QFA Unite for Sustainability and Clean Water Initiatives. In commemoration of World Water Day 2025, Nigerian Bottling Company (NBC), a member of Coca-Cola HBC (CCHBC) and the bottling partner of The Coca-Cola - BellaNaija.com. May 10, 2026",titre+description,Neutral,0,1,0,0.7142
https://burkina24.com/2025/03/27/banfora-le-projet-plurielles-remet-des-equipements-aux-femmes-pour-booster-la-production-rizicole/,Banfora : Le projet PLURIELLES remet des équipements aux femmes pour booster la production rizicole,20250327T103000Z,French,burkina24.com,Burkina Faso,2025-03-27,2025-03,Mar 2025,"Le 26 mars 2025, la région des Cascades a accueilli la cérémonie de remise de matériels agricoles, une initiative du projet PLURIELLES, visant à soutenir les femmes de la région dans leurs activités rizicoles et agricoles. D’une valeur de plus de 32 millions de francs CFA, ce don permettra d’améliorer la productivité des bénéficiaires et …","Banfora : Le projet PLURIELLES remet des équipements aux femmes pour booster la production rizicole. Le 26 mars 2025, la région des Cascades a accueilli la cérémonie de remise de matériels agricoles, une initiative du projet PLURIELLES, visant à soutenir les femmes de la région dans leurs activités rizicoles et agricoles. D’une valeur de plus de 32 millions de francs CFA, ce don permettra d’améliorer la productivité des bénéficiaires et …",titre+description,Positive,0,0,1,0.8666
https://www.financialafrik.com/2025/03/27/conseil-dadministration-du-crrh-uemoa-du-25-mars-2025-nouvelle-dynamique-dans-le-financement-de-lhabitat-et-capital-renforce/,Conseil dAdministration du CRRH - UEMOA du 25 mars 2025 : Nouvelle dynamique dans le financement de lhabitat et capital renforcé,20250327T090000Z,French,financialafrik.com,Morocco,2025-03-27,2025-03,Mar 2025,"﻿Lors de sa réunion du 25 mars 2025 à Lomé, le Conseil d’Administration de la Caisse Régionale de Refinancement Hypothécaire de l’UEMOA (CRRH-UEMOA) a validé les comptes de l’exercice clos le 31 décembre 2024, qui seront soumis à l’approbation de l’Assemblée Générale. En 2024, la CRRH-UEMOA enregistre des résultats financiers remarquables avec un résultat net","Conseil dAdministration du CRRH - UEMOA du 25 mars 2025 : Nouvelle dynamique dans le financement de lhabitat et capital renforcé. ﻿Lors de sa réunion du 25 mars 2025 à Lomé, le Conseil d’Administration de la Caisse Régionale de Refinancement Hypothécaire de l’UEMOA (CRRH-UEMOA) a validé les comptes de l’exercice clos le 31 décembre 2024, qui seront soumis à l’approbation de l’Assemblée Générale. En 2024, la CRRH-UEMOA enregistre des résultats financiers remarquables avec un résultat net",titre+description,Neutral,0,1,0,0.5154
https://www.varmatin.com/vie-locale/marie-scaduto-de-la-mode-a-la-haute-couture-navale-979615,"Marie Scaduto , de la mode à la haute couture navale à La Seyne",20250327T080000Z,French,varmatin.com,France,2025-03-27,2025-03,Mar 2025,,"Marie Scaduto , de la mode à la haute couture navale à La Seyne",titre seul,Neutral,0,1,0,0.7841
https://sot.com.al/opinion-editorial/fatkeqesi-perse-po-harrojme-kaq-shpejt/,"Fatkeqësi , përse po harrojmë kaq shpejt - Sot News",20250327T073000Z,Albanian,sot.com.al,Albania,2025-03-27,2025-03,Mar 2025,Nga Ndue Preng Gjeta dhe Gjon Shtjefni Nuk është normale te harrojme kaq shpejt tragjedite qe kane ndodhur ne Shqipri,"Fatkeqësi , përse po harrojmë kaq shpejt - Sot News. Nga Ndue Preng Gjeta dhe Gjon Shtjefni Nuk është normale te harrojme kaq shpejt tragjedite qe kane ndodhur ne Shqipri",titre+description,Negative,1,0,0,0.4814
https://www.ouestaf.com/afrique-de-louest-large-coup-de-filet-dinterpol-contre-la-cybercriminalite/,Afrique de lOuest : large coup de filet dInterpol contre la cybercriminalité – Ouestaf . com,20250327T050000Z,French,ouestaf.com,Senegal,2025-03-27,2025-03,Mar 2025,"Ouestafnews - l’Organisation Internationale de Police criminelle (Interpol) a mené une vaste opération de lutte contre la cybercriminalité en Afrique, aboutissant à l’arrestation de plusieurs suspects et à la saisie de milliers d’appareils électroniques. L’action s’est déroulée entre novembre 2024 et février 2025. Elle a principalement ciblé des pays de…","Afrique de lOuest : large coup de filet dInterpol contre la cybercriminalité – Ouestaf . com. Ouestafnews - l’Organisation Internationale de Police criminelle (Interpol) a mené une vaste opération de lutte contre la cybercriminalité en Afrique, aboutissant à l’arrestation de plusieurs suspects et à la saisie de milliers d’appareils électroniques. L’action s’est déroulée entre novembre 2024 et février 2025. Elle a principalement ciblé des pays de…",titre+description,Negative,1,0,0,0.8642
https://www.huxiu.com/article/4167345.html,非洲的中国企业 ， 为何容易被欺负 ？ ,20250327T033000Z,Chinese,huxiu.com,China,2025-03-27,2025-03,Mar 2025,近期，尼日尔驱逐中石油中国籍高管，并吊销了中资酒店营业执照的事件引发舆论关注。中石油与尼日尔政府已合作20余年，为尼日尔经济发展做出了巨大贡献，为何突然遭此“背刺”？近年来，中国企业在非洲遭受敲诈勒索已非新鲜事，为什么中企相对于西方企业更容易被“欺负”？面对常态化不公对待，我们该怎样继续推进中非经济合作？《凤......,非洲的中国企业 ， 为何容易被欺负 ？. 近期，尼日尔驱逐中石油中国籍高管，并吊销了中资酒店营业执照的事件引发舆论关注。中石油与尼日尔政府已合作20余年，为尼日尔经济发展做出了巨大贡献，为何突然遭此“背刺”？近年来，中国企业在非洲遭受敲诈勒索已非新鲜事，为什么中企相对于西方企业更容易被“欺负”？面对常态化不公对待，我们该怎样继续推进中非经济合作？《凤......,titre+description,Negative,1,0,0,0.8609
https://www.thisdaylive.com/index.php/2025/03/27/npfl-bendel-insurance-hold-kano-pillars-in-midweek-stalemate/,NPFL : Bendel Insurance Hold Kano Pillars in Midweek Stalemate – THISDAYLIVE,20250327T013000Z,English,thisdaylive.com,Nigeria,2025-03-27,2025-03,Mar 2025,,NPFL : Bendel Insurance Hold Kano Pillars in Midweek Stalemate – THISDAYLIVE,titre seul,Neutral,0,1,0,0.88
https://www.thisdaylive.com/index.php/2025/03/27/rohr-insists-it-is-not-over-yet-for-nigeria-benin-republic/,"Rohr Insists It is Not Over Yet for Nigeria , Benin Republic – THISDAYLIVE",20250327T013000Z,English,thisdaylive.com,Nigeria,2025-03-27,2025-03,Mar 2025,,"Rohr Insists It is Not Over Yet for Nigeria , Benin Republic – THISDAYLIVE",titre seul,Neutral,0,1,0,0.6165
https://punchng.com/dafinone-hails-tinubu-umahi-for-fast-tracking-niger-delta-highway-projects/,"Dafinone hails Tinubu , Umahi for fast - tracking Niger Delta highway projects",20250327T013000Z,English,punchng.com,Nigeria,2025-03-27,2025-03,Mar 2025,"The lawmaker representing Delta Central senatorial district, Senator Ede Dafinone has commended President Bola Ahmed Tinubu and the Minister of Works,","Dafinone hails Tinubu , Umahi for fast - tracking Niger Delta highway projects. The lawmaker representing Delta Central senatorial district, Senator Ede Dafinone has commended President Bola Ahmed Tinubu and the Minister of Works,",titre+description,Neutral,0,1,0,0.5439
https://www.fratmat.info/article/2632643/societe/formation-professionnelle-les-membres-du-rafpro-reunis-a-abidjan,Formation professionnelle : Les membres du Rafpro réunis à Abidjan,20250327T011500Z,French,fratmat.info,Ivory Coast,2025-03-27,2025-03,Mar 2025,"Le Réseau africain des institutions et fonds de formation professionnelle (Rafpro) a débuté ses travaux, le mardi 25 mars au siège du Fonds de...","Formation professionnelle : Les membres du Rafpro réunis à Abidjan. Le Réseau africain des institutions et fonds de formation professionnelle (Rafpro) a débuté ses travaux, le mardi 25 mars au siège du Fonds de...",titre+description,Positive,0,0,1,0.5362
https://dailytimes.com.pk/1280200/nigerias-world-cup-qualifying-hopes-dealt-major-late-blow-egypt-morocco-move-closer/,"Nigeria World Cup qualifying hopes dealt major late blow ; Egypt , Morocco move closer",20250327T004500Z,English,dailytimes.com.pk,Pakistan,2025-03-27,2025-03,Mar 2025,"Nigeria conceded a last-minute goal in a major blow to its World Cup qualifying hopes on Tuesday, when Egypt and Morocco all but booked their places at next year’s tournament. Zizo´s goal was enough for unbeaten Egypt’s 1-0 win over Sierra Leone in Cairo, while Morocco looks assured of qualifying with a nine-point lead over […]","Nigeria World Cup qualifying hopes dealt major late blow ; Egypt , Morocco move closer. Nigeria conceded a last-minute goal in a major blow to its World Cup qualifying hopes on Tuesday, when Egypt and Morocco all but booked their places at next year’s tournament. Zizo´s goal was enough for unbeaten Egypt’s 1-0 win over Sierra Leone in Cairo, while Morocco looks assured of qualifying with a nine-point lead over […]",titre+description,Positive,0,0,1,0.4781
https://www.kmbc.com/article/3d-models-bridges/64188751,Half of US bridges are in  fair  condition . These 3D models show parts that go first,20250327T003000Z,English,kmbc.com,United States,2025-03-27,2025-03,Mar 2025,"To better understand the challenges of bridges, we've created interactive 3D models below that reveal the key factors contributing to bridge deterioration.","Half of US bridges are in  fair  condition . These 3D models show parts that go first. To better understand the challenges of bridges, we've created interactive 3D models below that reveal the key factors contributing to bridge deterioration.",titre+description,Neutral,0,1,0,0.5843
https://www.wpbf.com/article/3d-models-bridges/64188751,Half of US bridges are in  fair  condition . These 3D models show parts that go first,20250327T003000Z,English,wpbf.com,United States,2025-03-27,2025-03,Mar 2025,"To better understand the challenges of bridges, we've created interactive 3D models below that reveal the key factors contributing to bridge deterioration.","Half of US bridges are in  fair  condition . These 3D models show parts that go first. To better understand the challenges of bridges, we've created interactive 3D models below that reveal the key factors contributing to bridge deterioration.",titre+description,Neutral,0,1,0,0.5843
https://lanouvelletribune.info/2025/03/benin-deces-de-quatre-enfants-dans-un-incendie-a-hevie/,Bénin  : Décès de quatre enfants dans un incendie à Hêvié,20250327T001500Z,French,lanouvelletribune.info,Benin,2025-03-27,2025-03,Mar 2025,"Un tragique incendie a coûté la vie à quatre enfants, dimanche après-midi, dans le quartier Adovié, arrondissement de Hêvié, à Abomey-Calavi. Selon Peace Fm, le drame s’est produit alors que les enfants se trouvaient seuls à la maison. D’après les témoignages recueillis sur place, les victimes sont","Bénin  : Décès de quatre enfants dans un incendie à Hêvié. Un tragique incendie a coûté la vie à quatre enfants, dimanche après-midi, dans le quartier Adovié, arrondissement de Hêvié, à Abomey-Calavi. Selon Peace Fm, le drame s’est produit alors que les enfants se trouvaient seuls à la maison. D’après les témoignages recueillis sur place, les victimes sont",titre+description,Negative,1,0,0,0.932
https://lanouvelletribune.info/2025/03/benin-la-criet-reporte-a-nouveau-le-dossier-houndegnon/?doing_wp_cron=1743033737.1476359367370605468750,Bénin : La Criet reporte à nouveau le dossier Houndégnon,20250327T001500Z,French,lanouvelletribune.info,Benin,2025-03-27,2025-03,Mar 2025,"L’ancien directeur général de la Police nationale, Louis-Philippe Houndégnon, devra patienter encore avant d’être fixé sur son sort. Prévue ce lundi 24 mars 2025, l’audience devant la Cour de répression des infractions économiques et du terrorisme (Criet) a une nouvelle fois été reportée. Il s’agit","Bénin : La Criet reporte à nouveau le dossier Houndégnon. L’ancien directeur général de la Police nationale, Louis-Philippe Houndégnon, devra patienter encore avant d’être fixé sur son sort. Prévue ce lundi 24 mars 2025, l’audience devant la Cour de répression des infractions économiques et du terrorisme (Criet) a une nouvelle fois été reportée. Il s’agit",titre+description,Negative,1,0,0,0.8488
https://www.wlwt.com/article/3d-models-bridges/64188751,Half of US bridges are in  fair  condition . These 3D models show parts that go first,20250327T000000Z,English,wlwt.com,United States,2025-03-27,2025-03,Mar 2025,"To better understand the challenges of bridges, we've created interactive 3D models below that reveal the key factors contributing to bridge deterioration.","Half of US bridges are in  fair  condition . These 3D models show parts that go first. To better understand the challenges of bridges, we've created interactive 3D models below that reveal the key factors contributing to bridge deterioration.",titre+description,Neutral,0,1,0,0.5843
https://www.wisn.com/article/3d-models-bridges/64188751,Half of US bridges are in  fair  condition . These 3D models show parts that go first,20250326T234500Z,English,wisn.com,United States,2025-03-26,2025-03,Mar 2025,"To better understand the challenges of bridges, we've created interactive 3D models below that reveal the key factors contributing to bridge deterioration.","Half of US bridges are in  fair  condition . These 3D models show parts that go first. To better understand the challenges of bridges, we've created interactive 3D models below that reveal the key factors contributing to bridge deterioration.",titre+description,Neutral,0,1,0,0.5843
https://www.wcvb.com/article/3d-models-bridges/64188751,Half of US bridges are in  fair  condition . These 3D models show parts that go first,20250326T231500Z,English,wcvb.com,United States,2025-03-26,2025-03,Mar 2025,"To better understand the challenges of bridges, we've created interactive 3D models below that reveal the key factors contributing to bridge deterioration.","Half of US bridges are in  fair  condition . These 3D models show parts that go first. To better understand the challenges of bridges, we've created interactive 3D models below that reveal the key factors contributing to bridge deterioration.",titre+description,Neutral,0,1,0,0.5843
https://www.wtae.com/article/3d-models-bridges/64188751,Half of US bridges are in  fair  condition . These 3D models show parts that go first,20250326T223000Z,English,wtae.com,United States,2025-03-26,2025-03,Mar 2025,"To better understand the challenges of bridges, we've created interactive 3D models below that reveal the key factors contributing to bridge deterioration.","Half of US bridges are in  fair  condition . These 3D models show parts that go first. To better understand the challenges of bridges, we've created interactive 3D models below that reveal the key factors contributing to bridge deterioration.",titre+description,Neutral,0,1,0,0.5843
https://www.4029tv.com/article/3d-models-bridges/64188751,Half of US bridges are in  fair  condition . These 3D models show parts that go first,20250326T221500Z,English,4029tv.com,United States,2025-03-26,2025-03,Mar 2025,"To better understand the challenges of bridges, we've created interactive 3D models below that reveal the key factors contributing to bridge deterioration.","Half of US bridges are in  fair  condition . These 3D models show parts that go first. To better understand the challenges of bridges, we've created interactive 3D models below that reveal the key factors contributing to bridge deterioration.",titre+description,Neutral,0,1,0,0.5843
https://www.biometricupdate.com/202503/regula-id-document-fraud-detection-now-covers-15k-different-types,Regula ID document fraud detection now covers 15K different types,20250326T221500Z,English,biometricupdate.com,United States,2025-03-26,2025-03,Mar 2025,"The identity verification company now has 15,000 document templates from over 250 countries and jurisdictions in its identity document database.","Regula ID document fraud detection now covers 15K different types. The identity verification company now has 15,000 document templates from over 250 countries and jurisdictions in its identity document database.",titre+description,Neutral,0,1,0,0.8096
https://dailypost.ng/2025/03/26/broos-rates-south-africas-chances-of-qualifying-for-world-cup/,Broos rates South Africa chances of qualifying for World Cup,20250326T220000Z,English,dailypost.ng,Nigeria,2025-03-26,2025-03,Mar 2025,"Bafana Bafana coach Hugo Broos has said that South Africa is in a good position to qualify for the 2026 FIFA World Cup, ahead of the likes of Nigeria,","Broos rates South Africa chances of qualifying for World Cup. Bafana Bafana coach Hugo Broos has said that South Africa is in a good position to qualify for the 2026 FIFA World Cup, ahead of the likes of Nigeria,",titre+description,Positive,0,0,1,0.7009
https://www.wvtm13.com/article/3d-models-bridges/64188751,Half of US bridges are in  fair  condition . These 3D models show parts that go first,20250326T220000Z,English,wvtm13.com,United States,2025-03-26,2025-03,Mar 2025,"To better understand the challenges of bridges, we've created interactive 3D models below that reveal the key factors contributing to bridge deterioration.","Half of US bridges are in  fair  condition . These 3D models show parts that go first. To better understand the challenges of bridges, we've created interactive 3D models below that reveal the key factors contributing to bridge deterioration.",titre+description,Neutral,0,1,0,0.5843
https://www.wmur.com/article/3d-models-bridges/64188751,Half of US bridges are in  fair  condition . These 3D models show parts that go first,20250326T214500Z,English,wmur.com,United States,2025-03-26,2025-03,Mar 2025,"To better understand the challenges of bridges, we've created interactive 3D models below that reveal the key factors contributing to bridge deterioration.","Half of US bridges are in  fair  condition . These 3D models show parts that go first. To better understand the challenges of bridges, we've created interactive 3D models below that reveal the key factors contributing to bridge deterioration.",titre+description,Neutral,0,1,0,0.5843
https://afriquinfos.com/qualifs-mondial-2026-point-dans-les-groupes-en-afrique-apres-une-6e-journee-tres-enlevee/,Qualifs Mondial 2026 : Point dans les groupes en Afrique après une 6è journée très enlevée,20250326T214500Z,French,afriquinfos.com,Morocco,2025-03-26,2025-03,Mar 2025,"Le Caire (© 2025 Afriquinfos)- Débutée le dimanche, la 6ème journée des éliminatoires africaines pour le Mondial 2026 se sont achevée mardi le 25","Qualifs Mondial 2026 : Point dans les groupes en Afrique après une 6è journée très enlevée. Le Caire (© 2025 Afriquinfos)- Débutée le dimanche, la 6ème journée des éliminatoires africaines pour le Mondial 2026 se sont achevée mardi le 25",titre+description,Positive,0,0,1,0.463
https://www.laprovence.com/article/om/8317295077903414/om-quentin-merlin-encore-un-cap-a-franchir,"OM . Quentin Merlin , encore un cap à franchir",20250326T213000Z,French,laprovence.com,France,2025-03-26,2025-03,Mar 2025,"OM. Quentin Merlin, encore un cap à franchir","OM . Quentin Merlin , encore un cap à franchir. OM. Quentin Merlin, encore un cap à franchir",titre+description,Positive,0,0,1,0.7582
https://www.wmtw.com/article/3d-models-bridges/64188751,Half of US bridges are in  fair  condition . These 3D models show parts that go first,20250326T210000Z,English,wmtw.com,United States,2025-03-26,2025-03,Mar 2025,"To better understand the challenges of bridges, we've created interactive 3D models below that reveal the key factors contributing to bridge deterioration.","Half of US bridges are in  fair  condition . These 3D models show parts that go first. To better understand the challenges of bridges, we've created interactive 3D models below that reveal the key factors contributing to bridge deterioration.",titre+description,Neutral,0,1,0,0.5843
https://www.pressafrik.com/Loi-d-interpretation-de-loi-d-amnistie-les-cadres-de-la-Republique-des-valeurs-denoncent-un-habillage-trompeur-et-une_a286933.html,Loi dinterprétation de loi damnistie : les cadres de la République des valeurs dénoncent un  habillage  trompeur et une rcriture de la loi sur lamnistie,20250326T210000Z,French,pressafrik.com,Senegal,2025-03-26,2025-03,Mar 2025,"Le Cercle des Cadres de la République des Valeurs (CECAR) s’est exprimé lors d’une conférence de presse ce mercredi 26 mars, dénonçant ce qu’ils considèrent comme un « habillage destiné à désoriente...","Loi dinterprétation de loi damnistie : les cadres de la République des valeurs dénoncent un  habillage  trompeur et une rcriture de la loi sur lamnistie. Le Cercle des Cadres de la République des Valeurs (CECAR) s’est exprimé lors d’une conférence de presse ce mercredi 26 mars, dénonçant ce qu’ils considèrent comme un « habillage destiné à désoriente...",titre+description,Negative,1,0,0,0.9131
https://www.focus-news.net/novini/mejdunarodni/Beni-Ganc-Izrael-e-na-ruba-na-grazhdanska-voina-2497669,Бени Ганц : Израел е на ръба на гражданска война,20250326T204500Z,Bulgarian,focus-news.net,Bulgaria,2025-03-26,2025-03,Mar 2025,"Бившият министър от израелското правителство Бени Ганц се срещна с министъра на правосъдието на страната Ярив Левин в опит да го убеди да отмени противоречивия закон за назначаването на съдии, предупреждавайки, че Израел е ""на ръба на гражданска война"", пише Ynet.","Бени Ганц : Израел е на ръба на гражданска война. Бившият министър от израелското правителство Бени Ганц се срещна с министъра на правосъдието на страната Ярив Левин в опит да го убеди да отмени противоречивия закон за назначаването на съдии, предупреждавайки, че Израел е ""на ръба на гражданска война"", пише Ynet.",titre+description,Neutral,0,1,0,0.5426
https://allafrica.com/stories/202503260589.html,Liberia : New Acting Director General of Nafaa Calls for Financial Audit Amid U . S . $3 . 1 Million Arrears,20250326T204500Z,English,allafrica.com,Nigeria,2025-03-26,2025-03,Mar 2025,,Liberia : New Acting Director General of Nafaa Calls for Financial Audit Amid U . S . $3 . 1 Million Arrears,titre seul,Neutral,0,1,0,0.5767
https://www.yahoo.com/news/sun-turns-crescent-partial-eclipse-195552011.html,Sun turns into crescent in partial eclipse,20250326T203000Z,English,yahoo.com,United States,2025-03-26,2025-03,Mar 2025,A partial eclipse will turn the Sun into a crescent this Saturday as the Moon moves in front of it.,Sun turns into crescent in partial eclipse. A partial eclipse will turn the Sun into a crescent this Saturday as the Moon moves in front of it.,titre+description,Neutral,0,1,0,0.5641
https://www.wdsu.com/article/3d-models-bridges/64188751,Half of US bridges are in  fair  condition . These 3D models show parts that go first,20250326T203000Z,English,wdsu.com,United States,2025-03-26,2025-03,Mar 2025,"To better understand the challenges of bridges, we've created interactive 3D models below that reveal the key factors contributing to bridge deterioration.","Half of US bridges are in  fair  condition . These 3D models show parts that go first. To better understand the challenges of bridges, we've created interactive 3D models below that reveal the key factors contributing to bridge deterioration.",titre+description,Neutral,0,1,0,0.5843
https://www.ksbw.com/article/3d-models-bridges/64188751,Half of US bridges are in  fair  condition . These 3D models show parts that go first,20250326T201500Z,English,ksbw.com,United States,2025-03-26,2025-03,Mar 2025,"To better understand the challenges of bridges, we've created interactive 3D models below that reveal the key factors contributing to bridge deterioration.","Half of US bridges are in  fair  condition . These 3D models show parts that go first. To better understand the challenges of bridges, we've created interactive 3D models below that reveal the key factors contributing to bridge deterioration.",titre+description,Neutral,0,1,0,0.5843
https://guardian.ng/politics/apc-pdp-clash-over-alleged-sponsored-protest-in-edo/,"APC , PDP clash over alleged sponsored protest in Edo",20250326T191500Z,English,guardian.ng,Nigeria,2025-03-26,2025-03,Mar 2025,,"APC , PDP clash over alleged sponsored protest in Edo",titre seul,Negative,1,0,0,0.7342
https://tribuneonlineng.com/photos-ogun-customs-seizes-7m-cfa-at-border/,PHOTOS : Ogun customs seizes 7m CFA at border,20250326T181500Z,English,tribuneonlineng.com,Nigeria,2025-03-26,2025-03,Mar 2025,,PHOTOS : Ogun customs seizes 7m CFA at border,titre seul,Neutral,0,1,0,0.6037
https://www.afrik-foot.com/coupe-du-monde-2026-q-nigeria-mali-guinee-ces-cadors-qui-pourraient-manquer-le-mondial,"Coupe du monde 2026 ( Q ) : Nigeria , Mali , Guinée ... Ces cadors qui pourraient manquer le Mondial",20250326T181500Z,French,afrik-foot.com,Morocco,2025-03-26,2025-03,Mar 2025,Les cinquième et sixième journées des qualifications pour la Coupe du monde 2026 se sont achevées ce mardi. Tour d’horizon sur ces poids lourds en péril.,"Coupe du monde 2026 ( Q ) : Nigeria , Mali , Guinée ... Ces cadors qui pourraient manquer le Mondial. Les cinquième et sixième journées des qualifications pour la Coupe du monde 2026 se sont achevées ce mardi. Tour d’horizon sur ces poids lourds en péril.",titre+description,Negative,1,0,0,0.8406
https://www.zazoom.it/2025-03-26/riti-voodoo-contro-gli-inquirenti-e-il-pubblico-ministero-a-chiederli-sarebbe-stato-louis-dassilva/16649838/,Riti voodoo contro gli inquirenti e il pubblico ministero a chiederli sarebbe stato Louis Dassilva,20250326T171500Z,Italian,zazoom.it,Italy,2025-03-26,2025-03,Mar 2025,,Riti voodoo contro gli inquirenti e il pubblico ministero a chiederli sarebbe stato Louis Dassilva,titre seul,Negative,1,0,0,0.7691
https://reporterre.net/La-seule-formation-francaise-au-journalisme-vert-est-en-peril,La seule formation française au journalisme  vert  est en péril,20250326T170000Z,French,reporterre.net,France,2025-03-26,2025-03,Mar 2025,,La seule formation française au journalisme  vert  est en péril,titre seul,Negative,1,0,0,0.9505
https://medafricatimes.com/39475-morocco-egypt-move-closer-to-world-cup-qualification-while-south-africa-face-points-deduction.html,"Morocco , Egypt Move Closer to World Cup Qualification , While South Africa Face Points Deduction – Medafrica Times",20250326T170000Z,English,medafricatimes.com,Morocco,2025-03-26,2025-03,Mar 2025,,"Morocco , Egypt Move Closer to World Cup Qualification , While South Africa Face Points Deduction – Medafrica Times",titre seul,Neutral,0,1,0,0.6279
https://lanouvelletribune.info/2025/03/un-cuisinier-beninois-juge-a-la-criet-pour-vol-dun-million-de-dollars/,Un cuisinier béninois jugé à la CRIET pour vol dun million de dollars – La Nouvelle Tribune,20250326T170000Z,French,lanouvelletribune.info,Benin,2025-03-26,2025-03,Mar 2025,La Cour de répression des infractions économiques et du terrorisme (CRIET) examine un dossier impliquant un cuisinier béninois accusé d’avoir dérobé un million de dollars à ses employeurs libanais au Nigeria. L’homme aurait forcé un coffre-fort appartenant aux propriétaires d’une entreprise et se se,Un cuisinier béninois jugé à la CRIET pour vol dun million de dollars – La Nouvelle Tribune. La Cour de répression des infractions économiques et du terrorisme (CRIET) examine un dossier impliquant un cuisinier béninois accusé d’avoir dérobé un million de dollars à ses employeurs libanais au Nigeria. L’homme aurait forcé un coffre-fort appartenant aux propriétaires d’une entreprise et se se,titre+description,Negative,1,0,0,0.9165
https://lanouvelletribune.info/2025/03/benin-le-japon-accorde-un-complement-de-fonds-pour-lechangeur-de-vedoko/,Bénin : Le Japon accorde un complément de fonds pour l  échangeur de Vêdoko – La Nouvelle Tribune,20250326T170000Z,French,lanouvelletribune.info,Benin,2025-03-26,2025-03,Mar 2025,"La coopération entre le Bénin et le Japon se renforce à travers un appui financier supplémentaire destiné à la construction de l’échangeur du Carrefour Vêdoko à Cotonou. Ce mardi 25 mars, S.E.M. UEZONO Hideki, Ambassadeur extraordinaire et plénipotentiaire du Japon près la République du Bénin, a pri","Bénin : Le Japon accorde un complément de fonds pour l  échangeur de Vêdoko – La Nouvelle Tribune. La coopération entre le Bénin et le Japon se renforce à travers un appui financier supplémentaire destiné à la construction de l’échangeur du Carrefour Vêdoko à Cotonou. Ce mardi 25 mars, S.E.M. UEZONO Hideki, Ambassadeur extraordinaire et plénipotentiaire du Japon près la République du Bénin, a pri",titre+description,Positive,0,0,1,0.778
https://www.camer.be/88763/7:1/qualifications-coupe-du-monde-2026-zone-afrique-le-point-sur-les-classements-africa.html,Actualités AFRIQUE :: Qualifications Coupe du Monde 2026 – Zone Afrique : Le Point sur les Classements :: AFRICA News,20250326T164500Z,French,camer.be,Belgium,2025-03-26,2025-03,Mar 2025,,Actualités AFRIQUE :: Qualifications Coupe du Monde 2026 – Zone Afrique : Le Point sur les Classements :: AFRICA News,titre seul,Neutral,0,1,0,0.8678
https://www.premiumtimesng.com/news/top-news/800836-unical-clinical-lecturers-begin-indefinite-strike-over-discriminatory-vc-selection-criteria.html,UNICAL clinical lecturers begin indefinite strike over discriminatory VC selection criteria,20250614T171500Z,English,premiumtimesng.com,Nigeria,2025-06-14,2025-06,Jun 2025,"MDCAN argues that this requirement disqualifies its members, most of whom possess a Medical Fellowship, described by the group as a globally recognised “terminal degree” for clinical academic staff","UNICAL clinical lecturers begin indefinite strike over discriminatory VC selection criteria. MDCAN argues that this requirement disqualifies its members, most of whom possess a Medical Fellowship, described by the group as a globally recognised “terminal degree” for clinical academic staff",titre+description,Negative,1,0,0,0.662
https://pidgin.informationng.com/?p=31362,How JNIM wey get link wit al - Qaeda take turn one of di most deadly terror groups for Africa,20250614T163000Z,English,pidgin.informationng.com,Nigeria,2025-06-14,2025-06,Jun 2025,"Getty Images
        One soldier from di Malian army wey carry machine gun dey for back of truck as dem dey patrol di road between Mopti and Djenne
      Surging jihadist violence wey dey sweep across Burkina Faso, Mali and Niger dey make pipo worry say di Sahel region for West Africa fit dey destab","How JNIM wey get link wit al - Qaeda take turn one of di most deadly terror groups for Africa. Getty Images
        One soldier from di Malian army wey carry machine gun dey for back of truck as dem dey patrol di road between Mopti and Djenne
      Surging jihadist violence wey dey sweep across Burkina Faso, Mali and Niger dey make pipo worry say di Sahel region for West Africa fit dey destab",titre+description,Negative,1,0,0,0.6127
https://punchng.com/neco-conducts-common-entrance-exams-as-benin-togo-participate/,"NECO Exams 2024 : 64 , 000+ Sit for Entrance Exam",20250614T163000Z,English,punchng.com,Nigeria,2025-06-14,2025-06,Jun 2025,"Over 64,000 students from Nigeria, Benin, and Togo took the NECO common entrance exam for Federal Government Colleges. Minister expresses satisfaction with exam conduct. Learn more!","NECO Exams 2024 : 64 , 000+ Sit for Entrance Exam. Over 64,000 students from Nigeria, Benin, and Togo took the NECO common entrance exam for Federal Government Colleges. Minister expresses satisfaction with exam conduct. Learn more!",titre+description,Positive,0,0,1,0.6695
https://thesun.ng/64-000-candidates-jostle-for-admission-spaces-in-fgcs/,"64 , 000 candidates jostle for admission spaces in FGCs",20250614T161500Z,English,thesun.ng,,2025-06-14,2025-06,Jun 2025,"A total of 64,000 candidates from Nigeria, Benin Republic, and Togo participated in the 2025 National Common Entrance Examination (NCEE) for admission into Federal Government Colleges (FGCs) conducted by the National Examinations Council (NECO).","64 , 000 candidates jostle for admission spaces in FGCs. A total of 64,000 candidates from Nigeria, Benin Republic, and Togo participated in the 2025 National Common Entrance Examination (NCEE) for admission into Federal Government Colleges (FGCs) conducted by the National Examinations Council (NECO).",titre+description,Neutral,0,1,0,0.7836
https://www.senenews.com/actualites/economie/marche-financier-de-luemoa-la-cote-divoire-prete-de-largent-au-senegal_545838.html,Marché financier de lUEMOA : La Côte dIvoire prête de largent au Sénégal,20250614T151500Z,French,senenews.com,Senegal,2025-06-14,2025-06,Jun 2025,"En quête de financement pour combler son déficit budgétaire, le Sénégal a levé ce vendredi 13 juin 2025 près de 77 milliards de francs CFA sur le marché des","Marché financier de lUEMOA : La Côte dIvoire prête de largent au Sénégal. En quête de financement pour combler son déficit budgétaire, le Sénégal a levé ce vendredi 13 juin 2025 près de 77 milliards de francs CFA sur le marché des",titre+description,Positive,0,0,1,0.6541
https://techcabal.com/2025/06/14/day-1-1000-belonwus/,  I almost got fired from Bamboo : Day 1 - 1000 of Belonwus,20250614T144500Z,English,techcabal.com,Nigeria,2025-06-14,2025-06,Jun 2025,"From ₦5,000 logos to Zap and Sporting Lagos — how Jordan Belonwu built, Belonwus, the studio redefining branding in Nigerian tech.","I almost got fired from Bamboo : Day 1 - 1000 of Belonwus. From ₦5,000 logos to Zap and Sporting Lagos — how Jordan Belonwu built, Belonwus, the studio redefining branding in Nigerian tech.",titre+description,Negative,1,0,0,0.5496
https://www.gouv.bj/article/3118/verdissement-urbain-benin-engage-avec-50.000-plantes-decoratives-cadre-plus-attractif/,Verdissement urbain : Le Bénin sengage avec 50 . 000 plantes décoratives pour un cadre de vie plus attractif,20250614T144500Z,French,gouv.bj,Benin,2025-06-14,2025-06,Jun 2025,,Verdissement urbain : Le Bénin sengage avec 50 . 000 plantes décoratives pour un cadre de vie plus attractif,titre seul,Positive,0,0,1,0.8746
https://www.gouv.bj:443/article/3118/verdissement-urbain-benin-engage-avec-50.000-plantes-decoratives-cadre-plus-attractif/,Verdissement urbain : Le Bénin sengage avec 50 . 000 plantes décoratives pour un cadre de vie plus attractif,20250614T144500Z,French,gouv.bj,Benin,2025-06-14,2025-06,Jun 2025,,Verdissement urbain : Le Bénin sengage avec 50 . 000 plantes décoratives pour un cadre de vie plus attractif,titre seul,Positive,0,0,1,0.8746
https://www.lemonde.fr/culture/article/2025/06/14/lenine-chanteur-et-guitariste-bresilien-le-frevo-j-ai-baigne-dedans_6613029_3246.html,"Lenine , chanteur et guitariste brésilien :  Le frevo , jai baigné dedans ",20250614T141500Z,French,lemonde.fr,France,2025-06-14,2025-06,Jun 2025,,"Lenine , chanteur et guitariste brésilien :  Le frevo , jai baigné dedans",titre seul,Negative,1,0,0,0.4078
http://met.cittametropolitana.fi.it/news.aspx?n=390828,MET - SantEgidio : il 15 giugno la beatificazione di Floribert Bwana Chui,20250614T141500Z,Italian,met.cittametropolitana.fi.it,Italy,2025-06-14,2025-06,Jun 2025,,MET - SantEgidio : il 15 giugno la beatificazione di Floribert Bwana Chui,titre seul,Neutral,0,1,0,0.8974
https://theeagleonline.com.ng/minister-commissions-nddc-projects-in-cross-river/,Minister commissions NDDC projects in Cross River,20250614T133000Z,English,theeagleonline.com.ng,Nigeria,2025-06-14,2025-06,Jun 2025,The Minister of Regional Development also flagged off the first phase of the distribution of handheld tiller machines to farmers by the NDDC.,Minister commissions NDDC projects in Cross River. The Minister of Regional Development also flagged off the first phase of the distribution of handheld tiller machines to farmers by the NDDC.,titre+description,Neutral,0,1,0,0.6589
https://leadership.ng/64000-candidates-vie-for-admission-in-unity-schools/,"64 , 000 Candidates Vie For Admission In Unity Schools",20250614T133000Z,English,leadership.ng,Nigeria,2025-06-14,2025-06,Jun 2025,,"64 , 000 Candidates Vie For Admission In Unity Schools",titre seul,Neutral,0,1,0,0.7308
https://lanouvelletribune.info/2025/06/elections-2026-la-cena-devoile-ses-innovations-aux-partis-beninois/,Élections générales de 2026 : la CENA dévoile ses innovations aux partis politiques,20250614T133000Z,French,lanouvelletribune.info,Benin,2025-06-14,2025-06,Jun 2025,(Le point sur l'avancement du chronogramme et les prochaines échéances du processus électoral) Les formations politiques béninoises étaient réunies vendredi 13 juin 2025 par la Commission électorale nationale autonome (CENA) pour faire le point sur l'organisation des élections générales de 2026. Cet,Élections générales de 2026 : la CENA dévoile ses innovations aux partis politiques. (Le point sur l'avancement du chronogramme et les prochaines échéances du processus électoral) Les formations politiques béninoises étaient réunies vendredi 13 juin 2025 par la Commission électorale nationale autonome (CENA) pour faire le point sur l'organisation des élections générales de 2026. Cet,titre+description,Positive,0,0,1,0.6736
https://www.lanazione.it/cronaca/il-sogno-di-floribert-bwana-chui-mettere-alla-stessa-tavola-i-popoli-del-mondo-bbc8a315,Il sogno di Floribert Bwana Chui :  Mettere alla stessa tavola i popoli del mondo  ,20250614T133000Z,Italian,lanazione.it,Italy,2025-06-14,2025-06,Jun 2025,"Domenica 15 giugno verrà beatificato. Ucciso a Goma, a 26 anni, per aver bloccato il passaggio di generi alimentari deteriorati. Delegazioni anche dalla Toscana","Il sogno di Floribert Bwana Chui :  Mettere alla stessa tavola i popoli del mondo. Domenica 15 giugno verrà beatificato. Ucciso a Goma, a 26 anni, per aver bloccato il passaggio di generi alimentari deteriorati. Delegazioni anche dalla Toscana",titre+description,Negative,1,0,0,0.9232
https://dailypost.ng/2025/06/14/neco-64000-candidates-take-common-entrance-exam-in-nigeria-benin-republic-togo/,"NECO : 64 , 000 candidates take common entrance exam in Nigeria , Benin Republic , Togo",20250614T131500Z,English,dailypost.ng,Nigeria,2025-06-14,2025-06,Jun 2025,"No fewer than 64,000 candidates from Nigeria, Benin Republic, and Togo have participated in the 2025 National Common Entrance Examination, NCEE, for","NECO : 64 , 000 candidates take common entrance exam in Nigeria , Benin Republic , Togo. No fewer than 64,000 candidates from Nigeria, Benin Republic, and Togo have participated in the 2025 National Common Entrance Examination, NCEE, for",titre+description,Neutral,0,1,0,0.6654
https://icilome.com/2025/06/togo-vingt-ans-et-apres/,"Togo - Vingt ans , et après ? - ",20250614T130000Z,French,icilome.com,Togo,2025-06-14,2025-06,Jun 2025,"En Afrique de l’Ouest, hormis les régimes putschistes, il était un des rares à refuser la limitation (à deux) des…","Togo - Vingt ans , et après ? -. En Afrique de l’Ouest, hormis les régimes putschistes, il était un des rares à refuser la limitation (à deux) des…",titre+description,Negative,1,0,0,0.7762
https://tribuneonlineng.com/examining-impact-of-seplat-energys-eye-can-see-programme/,Examining impact of Seplat Energy  Eye Can See  programme,20250614T124500Z,English,tribuneonlineng.com,Nigeria,2025-06-14,2025-06,Jun 2025,,Examining impact of Seplat Energy  Eye Can See  programme,titre seul,Neutral,0,1,0,0.7784
https://laprovinciapavese.gelocal.it/italia-mondo/2025/06/14/news/floribert_bwana_chui_beato_chi_e-15191336/,"Domani Beato Floribert Bwana Chui , il martire anti - corruzione",20250614T123000Z,Italian,laprovinciapavese.gelocal.it,Italy,2025-06-14,2025-06,Jun 2025,"Decine di vescovi e missionari africani a Roma per la beatificazione di Floribert Bwana Chui, membro della Comunità di Sant’Egidio ucciso dai trafficanti alla …","Domani Beato Floribert Bwana Chui , il martire anti - corruzione. Decine di vescovi e missionari africani a Roma per la beatificazione di Floribert Bwana Chui, membro della Comunità di Sant’Egidio ucciso dai trafficanti alla …",titre+description,Negative,1,0,0,0.9311
"https://www.bladi.net/lions-atlas-victoires-qui-changent-tout,115248.html",Lions de lAtlas : 12 victoires qui changent tout,20250614T113000Z,French,bladi.net,Morocco,2025-06-14,2025-06,Jun 2025,"Avec ses dernières performances, le Maroc va probablement gagner des points au classement mondial FIFA et se rapprocher de la 10ᵉ place devant l'Allemagne. (…)","Lions de lAtlas : 12 victoires qui changent tout. Avec ses dernières performances, le Maroc va probablement gagner des points au classement mondial FIFA et se rapprocher de la 10ᵉ place devant l'Allemagne. (…)",titre+description,Positive,0,0,1,0.9117
https://news.dahe.cn/2025/06-14/1947765.html,特稿丨在希望的田野上 中国农机助力非洲农业现代化 - 大河网,20250614T104500Z,Chinese,news.dahe.cn,China,2025-06-14,2025-06,Jun 2025,,特稿丨在希望的田野上 中国农机助力非洲农业现代化 - 大河网,titre seul,Neutral,0,1,0,0.4649
https://invdes.com.mx/los-investigadores/en-mexico-tenemos-evidencia-de-presencia-humana-desde-hace-13-mil-anos-maria-avila-arcos/,"En México , tenemos evidencia de presencia humana desde hace 13 mil años : María Ávila Arcos",20250614T103000Z,Spanish,invdes.com.mx,Mexico,2025-06-14,2025-06,Jun 2025,"“Las relaciones entre humanos y patógenos sirven como indicadores poderosos para investigar nuestra propia historia evolutiva”, agregó la investigadora del Laboratorio Internacional de Investigación sobre el Genoma Humano de la UNAM “En México, tenemos evidencia de presencia humana de hace 13 mil años. Esta población que llegó desde ese tiempo ha cambiado de manera drástica […]","En México , tenemos evidencia de presencia humana desde hace 13 mil años : María Ávila Arcos. “Las relaciones entre humanos y patógenos sirven como indicadores poderosos para investigar nuestra propia historia evolutiva”, agregó la investigadora del Laboratorio Internacional de Investigación sobre el Genoma Humano de la UNAM “En México, tenemos evidencia de presencia humana de hace 13 mil años. Esta población que llegó desde ese tiempo ha cambiado de manera drástica […]",titre+description,Neutral,0,1,0,0.6392
https://www.thecable.ng/united-capital-expands-into-all-francophone-west-african-countries/,United Capital expands into ALL Francophone West African countries,20250614T103000Z,English,thecable.ng,Nigeria,2025-06-14,2025-06,Jun 2025,"United Capital Plc has announced the establishment of a new subsidiary, United Capital Asset Management West Africa Limited (UCAMWAL), in Abidjan, Côte d’Ivoire.","United Capital expands into ALL Francophone West African countries. United Capital Plc has announced the establishment of a new subsidiary, United Capital Asset Management West Africa Limited (UCAMWAL), in Abidjan, Côte d’Ivoire.",titre+description,Neutral,0,1,0,0.652
https://www.union.sonapresse.com/fr/sortir-de-lombre-un-colloque-pour-rendre-visible-le-travail-des-chercheurs,Sortir de lombre : un colloque pour rendre visible le travail des chercheurs,20250614T101500Z,French,union.sonapresse.com,Gabon,2025-06-14,2025-06,Jun 2025,"Face à l’invisibilisation des travaux des chercheurs africains, le colloque international ""Sortir de l’ombre"" tenu récemment à Libreville s’impose peut-être comme une réponse audacieuse.","Sortir de lombre : un colloque pour rendre visible le travail des chercheurs. Face à l’invisibilisation des travaux des chercheurs africains, le colloque international ""Sortir de l’ombre"" tenu récemment à Libreville s’impose peut-être comme une réponse audacieuse.",titre+description,Positive,0,0,1,0.8377
https://www.sxdaily.com.cn/2025-06/14/content_11212749.html,特稿丨在希望的田野上 中国农机助力非洲农业现代化,20250614T100000Z,Chinese,sxdaily.com.cn,China,2025-06-14,2025-06,Jun 2025,,特稿丨在希望的田野上 中国农机助力非洲农业现代化,titre seul,Neutral,0,1,0,0.473
https://www.hinews.cn/page?n=2718954&m=1&s=1044,特稿丨在希望的田野上 中国农机助力非洲农业现代化 - 南海网,20250614T094500Z,Chinese,hinews.cn,China,2025-06-14,2025-06,Jun 2025,南海网由海南日报报业集团主办，是海南省唯一重点新闻网站，海南省最具影响力的综合门户网站，海南自贸港权威信息发布平台，第一时间发布最新的海南新闻和资讯。,特稿丨在希望的田野上 中国农机助力非洲农业现代化 - 南海网. 南海网由海南日报报业集团主办，是海南省唯一重点新闻网站，海南省最具影响力的综合门户网站，海南自贸港权威信息发布平台，第一时间发布最新的海南新闻和资讯。,titre+description,Neutral,0,1,0,0.5502
http://www.24haubenin.info/?Plus-de-1600-hectares-d-arbres-fruitiers-prevus-au-Benin,Plus de 1600 hectares darbres fruitiers prévus au Bénin,20250614T091500Z,French,24haubenin.info,Benin,2025-06-14,2025-06,Jun 2025,,Plus de 1600 hectares darbres fruitiers prévus au Bénin,titre seul,Positive,0,0,1,0.5266
https://news.ycwb.com/ikinvkmtjo/content_53470258.htm,特稿丨在希望的田野上 中国农机助力非洲农业现代化,20250614T090000Z,Chinese,news.ycwb.com,China,2025-06-14,2025-06,Jun 2025,éç¾ç½,特稿丨在希望的田野上 中国农机助力非洲农业现代化. éç¾ç½,titre+description,Neutral,0,1,0,0.483
https://leadership.ng/airline-partners-sabre-technology-to-improve-visibility-commercial-capability/,"Airline Partners Sabre Technology , To Improve Visibility , Commercial Capability . ",20250614T083000Z,English,leadership.ng,Nigeria,2025-06-14,2025-06,Jun 2025,,"Airline Partners Sabre Technology , To Improve Visibility , Commercial Capability .",titre seul,Positive,0,0,1,0.563
https://www.163.com/dy/article/K214MLVE0514R9OJ.html,特稿丨在希望的田野上 中国农机助力非洲农业现代化,20250614T083000Z,Chinese,163.com,China,2025-06-14,2025-06,Jun 2025,"特稿丨在希望的田野上——中国农机助力非洲农业现代化,非洲,贝宁,水稻,中国农机,农业现代化,农业农村部,在希望的田野上","特稿丨在希望的田野上 中国农机助力非洲农业现代化. 特稿丨在希望的田野上——中国农机助力非洲农业现代化,非洲,贝宁,水稻,中国农机,农业现代化,农业农村部,在希望的田野上",titre+description,Neutral,0,1,0,0.4774
https://www.yangtse.com/news/wy/202506/t20250614_221595.html,白娘子携小青来助阵许仙夺冠 ，《 乘风2025 》 总决赛小青战袍来自吴江,20250614T080000Z,Chinese,yangtse.com,China,2025-06-14,2025-06,Jun 2025,,白娘子携小青来助阵许仙夺冠 ，《 乘风2025 》 总决赛小青战袍来自吴江,titre seul,Neutral,0,1,0,0.5041
https://www.aol.com/news/meet-ghana-fantasy-coffin-makers-061903008.html,Meet Ghana fantasy coffin makers : A glimpse into a joy - filled funeral culture,20250614T074500Z,English,aol.com,United States,2025-06-14,2025-06,Jun 2025,Ghana’s celebratory approach to death has birthed a deeply creative approach to coffin-making. Tamara Davison admires the handiwork in Accra,Meet Ghana fantasy coffin makers : A glimpse into a joy - filled funeral culture. Ghana’s celebratory approach to death has birthed a deeply creative approach to coffin-making. Tamara Davison admires the handiwork in Accra,titre+description,Positive,0,0,1,0.7714
https://fr.allafrica.com/stories/202506140001.html,Afrique : Revue de presse de lAfrique Francophone du 14 juin 2025,20250614T064500Z,French,fr.allafrica.com,Nigeria,2025-06-14,2025-06,Jun 2025,Revue De Presse - ZLECAf/eTrade : La CEA forme 3 pays d’Afrique australe,Afrique : Revue de presse de lAfrique Francophone du 14 juin 2025. Revue De Presse - ZLECAf/eTrade : La CEA forme 3 pays d’Afrique australe,titre+description,Neutral,0,1,0,0.8718
https://dailytrust.com/fiscal-expenditure-n39bn-icc-cost-can-build-312-health-centres-1200-classrooms/,"Fiscal Expenditure : N39bn ICC cost can build 312 health centres , 1 , 200 classrooms",20250614T063000Z,English,dailytrust.com,Niger,2025-06-14,2025-06,Jun 2025,"Fourteen months after the International Conference Centre (ICC) in Abuja was shut down for renovation, President Bola Ahmed Tinubu, alongside the FCT Minister,...","Fiscal Expenditure : N39bn ICC cost can build 312 health centres , 1 , 200 classrooms. Fourteen months after the International Conference Centre (ICC) in Abuja was shut down for renovation, President Bola Ahmed Tinubu, alongside the FCT Minister,...",titre+description,Neutral,0,1,0,0.441
https://www.myjoyonline.com/how-trumps-africa-strategy-may-become-a-double-edged-sword/,How Trump Africa strategy may become a double - edged sword,20250614T063000Z,English,myjoyonline.com,Ghana,2025-06-14,2025-06,Jun 2025,"With US President Donald Trump on a cost-cutting warpath since starting his second term, aid to Africa has been slashed and now defence spending is in his sights – but could these approaches cost more in the long run? The phrase his administration presses on Europe to assume more of the costs of its own […]","How Trump Africa strategy may become a double - edged sword. With US President Donald Trump on a cost-cutting warpath since starting his second term, aid to Africa has been slashed and now defence spending is in his sights – but could these approaches cost more in the long run? The phrase his administration presses on Europe to assume more of the costs of its own […]",titre+description,Negative,1,0,0,0.7996
https://dailytrust.com/tonnie-iredia-talking-to-mr-point-blank/,Tonnie Iredia : Talking to  Mr point - blank  ,20250614T063000Z,English,dailytrust.com,Niger,2025-06-14,2025-06,Jun 2025,"Professor Tonnie Osa Iredia made his name as a broadcaster. He rose from the post of a news manager in the Midwest Television, to become the director-general...","Tonnie Iredia : Talking to  Mr point - blank. Professor Tonnie Osa Iredia made his name as a broadcaster. He rose from the post of a news manager in the Midwest Television, to become the director-general...",titre+description,Neutral,0,1,0,0.6328
http://french.xinhuanet.com/20250614/b269f4b7bc684366b00013136fa962f6/c.html,Chine : une semaine du film renforce les échanges culturels sino - africains - Xinhua,20250614T050000Z,French,french.xinhuanet.com,China,2025-06-14,2025-06,Jun 2025,Chine : une semaine du film renforce les échanges culturels sino-africains-,Chine : une semaine du film renforce les échanges culturels sino - africains - Xinhua. Chine : une semaine du film renforce les échanges culturels sino-africains-,titre+description,Positive,0,0,1,0.6395
https://hn.rednet.cn/content/646940/58/15041629.html,青春正当  燃  《 城市风华录 》 走进文明城市长沙 _ 经济 . 民生 _ 湖南频道 _ 红网,20250614T050000Z,Chinese,hn.rednet.cn,,2025-06-14,2025-06,Jun 2025,,青春正当  燃  《 城市风华录 》 走进文明城市长沙 _ 经济 . 民生 _ 湖南频道 _ 红网,titre seul,Neutral,0,1,0,0.574
https://elpais.com/icon-design/arte/2025-06-14/nicholas-cullinan-director-del-british-museum-no-podemos-regalar-piezas-pero-nada-nos-impide-compartir-la-coleccion.html,"Nicholas Cullinan , director del British Museum :  No podemos regalar piezas , pero nada nos impide compartir la colección  | Arte | ICON Design",20250614T043000Z,Spanish,elpais.com,Spain,2025-06-14,2025-06,Jun 2025,El británico de 48 años acaba de cumplir su primer año al frente del museo y su gran reto es llevar a cabo la mayor reforma de su historia: un trabajo que durará décadas y costará mil millones de libras,"Nicholas Cullinan , director del British Museum :  No podemos regalar piezas , pero nada nos impide compartir la colección  | Arte | ICON Design. El británico de 48 años acaba de cumplir su primer año al frente del museo y su gran reto es llevar a cabo la mayor reforma de su historia: un trabajo que durará décadas y costará mil millones de libras",titre+description,Positive,0,0,1,0.5911
http://french.china.org.cn/china/txt/2025-06/14/content_117927374.htm,Chine : une semaine du film renforce les échanges culturels sino - africains,20250614T041500Z,French,french.china.org.cn,China,2025-06-14,2025-06,Jun 2025,,Chine : une semaine du film renforce les échanges culturels sino - africains,titre seul,Positive,0,0,1,0.8093
https://opinion.voc.com.cn/news/202506/29700337.html,人心相通 ， 山海可越 - 三湘时评 - 华声评论,20250614T041500Z,Chinese,opinion.voc.com.cn,China,2025-06-14,2025-06,Jun 2025,人心相通，则山海可越。眼下，中非经贸博览会正如火如荼举行。人头攒动的背后，是手与手的相牵、心与心的贴近，是中非关系的历久弥坚，是双方进一步深化合作的强劲动能。沿着这条合作共赢、友谊长存之路坚定走下去，中非合作定能迎来气象万千的光明前景，驶向互利共赢的美好未来。,人心相通 ， 山海可越 - 三湘时评 - 华声评论. 人心相通，则山海可越。眼下，中非经贸博览会正如火如荼举行。人头攒动的背后，是手与手的相牵、心与心的贴近，是中非关系的历久弥坚，是双方进一步深化合作的强劲动能。沿着这条合作共赢、友谊长存之路坚定走下去，中非合作定能迎来气象万千的光明前景，驶向互利共赢的美好未来。,titre+description,Neutral,0,1,0,0.4349
https://www.bbc.co.uk/news/articles/cj427q1rk58o,How Trump Africa strategy may become a double - edged sword,20250614T040000Z,English,bbc.co.uk,United Kingdom,2025-06-14,2025-06,Jun 2025,US aid to Africa has been cut and now defence is in Trump's sights - but it may prove more costly.,How Trump Africa strategy may become a double - edged sword. US aid to Africa has been cut and now defence is in Trump's sights - but it may prove more costly.,titre+description,Negative,1,0,0,0.8971
https://76crimes.com/2020/06/04/21-varieties-of-traditional-african-homosexuality-2/,21 varieties of traditional African homosexuality,20250614T034500Z,English,76crimes.com,Uganda,2025-06-14,2025-06,Jun 2025,At least 21 cultural varieties of same-sex relationships have long been part of traditional African life.,21 varieties of traditional African homosexuality. At least 21 cultural varieties of same-sex relationships have long been part of traditional African life.,titre+description,Neutral,0,1,0,0.6733
https://www.dakaractu.com/Marche-de-l-UEMOA-Le-Senegal-emprunte-76-milliards-de-FCFA-la-Cote-d-Ivoire-en-tete-des-preteurs_a262357.html,"Marché de lUEMOA : Le Sénégal emprunte 76 milliards de FCFA , la Côte dIvoire en tête des prêteurs",20250614T024500Z,French,dakaractu.com,Senegal,2025-06-14,2025-06,Jun 2025,"Le Sénégal a levé ce vendredi un montant total de plus de 76 milliards de francs CFA sur le marché des titres publics de l'UEMOA. Cette opération a suscité une forte demande, avec des soumission...","Marché de lUEMOA : Le Sénégal emprunte 76 milliards de FCFA , la Côte dIvoire en tête des prêteurs. Le Sénégal a levé ce vendredi un montant total de plus de 76 milliards de francs CFA sur le marché des titres publics de l'UEMOA. Cette opération a suscité une forte demande, avec des soumission...",titre+description,Positive,0,0,1,0.6965
https://thesun.ng/many-things-you-dont-know-about-uncle-sam/,Many things you dont know about Uncle Sam,20250614T021500Z,English,thesun.ng,,2025-06-14,2025-06,Jun 2025,"By Adebayo Bodunrin “I did not have the benefit of working under the tutelage of Uncle Sam but yet from afar I strove to be him in more ways than one, and what a mess I made in the effort of which I have him to blame. Learnt in the process, there just cannot be […]","Many things you dont know about Uncle Sam. By Adebayo Bodunrin “I did not have the benefit of working under the tutelage of Uncle Sam but yet from afar I strove to be him in more ways than one, and what a mess I made in the effort of which I have him to blame. Learnt in the process, there just cannot be […]",titre+description,Negative,1,0,0,0.5359
https://www.africatopsuccess.com/diplomatie-le-poste-dambassadeur-du-benin-au-niger-desormais-vacant/,Diplomatie  : le poste dambassadeur du Bénin au Niger désormais vacant,20250613T223000Z,French,africatopsuccess.com,Togo,2025-06-13,2025-06,Jun 2025,,Diplomatie  : le poste dambassadeur du Bénin au Niger désormais vacant,titre seul,Negative,1,0,0,0.5981
https://lesoleil.sn/actualites/economie/mamadou-cissokho-il-faut-construire-notre-agriculture-a-partir-de-nos-realites/,Mamadou Cissokho : « Il faut construire notre agriculture à partir de nos réalités » ,20250613T221500Z,French,lesoleil.sn,Senegal,2025-06-13,2025-06,Jun 2025,"Président d’honneur du Conseil national de concertation et de coopération des ruraux (Cncr) et du Réseau des organisations paysannes et des producteurs de l’Afrique de l’Ouest (Roppa), Mamadou Cissokho a consacré plus de 40 ans à la défense des agricultures familiales africaines. À Lomé, où il participe aux Boad Development Days, il a accordé cette […]","Mamadou Cissokho : « Il faut construire notre agriculture à partir de nos réalités ». Président d’honneur du Conseil national de concertation et de coopération des ruraux (Cncr) et du Réseau des organisations paysannes et des producteurs de l’Afrique de l’Ouest (Roppa), Mamadou Cissokho a consacré plus de 40 ans à la défense des agricultures familiales africaines. À Lomé, où il participe aux Boad Development Days, il a accordé cette […]",titre+description,Positive,0,0,1,0.6825
https://www.informationng.com/2025/06/losing-my-dad-shaped-al-jannah-song-kizz-daniel.html,Losing My Dad Shaped  Al - Jannah  Song – Kizz Daniel,20250613T210000Z,English,informationng.com,Nigeria,2025-06-13,2025-06,Jun 2025,"Afrobeat singer and songwriter Oluwatobiloba Daniel Anidugbe, popularly known as Kizz Daniel, has opened up about the close bond he shared with his late father.","Losing My Dad Shaped  Al - Jannah  Song – Kizz Daniel. Afrobeat singer and songwriter Oluwatobiloba Daniel Anidugbe, popularly known as Kizz Daniel, has opened up about the close bond he shared with his late father.",titre+description,Neutral,0,1,0,0.5737
https://blueprint.ng/how-enugu-coal-corporation-went-cold-despite-promising-future/,How Enugu Coal Corporation went cold despite promising future,20250613T200000Z,English,blueprint.ng,Nigeria,2025-06-13,2025-06,Jun 2025,The story of Nigeria’s energy cannot be completed without talking about the contributions Enugu Coal Corporation in the 60s and up to the early 80s before its,How Enugu Coal Corporation went cold despite promising future. The story of Nigeria’s energy cannot be completed without talking about the contributions Enugu Coal Corporation in the 60s and up to the early 80s before its,titre+description,Negative,1,0,0,0.548
https://punchng.com/edo-tackles-street-child-issue-with-new-initiative/,Edo tackles street children issue,20250613T173000Z,English,punchng.com,Nigeria,2025-06-13,2025-06,Jun 2025,"Edo State launches a new initiative to address the growing problem of street children, focusing on rescue, rehabilitation, and repatriation efforts. The government is collaborating with NGOs and community","Edo tackles street children issue. Edo State launches a new initiative to address the growing problem of street children, focusing on rescue, rehabilitation, and repatriation efforts. The government is collaborating with NGOs and community",titre+description,Positive,0,0,1,0.4768
https://www.africatopsuccess.com/page/3006/,Accueil - Africa Top Success,20250613T173000Z,French,africatopsuccess.com,Togo,2025-06-13,2025-06,Jun 2025,,Accueil - Africa Top Success,titre seul,Positive,0,0,1,0.8218
https://sot.com.al/opinion-editorial/strategjia-e-moshimit-apo-e-mashtrimit/,Strategjia e moshimit apo e mashtrimit ? - Sot News,20250613T171500Z,Albanian,sot.com.al,Albania,2025-06-13,2025-06,Jun 2025,Nga Vladimir Dushniku Ndonëse 500-600 pensioniste zhvilluam 8 jave rresht protesta para kryeministrise per pensione dinjitoze dhe KM Rama nuk,Strategjia e moshimit apo e mashtrimit ? - Sot News. Nga Vladimir Dushniku Ndonëse 500-600 pensioniste zhvilluam 8 jave rresht protesta para kryeministrise per pensione dinjitoze dhe KM Rama nuk,titre+description,Neutral,0,1,0,0.4671
https://thesun.ng/okomu-kingdom-seeks-traditional-rulers-help-to-resolve-lingering-communal-crises/,Okomu Kingdom seeks traditional rulers help to resolve lingering communal crises – The Sun Nigeria,20250613T171500Z,English,thesun.ng,,2025-06-13,2025-06,Jun 2025,"…Constitutes 18-member committee From Ighomuaye Lucky, Benin   The Pere of Okomu Kingdom in Ovia South West Local Government Area of Edo State, HRM Pius Yanbor, has requested the support and help of eight traditional rulers of an Ijaw extraction to intervene and settle the lingering crisis rocking the kingdom. In a statement made available […]","Okomu Kingdom seeks traditional rulers help to resolve lingering communal crises – The Sun Nigeria. …Constitutes 18-member committee From Ighomuaye Lucky, Benin   The Pere of Okomu Kingdom in Ovia South West Local Government Area of Edo State, HRM Pius Yanbor, has requested the support and help of eight traditional rulers of an Ijaw extraction to intervene and settle the lingering crisis rocking the kingdom. In a statement made available […]",titre+description,Neutral,0,1,0,0.3843
https://www.globaltimes.cn/page/202506/1336108.shtml,BRI - empowered youth innovation platform launches in Chengdu to boost global sci - tech exchange,20250613T163000Z,English,globaltimes.cn,China,2025-06-13,2025-06,Jun 2025,"The Ninth Belt and Road Teenager Maker Camp and Teacher Workshop kicked off on Tuesday in Chengdu, Southwest Chinaâs Sichuan Province, drawing about 300 students, educators and guests from nearly 30 countries and regions. The event served as a dynamic platform for youth innovation and international exchange under the framework of the China-proposed Belt and Road Initiative (BRI).","BRI - empowered youth innovation platform launches in Chengdu to boost global sci - tech exchange. The Ninth Belt and Road Teenager Maker Camp and Teacher Workshop kicked off on Tuesday in Chengdu, Southwest Chinaâs Sichuan Province, drawing about 300 students, educators and guests from nearly 30 countries and regions. The event served as a dynamic platform for youth innovation and international exchange under the framework of the China-proposed Belt and Road Initiative (BRI).",titre+description,Neutral,0,1,0,0.4735
https://latinamericanpost.com/americas/colombia-treasure-hunt-deepens-as-san-jose-coins-reveal-lima-origin/,Colombia Treasure Hunt Deepens As San José Coins Reveal Lima Origin,20250613T161500Z,English,latinamericanpost.com,United States,2025-06-13,2025-06,Jun 2025,"Six hundred meters below the Caribbean's warm chop, Colombia's most storied shipwreck has begun to talk. Ultra-sharp images reveal clusters of 1707 Lima gold cobs, tying the site irrevocably to the lost galleon San José and thrusting Bogotá into a duel of science, politics, and treasure fever.","Colombia Treasure Hunt Deepens As San José Coins Reveal Lima Origin. Six hundred meters below the Caribbean's warm chop, Colombia's most storied shipwreck has begun to talk. Ultra-sharp images reveal clusters of 1707 Lima gold cobs, tying the site irrevocably to the lost galleon San José and thrusting Bogotá into a duel of science, politics, and treasure fever.",titre+description,Negative,1,0,0,0.4524
https://www.ladepeche.fr/2025/06/13/que-faire-ce-week-end-a-rio-loco-12758229.php,Que faire ce week - end à Rio Loco  ? ,20250613T161500Z,French,ladepeche.fr,France,2025-06-13,2025-06,Jun 2025,"Créations musicales, animations familiales, repas de chefs et rétrospective sur les 30 ans du festival sont au programme de Rio Loco, samedi et dimanche, sur la Prairie des...","Que faire ce week - end à Rio Loco  ?. Créations musicales, animations familiales, repas de chefs et rétrospective sur les 30 ans du festival sont au programme de Rio Loco, samedi et dimanche, sur la Prairie des...",titre+description,Neutral,0,1,0,0.5791
https://www.radiofrance.fr/fip/alune-wade-j-ai-pour-mission-de-metisser-les-sons-7178640,Alune Wade :  Jai pour mission de métisser les sons  ,20250613T154500Z,French,radiofrance.fr,France,2025-06-13,2025-06,Jun 2025,"A la 49Ã¨me Ã©dition du festival Musiques MÃ©tisses, nous avons rencontrÃ© le bassiste et compositeur sÃ©nÃ©galais qui a prÃ©sentÃ© dans une vÃ©ritable tempÃªte groove son album ""New African Orleans"".","Alune Wade :  Jai pour mission de métisser les sons. A la 49Ã¨me Ã©dition du festival Musiques MÃ©tisses, nous avons rencontrÃ© le bassiste et compositeur sÃ©nÃ©galais qui a prÃ©sentÃ© dans une vÃ©ritable tempÃªte groove son album ""New African Orleans"".",titre+description,Neutral,0,1,0,0.4233
https://baijiahao.baidu.com/s?id=1834735531427589863,从  一件衣服  到跨国贸易 ： 解锁贝宁青年的长沙创业密码,20250613T151500Z,Chinese,baijiahao.baidu.com,China,2025-06-13,2025-06,Jun 2025,,从  一件衣服  到跨国贸易 ： 解锁贝宁青年的长沙创业密码,titre seul,Neutral,0,1,0,0.5699
https://www.actuniger.com/international/21064-benin-niger-rappele-en-fevrier-lambassadeur-beninois-gildas-agonkan-officiellement-releve-apres-des-propos-polemiques-a-gaya.html,"ActuNiger | Bénin - Niger : rappelé en février , lambassadeur béninois Gildas Agonkan officiellement relevé après des propos polémiques à Gaya",20250613T151500Z,French,actuniger.com,Niger,2025-06-13,2025-06,Jun 2025,"Nommé dans l’espoir de panser les plaies d’une relation diplomatique fragilisée entre le Niger et le Bénin,  l’ambassadeur béninois Gildas Agonkan n’aura passé","ActuNiger | Bénin - Niger : rappelé en février , lambassadeur béninois Gildas Agonkan officiellement relevé après des propos polémiques à Gaya. Nommé dans l’espoir de panser les plaies d’une relation diplomatique fragilisée entre le Niger et le Bénin,  l’ambassadeur béninois Gildas Agonkan n’aura passé",titre+description,Negative,1,0,0,0.8104
https://www.agensir.it/quotidiano/2025/6/13/beatificazioni-floribert-bwana-chui-centinaia-di-persone-provenienti-dallafrica-alla-celebrazione-di-domenica-presieduta-dal-card-semeraro/,"Beatificazioni : Floribert Bwana Chui , centinaia di persone provenienti dallAfrica alla celebrazione di domenica presieduta dal card . Semeraro",20250613T144500Z,Italian,agensir.it,Italy,2025-06-13,2025-06,Jun 2025,"Centinaia di rappresentanti delle Comunità di Sant’Egidio dal Congo e da altri paesi africani, come Benin, Burundi, Costa d’Avorio, Malawi, Mozambico, Senegal e Togo stanno arrivando in queste ore a Roma per partecipare alla beatificazione di Floribert Bwana Chui, il giovane congolese della Comunità di Sant’Egidio, che venne ucciso a soli 26 anni per essersi","Beatificazioni : Floribert Bwana Chui , centinaia di persone provenienti dallAfrica alla celebrazione di domenica presieduta dal card . Semeraro. Centinaia di rappresentanti delle Comunità di Sant’Egidio dal Congo e da altri paesi africani, come Benin, Burundi, Costa d’Avorio, Malawi, Mozambico, Senegal e Togo stanno arrivando in queste ore a Roma per partecipare alla beatificazione di Floribert Bwana Chui, il giovane congolese della Comunità di Sant’Egidio, che venne ucciso a soli 26 anni per essersi",titre+description,Neutral,0,1,0,0.5128
https://www.larazon.es/internacional/congo-pais-mayor-numero-atentados_20250613684c24ea4d20a30b71f9dc85.html,El Congo es el país con mayor número de atentados,20250613T140000Z,Spanish,larazon.es,Spain,2025-06-13,2025-06,Jun 2025,Un estudio realizado en Estados Unidos analiza la expansión de este tipo de delincuencia en todo el mundo,El Congo es el país con mayor número de atentados. Un estudio realizado en Estados Unidos analiza la expansión de este tipo de delincuencia en todo el mundo,titre+description,Negative,1,0,0,0.5964
https://senego.com/boad-development-days-2025-lionel-zinsou-plaide-pour-une-revolution-energetique-et-agricole_1848209.html,BOAD Development Days 2025 : Lionel Zinsou plaide pour une révolution énergétique et agricole,20250613T140000Z,French,senego.com,Senegal,2025-06-13,2025-06,Jun 2025,"Lors de la première édition des BOAD Development Days (BDD) 2025 à Lomé, l'ancien Premier ministre béninois et économiste Lionel Zinsou a exprimé des propositions audacieuses en faveur d'une transformation significative dans le secteur énergétique et agricole de l'UEMOA. Dans son discours, Zinsou a insisté sur la nécessité de « guérir les pathologies du système...","BOAD Development Days 2025 : Lionel Zinsou plaide pour une révolution énergétique et agricole. Lors de la première édition des BOAD Development Days (BDD) 2025 à Lomé, l'ancien Premier ministre béninois et économiste Lionel Zinsou a exprimé des propositions audacieuses en faveur d'une transformation significative dans le secteur énergétique et agricole de l'UEMOA. Dans son discours, Zinsou a insisté sur la nécessité de « guérir les pathologies du système...",titre+description,Positive,0,0,1,0.7875
https://nairametrics.com/2025/06/13/lekki-freeport-terminal-repositioning-the-nigerian-maritime-sector-for-growth/,Lekki Freeport Terminal : Repositioning the Nigerian Maritime Sector for Growth,20250613T133000Z,English,nairametrics.com,Nigeria,2025-06-13,2025-06,Jun 2025,"With a focus on capturing regional growth by connecting global trade and infrastructure development, Lekki Freeport Terminal is efficiently bridging","Lekki Freeport Terminal : Repositioning the Nigerian Maritime Sector for Growth. With a focus on capturing regional growth by connecting global trade and infrastructure development, Lekki Freeport Terminal is efficiently bridging",titre+description,Positive,0,0,1,0.6729
https://www.gq.co.za/culture/akin-faminu-on-his-journey-to-being-a-fashion-icon-47d0c371-79c3-46a5-8217-a13480febda2,Akin Faminu on his journey to being a fashion icon,20250613T131500Z,English,gq.co.za,South Africa,2025-06-13,2025-06,Jun 2025,"If Akin Faminu could claim ownership of two words, it would be “best dressed. ” Whether at an award show, movie premiere, or wedding, he is a regular on lists celebrating the most stylish. His looks consistently earn acclaim from fashion critics and style publications alike","Akin Faminu on his journey to being a fashion icon. If Akin Faminu could claim ownership of two words, it would be “best dressed. ” Whether at an award show, movie premiere, or wedding, he is a regular on lists celebrating the most stylish. His looks consistently earn acclaim from fashion critics and style publications alike",titre+description,Positive,0,0,1,0.65
https://www.nigrizia.it/notizia/sahara-occidentale-piano-marocchino-divide-assemblea-onu,Sahara Occidentale : il piano marocchino divide lassemblea ONU,20250613T130000Z,Italian,nigrizia.it,Italy,2025-06-13,2025-06,Jun 2025,La battaglia diplomatica sui territori occupati continua con schieramenti contrapposti anche tra gli africani,Sahara Occidentale : il piano marocchino divide lassemblea ONU. La battaglia diplomatica sui territori occupati continua con schieramenti contrapposti anche tra gli africani,titre+description,Neutral,0,1,0,0.5061
https://www.journaldumali.com/securite-vague-coordonnee-dattaques-terroristes-inquietantes/,Sécurité : Vague coordonnée dattaques terroristes inquiétantes – ,20250613T130000Z,French,journaldumali.com,Mali,2025-06-13,2025-06,Jun 2025,"Depuis quelques semaines, le Mali est de nouveau confronté à une série d’attaques terroristes coordonnées qui ont ciblé principalement des positions militaires. Face à cette recrudescence des violences, l’armée malienne a lancé une vaste contre-offensive. Le Global Terrorism Index 2025 révèle que le Sahel concentre désormais plus de 51% des décès liés au terrorisme dans […]","Sécurité : Vague coordonnée dattaques terroristes inquiétantes –. Depuis quelques semaines, le Mali est de nouveau confronté à une série d’attaques terroristes coordonnées qui ont ciblé principalement des positions militaires. Face à cette recrudescence des violences, l’armée malienne a lancé une vaste contre-offensive. Le Global Terrorism Index 2025 révèle que le Sahel concentre désormais plus de 51% des décès liés au terrorisme dans […]",titre+description,Negative,1,0,0,0.8892
https://lanouvelletribune.info/2025/06/benin-un-presume-hors-la-loi-arrete-lors-dun-braquage-a-womey/,Bénin : Un présumé hors - la - loi arrêté lors dun braquage à Womey,20250613T114500Z,French,lanouvelletribune.info,Benin,2025-06-13,2025-06,Jun 2025,"À Womey dans l’arrondissement de Godomey, un malfrat a été interpellé le mercredi 11 juin 2025 par la police pour vol avec violence. Un voleur présumé a été appréhendé ce mercredi à Womey, un quartier de l’arrondissement de Godomey, après un vol avec violence perpétré contre un conducteur de taxi-mo","Bénin : Un présumé hors - la - loi arrêté lors dun braquage à Womey. À Womey dans l’arrondissement de Godomey, un malfrat a été interpellé le mercredi 11 juin 2025 par la police pour vol avec violence. Un voleur présumé a été appréhendé ce mercredi à Womey, un quartier de l’arrondissement de Godomey, après un vol avec violence perpétré contre un conducteur de taxi-mo",titre+description,Negative,1,0,0,0.8977
https://www.historyextra.com/membership/africans-have-been-starved-of-historical-figures-from-their-own-lands-that-they-can-look-up-to-paula-akpan-on-female-african-leaders/,  Africans have been starved of historical figures from their own lands that they can look up to : Paula Akpan on female African leaders,20250613T111500Z,English,historyextra.com,United Kingdom,2025-06-13,2025-06,Jun 2025,"Paula Akpan speaks to Danny Bird about powerful African woman leaders and the complexities of interrogating historical narratives, colonial biases and these women’s own flaws","Africans have been starved of historical figures from their own lands that they can look up to : Paula Akpan on female African leaders. Paula Akpan speaks to Danny Bird about powerful African woman leaders and the complexities of interrogating historical narratives, colonial biases and these women’s own flaws",titre+description,Negative,1,0,0,0.6426
https://www.afrik.com/benin-niger-le-rappel-de-l-ambassadeur-beninois-nouveau-symptome-d-une-crise-diplomatique-persistante,"Bénin - Niger : le rappel de lambassadeur béninois , nouveau symptôme dune crise diplomatique persistante",20250613T110000Z,French,afrik.com,France,2025-06-13,2025-06,Jun 2025,,"Bénin - Niger : le rappel de lambassadeur béninois , nouveau symptôme dune crise diplomatique persistante",titre seul,Negative,1,0,0,0.8968
https://www.africa-newsroom.com/press/international-atomic-energy-agency-iaea-and-food-and-agriculture-organization-fao-conduct-first-atoms4food-assessment-mission-to-burkina-faso,APO Group - Africa Newsroom / Press release | International Atomic Energy Agency ( IAEA ) and Food and Agriculture Organization ( FAO ) Conduct First Atoms4Food Assessment Mission to Burkina Faso,20250613T093000Z,English,africa-newsroom.com,South Africa,2025-06-13,2025-06,Jun 2025,International Atomic Energy Agency (IAEA) and Food and Agriculture Organization (FAO) Conduct First Atoms4Food Assessment Mission to Burkina Faso,APO Group - Africa Newsroom / Press release | International Atomic Energy Agency ( IAEA ) and Food and Agriculture Organization ( FAO ) Conduct First Atoms4Food Assessment Mission to Burkina Faso. International Atomic Energy Agency (IAEA) and Food and Agriculture Organization (FAO) Conduct First Atoms4Food Assessment Mission to Burkina Faso,titre+description,Neutral,0,1,0,0.7859
https://www.globalsecurity.org/military/library/news/2025/06/mil-250612-unnews04.htm,"World News in Brief :  Indifference and impunity  in Sudan , ICC judges speak out against sanctions , respiratory diseases overlooked in Europe",20250613T093000Z,English,globalsecurity.org,Syria,2025-06-13,2025-06,Jun 2025,,"World News in Brief :  Indifference and impunity  in Sudan , ICC judges speak out against sanctions , respiratory diseases overlooked in Europe",titre seul,Negative,1,0,0,0.9027
https://24auto.mk/noviot-golf-gti-edition-50-e-najbrziot-seriski-model-na-volkswagen/,Новиот Golf GTI EDITION 50 е најбрзиот сериски модел на Volkswagen,20250613T091500Z,Macedonian,24auto.mk,,2025-06-13,2025-06,Jun 2025,"Volkswagen го најави новиот Golf GTI EDITION 50, ексклузивен модел кој ќе биде пуштен во продажба во 2026 година по повод 50-годишнината на иконскиот GTI. Но, овој модел веќе испиша историја – стана најбрзиот Volkswagen со дозвола за патишта на легендарната патека Nürburgring Nordschleife. Со време од 07:46.13 минути, професионалниот тркач Бени Лојхтер успеа да […]","Новиот Golf GTI EDITION 50 е најбрзиот сериски модел на Volkswagen. Volkswagen го најави новиот Golf GTI EDITION 50, ексклузивен модел кој ќе биде пуштен во продажба во 2026 година по повод 50-годишнината на иконскиот GTI. Но, овој модел веќе испиша историја – стана најбрзиот Volkswagen со дозвола за патишта на легендарната патека Nürburgring Nordschleife. Со време од 07:46.13 минути, професионалниот тркач Бени Лојхтер успеа да […]",titre+description,Neutral,0,1,0,0.5805
https://saharareporters.com/2025/06/13/how-i-carried-radio-kudirat-transmitters-air-france-flight-and-made-detour-lagos-under,How I Carried Radio Kudirat Transmitters On Air France Flight And Made A Detour To Lagos Under Abacha Regime – Fayemi,20250613T090000Z,English,saharareporters.com,Nigeria,2025-06-13,2025-06,Jun 2025,"Former Governor of Ekiti State, Dr. Kayode Fayemi, has reflected on the perilous efforts that birthed Nigeria’s return to civilian rule, recalling how he and others operated Radio Kudirat during the Abacha dictatorship — a move he now says could have cost them their lives.","How I Carried Radio Kudirat Transmitters On Air France Flight And Made A Detour To Lagos Under Abacha Regime – Fayemi. Former Governor of Ekiti State, Dr. Kayode Fayemi, has reflected on the perilous efforts that birthed Nigeria’s return to civilian rule, recalling how he and others operated Radio Kudirat during the Abacha dictatorship — a move he now says could have cost them their lives.",titre+description,Negative,1,0,0,0.6836
https://www.afrik.com/fabwa-2025-lagos-capitale-africaine-de-l-agroalimentaire,"FABWA 2025 : Lagos , capitale africaine de lagroalimentaire",20250613T074500Z,French,afrik.com,France,2025-06-13,2025-06,Jun 2025,,"FABWA 2025 : Lagos , capitale africaine de lagroalimentaire",titre seul,Neutral,0,1,0,0.741
https://www.estrepublicain.fr/magazine-sante/2025/06/13/comment-se-developpent-les-aphtes-dans-la-bouche,Santé . Comment se développent les aphtes dans la bouche ? ,20250613T060000Z,French,estrepublicain.fr,France,2025-06-13,2025-06,Jun 2025,"Douloureux, l’aphte fait saliver et, selon sa situation dans la bouche, nous empêche de bien prononcer certaines syllabes voire de mastiquer les aliments…","Santé . Comment se développent les aphtes dans la bouche ?. Douloureux, l’aphte fait saliver et, selon sa situation dans la bouche, nous empêche de bien prononcer certaines syllabes voire de mastiquer les aliments…",titre+description,Negative,1,0,0,0.7583
http://www.pambazuka.org/Migration-in-West-Africa,Contours of Resistance : Migration in West Africa,20250613T043000Z,English,pambazuka.org,United States,2025-06-13,2025-06,Jun 2025,,Contours of Resistance : Migration in West Africa,titre seul,Neutral,0,1,0,0.5427
https://www.lelezard.com/communique-21854755.html,LONGi lance officiellement la technologie HIBC et le module True 700 W lors du salon SNEC2025,20250613T030000Z,French,lelezard.com,Canada,2025-06-13,2025-06,Jun 2025,"Le 11 juin, LONGi a officiellement présenté sa technologie HIBC nouvellement développée et ses modules produits en série lors du 18e (2025) International Solar Photovoltaic Exhibition (SNEC). HIBC crée un précédent dans le secteur en atteignant pour...","LONGi lance officiellement la technologie HIBC et le module True 700 W lors du salon SNEC2025. Le 11 juin, LONGi a officiellement présenté sa technologie HIBC nouvellement développée et ses modules produits en série lors du 18e (2025) International Solar Photovoltaic Exhibition (SNEC). HIBC crée un précédent dans le secteur en atteignant pour...",titre+description,Positive,0,0,1,0.7424
http://news.changsha.cn/cslb/html/111874/20250613/202435.shtml,肯尼亚的玫瑰 、 卢旺达的辣子 、 尼日利亚的咖啡豆 …… 家门口逛非洲 ， 热辣劲爽 ！ ,20250613T024500Z,Chinese,news.changsha.cn,China,2025-06-13,2025-06,Jun 2025,,肯尼亚的玫瑰 、 卢旺达的辣子 、 尼日利亚的咖啡豆 …… 家门口逛非洲 ， 热辣劲爽 ！,titre seul,Positive,0,0,1,0.4785
https://www.163.com/dy/article/K1TOK4JN0514R9OJ.html, 【 环时深度 】 听各国人士讲述被掠夺文物的回家故事,20250613T024500Z,Chinese,163.com,China,2025-06-13,2025-06,Jun 2025,"【环时深度】听各国人士讲述被掠夺文物的回家故事,东京,贝宁,埃及,奥运会,博物馆,文物艺术品","【 环时深度 】 听各国人士讲述被掠夺文物的回家故事. 【环时深度】听各国人士讲述被掠夺文物的回家故事,东京,贝宁,埃及,奥运会,博物馆,文物艺术品",titre+description,Neutral,0,1,0,0.5481
https://thesun.ng/tribute-to-my-beloved-brother-george-okay-duruiheoma/,"Tribute to my beloved brother , George Okay Duruiheoma",20250613T024500Z,English,thesun.ng,,2025-06-13,2025-06,Jun 2025,"By Eze Duruiheoma George Okay Duruiheoma, “Okay” as he was fondly known and called, passed on in the United States of America on May 7, 2025. He was aged 73 years. I proudly call him my brother though, in truth, he was my nephew, being my eldest brother’s son. Only two years separated two of […]","Tribute to my beloved brother , George Okay Duruiheoma. By Eze Duruiheoma George Okay Duruiheoma, “Okay” as he was fondly known and called, passed on in the United States of America on May 7, 2025. He was aged 73 years. I proudly call him my brother though, in truth, he was my nephew, being my eldest brother’s son. Only two years separated two of […]",titre+description,Positive,0,0,1,0.4926
https://www.prnewswire.com/news-releases/longi-lance-officiellement-la-technologie-hibc-et-le-module-true-700-w-lors-du-salon-snec2025-302480816.html,LONGi lance officiellement la technologie HIBC et le module True 700 W lors du salon SNEC2025,20250613T021500Z,French,prnewswire.com,United States,2025-06-13,2025-06,Jun 2025,"/PRNewswire/ -- Le 11 juin, LONGi a officiellement présenté sa technologie HIBC nouvellement développée et ses modules produits en série lors du 18e (2025)...","LONGi lance officiellement la technologie HIBC et le module True 700 W lors du salon SNEC2025. /PRNewswire/ -- Le 11 juin, LONGi a officiellement présenté sa technologie HIBC nouvellement développée et ses modules produits en série lors du 18e (2025)...",titre+description,Positive,0,0,1,0.629
http://world.people.com.cn/n1/2025/0613/c1002-40499525.html,团结合作 ， 共逐现代化之梦 （ 和音 ） -- 国际 -- 人民网,20250613T020000Z,Chinese,world.people.com.cn,China,2025-06-13,2025-06,Jun 2025,ããé¢å¯¹ç¾å¹´æªæä¹å¤§åå±ï¼ä¸­éè©å¹¶è©ç«å¨ä¸èµ·ï¼å¨çåæ¹åå±æ¯å´å°±æ´æå¸æï¼å½éå¬å¹³æ­£ä¹å°±æ´æä¿éãããã6æ11æ¥ï¼ä¹ è¿å¹³ä¸»å¸­åä¸­éåä½è®ºåææè½å®åè°äººé¨é¿çº§ä¼è®®è´è´ºä¿¡ï¼å®£å¸ä¸­å½è¿ä¸æ­¥æ©å¤§å¯¹éå¼æ¾å,团结合作 ， 共逐现代化之梦 （ 和音 ） -- 国际 -- 人民网. ããé¢å¯¹ç¾å¹´æªæä¹å¤§åå±ï¼ä¸­éè©å¹¶è©ç«å¨ä¸èµ·ï¼å¨çåæ¹åå±æ¯å´å°±æ´æå¸æï¼å½éå¬å¹³æ­£ä¹å°±æ´æä¿éãããã6æ11æ¥ï¼ä¹ è¿å¹³ä¸»å¸­åä¸­éåä½è®ºåææè½å®åè°äººé¨é¿çº§ä¼è®®è´è´ºä¿¡ï¼å®£å¸ä¸­å½è¿ä¸æ­¥æ©å¤§å¯¹éå¼æ¾å,titre+description,Neutral,0,1,0,0.4906
https://www.financialafrik.com/2025/06/13/a-lome-les-boad-developpement-days-replacent-lenergie-au-centre-des-enjeux/,"À Lomé , les BOAD Développement Days replacent l  énergie au centre des enjeux",20250613T020000Z,French,financialafrik.com,Morocco,2025-06-13,2025-06,Jun 2025,"Lomé, 12 juin 2025 – C’est dans un contexte de résilience économique, d’instabilité sécuritaire et de transition énergétique que se sont ouverts les premiers BOAD Développement Days, à l’Hôtel 2 Février, en présence de nombreuses délégations ministérielles, diplomatiques, d’institutions financières et du secteur privé. L’événement se veut un carrefour stratégique pour repenser le financement du développement","À Lomé , les BOAD Développement Days replacent l  énergie au centre des enjeux. Lomé, 12 juin 2025 – C’est dans un contexte de résilience économique, d’instabilité sécuritaire et de transition énergétique que se sont ouverts les premiers BOAD Développement Days, à l’Hôtel 2 Février, en présence de nombreuses délégations ministérielles, diplomatiques, d’institutions financières et du secteur privé. L’événement se veut un carrefour stratégique pour repenser le financement du développement",titre+description,Positive,0,0,1,0.6281
https://punchng.com/grief-anger-and-calls-for-action-as-kidnappings-surge-in-delta/,"Delta Kidnappings Surge : Grief , Anger , and Calls for Action",20250613T013000Z,English,punchng.com,Nigeria,2025-06-13,2025-06,Jun 2025,"Delta State faces a crisis with a surge in kidnappings, killings, and child disappearances. Communities demand urgent government action amid rising insecurity and widespread fear.","Delta Kidnappings Surge : Grief , Anger , and Calls for Action. Delta State faces a crisis with a surge in kidnappings, killings, and child disappearances. Communities demand urgent government action amid rising insecurity and widespread fear.",titre+description,Negative,1,0,0,0.9041
https://issafrica.org/research/west-africa-report/links-between-violent-extremism-and-illicit-activities-in-benin,Links between violent extremism and illicit activities in Benin,20250612T233000Z,English,issafrica.org,South Africa,2025-06-12,2025-06,Jun 2025,This report explores how violent extremists in northern Benin use illicit activities to finance and grow their operations.,Links between violent extremism and illicit activities in Benin. This report explores how violent extremists in northern Benin use illicit activities to finance and grow their operations.,titre+description,Neutral,0,1,0,0.5089
https://www.miragenews.com/sudan-indifference-icc-judges-protest-europe-1477261/,"Sudan Indifference , ICC Judges Protest , Europe Health Gap",20250612T220000Z,English,miragenews.com,United States,2025-06-12,2025-06,Jun 2025,"With over half of the Sudanese population in need of aid and lean season rapidly approaching, the  UN Chief for Humanitarian Affairs  once again","Sudan Indifference , ICC Judges Protest , Europe Health Gap. With over half of the Sudanese population in need of aid and lean season rapidly approaching, the  UN Chief for Humanitarian Affairs  once again",titre+description,Negative,1,0,0,0.8002
https://observer.com/2025/06/fenix-museum-rotterdam-anne-kremers/,A New Museum of Migration Chronicles Centuries of Global Journeys,20250612T220000Z,English,observer.com,United States,2025-06-12,2025-06,Jun 2025,Rotterdam’s Fenix Museum addresses historical and modern movements via plural narratives and artistic approaches.,A New Museum of Migration Chronicles Centuries of Global Journeys. Rotterdam’s Fenix Museum addresses historical and modern movements via plural narratives and artistic approaches.,titre+description,Neutral,0,1,0,0.7593
https://www.globalissues.org/news/2025/06/12/40132,"World News in Brief :  Indifference and impunity  in Sudan , ICC judges speak out against sanctions , respiratory diseases overlooked in Europe Global Issues",20250612T214500Z,English,globalissues.org,United States,2025-06-12,2025-06,Jun 2025,"With over half of the Sudanese population in need of aid and lean season rapidly approaching, the UN Chief for Humanitarian Affairs once again sounded the alarm about the crisis unfolding in Sudan on Thursday.","World News in Brief :  Indifference and impunity  in Sudan , ICC judges speak out against sanctions , respiratory diseases overlooked in Europe Global Issues. With over half of the Sudanese population in need of aid and lean season rapidly approaching, the UN Chief for Humanitarian Affairs once again sounded the alarm about the crisis unfolding in Sudan on Thursday.",titre+description,Negative,1,0,0,0.8749
https://www.afrik.com/fausse-aide-de-930-e-de-l-urssaf-les-auto-entrepreneurs-algeriens-en-france-face-a-la-desinformation,Fausse aide de 930 € de lURSSAF : les auto - entrepreneurs algériens en France face à la désinformation,20250612T203000Z,French,afrik.com,France,2025-06-12,2025-06,Jun 2025,,Fausse aide de 930 € de lURSSAF : les auto - entrepreneurs algériens en France face à la désinformation,titre seul,Negative,1,0,0,0.7848
https://www.macommune.info/no-logo-festival-2025-une-programmation-exceptionnelle-pour-la-derniere-seance-aux-forges-de-fraisans/,No Logo 2025 : une programmation attendue pour la dernière séance aux Forges de Fraisans,20250612T173000Z,French,macommune.info,France,2025-06-12,2025-06,Jun 2025,"Le No Logo Festival est prévu du 8 au 10 août 2025 aux Forges de Fraisans pour une 12ème et dernière séance,","No Logo 2025 : une programmation attendue pour la dernière séance aux Forges de Fraisans. Le No Logo Festival est prévu du 8 au 10 août 2025 aux Forges de Fraisans pour une 12ème et dernière séance,",titre+description,Positive,0,0,1,0.5144
https://www.afrik-foot.com/jallais-la-sortir-le-gardien-du-benin-raconte-ce-qui-la-empeche-de-stopper-le-bijou-del-kaabi,  Jallais la sortir … Le gardien du Bénin raconte ce qui la empêché de stopper le bijou dEl Kaabi,20250612T163000Z,French,afrik-foot.com,Morocco,2025-06-12,2025-06,Jun 2025,"Battu 1-0 par le Maroc en match amical lundià Fès, le Bénin a craqué sur un sublime retourné acrobatique d’Ayoub El Kaabi. Le gardien béninois Marcel","Jallais la sortir … Le gardien du Bénin raconte ce qui la empêché de stopper le bijou dEl Kaabi. Battu 1-0 par le Maroc en match amical lundià Fès, le Bénin a craqué sur un sublime retourné acrobatique d’Ayoub El Kaabi. Le gardien béninois Marcel",titre+description,Positive,0,0,1,0.3793
https://www.ecofinagency.com/news/1206-47235-benin-to-invest-1-4bn-to-double-tourism-s-gdp-share-by-2030,Benin to Invest $1 . 4bn to Double Tourism GDP Share by 2030,20250612T143000Z,English,ecofinagency.com,Nigeria,2025-06-12,2025-06,Jun 2025,• Benin launches&nbsp;$1.4 billion five-year tourism development plan• Target: 2 million annual visitors and 13.4% GDP share from tourism by 2030•,Benin to Invest $1 . 4bn to Double Tourism GDP Share by 2030. • Benin launches&nbsp;$1.4 billion five-year tourism development plan• Target: 2 million annual visitors and 13.4% GDP share from tourism by 2030•,titre+description,Neutral,0,1,0,0.5225
https://www.tanzanianewsreports.com/customs-deploys-technology-to-combat-smuggling-between-nigeria-and-benin/,Customs Deploys Technology to Combat Smuggling Between Nigeria and Benin – Tanzania News Reports,20250612T131500Z,English,tanzanianewsreports.com,Tanzania,2025-06-12,2025-06,Jun 2025,"Abeokuta: The Comptroller-General of Customs, Adewale Adeniyi, announced that the Nigeria Customs Service is deploying technology to address smuggling and manage transportation between Nigeria and the Republic of Benin. Adeniyi made this revelation du...","Customs Deploys Technology to Combat Smuggling Between Nigeria and Benin – Tanzania News Reports. Abeokuta: The Comptroller-General of Customs, Adewale Adeniyi, announced that the Nigeria Customs Service is deploying technology to address smuggling and manage transportation between Nigeria and the Republic of Benin. Adeniyi made this revelation du...",titre+description,Neutral,0,1,0,0.5009
https://www.tanzanianewsreports.com/street-corners-to-skills-hub-one-mans-apprenticeship-model-transforming-lives-in-edo/,Street Corners to Skills Hub : One Man Apprenticeship Model Transforming Lives in Edo – Tanzania News Reports,20250612T131500Z,English,tanzanianewsreports.com,Tanzania,2025-06-12,2025-06,Jun 2025,"Benin: At 39, Bassey Anyim has lived a life marked by hardship. He was forced to abandon his education after elementary school due to his father's inability to fund his schooling. Now a married man with children, Anyim struggles to make ends meet in a...","Street Corners to Skills Hub : One Man Apprenticeship Model Transforming Lives in Edo – Tanzania News Reports. Benin: At 39, Bassey Anyim has lived a life marked by hardship. He was forced to abandon his education after elementary school due to his father's inability to fund his schooling. Now a married man with children, Anyim struggles to make ends meet in a...",titre+description,Negative,1,0,0,0.6702
https://www.hometownregister.com/news/national/niger-benin-border-standoff-deepens-as-trade-collapse-bites/article_a6031326-dc7e-5efd-a5cd-cd3990ead324.html,Niger - Benin border standoff deepens as trade collapse bites,20250612T080000Z,English,hometownregister.com,,2025-06-12,2025-06,Jun 2025,,Niger - Benin border standoff deepens as trade collapse bites,titre seul,Negative,1,0,0,0.7066
https://thesource.com/2025/06/12/black-music-month-afrobeats-defining-the-pulse/,Black Music Month - Afrobeats : Defining the Pulse,20250612T070000Z,English,thesource.com,United States,2025-06-12,2025-06,Jun 2025,Black Music Month - Afrobeats: Defining the Pulse Black Music Month features Afrobeats: Defining the Pulse,Black Music Month - Afrobeats : Defining the Pulse. Black Music Month - Afrobeats: Defining the Pulse Black Music Month features Afrobeats: Defining the Pulse,titre+description,Neutral,0,1,0,0.7332
https://www.elfaradio.com/2025/06/11/manos-unidas-refuerza-su-apoyo-a-la-infancia-vulnerable-en-benin-con-una-nueva-fase-del-programa-en-alibori/,Manos Unidas refuerza su apoyo a la infancia vulnerable en Benín con una nueva fase del programa en Alibori - El Faradio,20250612T064500Z,Spanish,elfaradio.com,Spain,2025-06-12,2025-06,Jun 2025,"Tiempo de lectura: 4 min Comparte en redes Facebook Twitter Bluesky Whatsapp Email   El Gobierno de Cantabria ha renovado su apoyo económico al programa de defensa de los derechos de la infancia vulnerable en Benín, a través de la cofinanciación de la quinta fase...","Manos Unidas refuerza su apoyo a la infancia vulnerable en Benín con una nueva fase del programa en Alibori - El Faradio. Tiempo de lectura: 4 min Comparte en redes Facebook Twitter Bluesky Whatsapp Email   El Gobierno de Cantabria ha renovado su apoyo económico al programa de defensa de los derechos de la infancia vulnerable en Benín, a través de la cofinanciación de la quinta fase...",titre+description,Positive,0,0,1,0.5165
http://www.hkwb.net/news/content/2025-06/12/content_4329504.htm,在现代化道路上坚定携手同行 习近平主席贺信凝聚起共建新时代全天候中非命运共同体的奋进力量 _ 海口网,20250612T063000Z,Chinese,hkwb.net,China,2025-06-12,2025-06,Jun 2025,点击查看,在现代化道路上坚定携手同行 习近平主席贺信凝聚起共建新时代全天候中非命运共同体的奋进力量 _ 海口网. 点击查看,titre+description,Positive,0,0,1,0.687
https://news.xxrb.com.cn/html/2025/china_0612/411481.html,在现代化道路上坚定携手同行 习近平主席贺信凝聚起共建新时代全天候中非命运共同体的奋进力量 - 国内国际,20250612T060000Z,Chinese,news.xxrb.com.cn,China,2025-06-12,2025-06,Jun 2025,ÐÂÏçÍøÐÂÎÅÖÐÐÄ,在现代化道路上坚定携手同行 习近平主席贺信凝聚起共建新时代全天候中非命运共同体的奋进力量 - 国内国际. ÐÂÏçÍøÐÂÎÅÖÐÐÄ,titre+description,Positive,0,0,1,0.556
https://www.stdaily.com/web/2025-06/12/content_353482.html,在现代化道路上坚定携手同行 习近平主席贺信凝聚起共建新时代全天候中非命运共同体的奋进力量,20250612T060000Z,Chinese,stdaily.com,China,2025-06-12,2025-06,Jun 2025,,在现代化道路上坚定携手同行 习近平主席贺信凝聚起共建新时代全天候中非命运共同体的奋进力量,titre seul,Positive,0,0,1,0.6583
https://allafrica.com/stories/202506120050.html,"Nigeria : Exclusion of North From Infrastructural Devt Unacceptable , Northern Elders Tell Govt",20250612T060000Z,English,allafrica.com,Nigeria,2025-06-12,2025-06,Jun 2025,"...our major roads abandoned, schemed out of railway projects","Nigeria : Exclusion of North From Infrastructural Devt Unacceptable , Northern Elders Tell Govt. ...our major roads abandoned, schemed out of railway projects",titre+description,Negative,1,0,0,0.9179
https://www.wxrb.com:443/doc/2025/06/12/405813.shtml,在现代化道路上坚定携手同行 习近平主席贺信凝聚起共建新时代全天候中非命运共同体的奋进力量,20250612T054500Z,Chinese,wxrb.com,China,2025-06-12,2025-06,Jun 2025,,在现代化道路上坚定携手同行 习近平主席贺信凝聚起共建新时代全天候中非命运共同体的奋进力量,titre seul,Positive,0,0,1,0.6583
https://xuexi.voc.com.cn/news/202506/29684712.html,在现代化道路上坚定携手同行 习近平主席贺信凝聚起共建新时代全天候中非命运共同体的奋进力量 - 习近平报道集,20250612T054500Z,Chinese,xuexi.voc.com.cn,China,2025-06-12,2025-06,Jun 2025,中非合作论坛成果落实协调人部长级会议6月11日在湖南长沙举行，国家主席习近平向会议致贺信。,在现代化道路上坚定携手同行 习近平主席贺信凝聚起共建新时代全天候中非命运共同体的奋进力量 - 习近平报道集. 中非合作论坛成果落实协调人部长级会议6月11日在湖南长沙举行，国家主席习近平向会议致贺信。,titre+description,Positive,0,0,1,0.6025
https://news.dahe.cn/2025/06-12/1946643.html,在现代化道路上坚定携手同行 习近平主席贺信凝聚起共建新时代全天候中非命运共同体的奋进力量 - 大河网,20250612T053000Z,Chinese,news.dahe.cn,China,2025-06-12,2025-06,Jun 2025,,在现代化道路上坚定携手同行 习近平主席贺信凝聚起共建新时代全天候中非命运共同体的奋进力量 - 大河网,titre seul,Positive,0,0,1,0.6793
https://news.dayoo.com/china/202506/12/139997_54834788.htm,在现代化道路上坚定携手同行 习近平主席贺信凝聚起共建新时代全天候中非命运共同体的奋进力量 _ 广州日报大洋网,20250612T053000Z,Chinese,news.dayoo.com,China,2025-06-12,2025-06,Jun 2025,中非合作论坛成果落实协调人部长级会议6月11日在湖南长沙举行，国家主席习近平向会议致贺信。,在现代化道路上坚定携手同行 习近平主席贺信凝聚起共建新时代全天候中非命运共同体的奋进力量 _ 广州日报大洋网. 中非合作论坛成果落实协调人部长级会议6月11日在湖南长沙举行，国家主席习近平向会议致贺信。,titre+description,Positive,0,0,1,0.6236
https://china.nmgnews.com.cn/system/2025/06/12/030168431.shtml,在现代化道路上坚定携手同行 习近平主席贺信凝聚起共建新时代全天候中非命运共同体的奋进力量 - 国内频道 - 内蒙古新闻网,20250612T053000Z,Chinese,china.nmgnews.com.cn,China,2025-06-12,2025-06,Jun 2025,,在现代化道路上坚定携手同行 习近平主席贺信凝聚起共建新时代全天候中非命运共同体的奋进力量 - 国内频道 - 内蒙古新闻网,titre seul,Positive,0,0,1,0.6551
https://www.camer.be/89542/11:1/afrique-rene-moundzika-lexpertise-immobiliere-au-service-de-l-engagement-panafricain.html,Actualités AFRIQUE :: René Moundzika : Lexpertise immobilière au service de l  engagement panafricain :: AFRICA News,20250612T053000Z,French,camer.be,Belgium,2025-06-12,2025-06,Jun 2025,"Dans l’univers feutré mais exigeant de l’immobilier
d’entreprise, le nom de René Moundzika résonne comme celui d’un
homme de conviction, d’expérience et de tran...","Actualités AFRIQUE :: René Moundzika : Lexpertise immobilière au service de l  engagement panafricain :: AFRICA News. Dans l’univers feutré mais exigeant de l’immobilier
d’entreprise, le nom de René Moundzika résonne comme celui d’un
homme de conviction, d’expérience et de tran...",titre+description,Positive,0,0,1,0.8238
https://www.pleinevie.fr/sante/cancer-de-la-thyroide-ces-premiers-signes-passent-souvent-inapercus-pourtant-ils-doivent-vous-inquieter-162047.html,"Cancer de la thyroïde : ces premiers signes passent souvent inaperçus , pourtant ils doivent vous inquiéter",20250612T044500Z,French,pleinevie.fr,France,2025-06-12,2025-06,Jun 2025,Les premiers signes du cancer de la thyroïde sont souvent invisibles. Découvrez quelques symptômes méritent une consultation rapide.,"Cancer de la thyroïde : ces premiers signes passent souvent inaperçus , pourtant ils doivent vous inquiéter. Les premiers signes du cancer de la thyroïde sont souvent invisibles. Découvrez quelques symptômes méritent une consultation rapide.",titre+description,Negative,1,0,0,0.9287
http://www.qstheory.cn/20250612/3d99be0cb06845ce85e8bb0a7f3b2602/c.html,在现代化道路上坚定携手同行 - 求是网,20250612T043000Z,Chinese,qstheory.cn,China,2025-06-12,2025-06,Jun 2025,å¨ç°ä»£åéè·¯ä¸åå®æºæåè¡-âæ è®ºå½éç¯å¢å¦ä½ååï¼ä¸­éä¹é´çåè°åå¢ç»ä»æ¥æ²¡ææ¹åãâ,在现代化道路上坚定携手同行 - 求是网. å¨ç°ä»£åéè·¯ä¸åå®æºæåè¡-âæ è®ºå½éç¯å¢å¦ä½ååï¼ä¸­éä¹é´çåè°åå¢ç»ä»æ¥æ²¡ææ¹åãâ,titre+description,Neutral,0,1,0,0.5055
https://www.hinews.cn:443/page?n=2718076&m=1&s=1044,在现代化道路上坚定携手同行 习近平主席贺信凝聚起共建新时代全天候中非命运共同体的奋进力量 - 南海网,20250612T043000Z,Chinese,hinews.cn,China,2025-06-12,2025-06,Jun 2025,南海网由海南日报报业集团主办，是海南省唯一重点新闻网站，海南省最具影响力的综合门户网站，海南自贸港权威信息发布平台，第一时间发布最新的海南新闻和资讯。,在现代化道路上坚定携手同行 习近平主席贺信凝聚起共建新时代全天候中非命运共同体的奋进力量 - 南海网. 南海网由海南日报报业集团主办，是海南省唯一重点新闻网站，海南省最具影响力的综合门户网站，海南自贸港权威信息发布平台，第一时间发布最新的海南新闻和资讯。,titre+description,Positive,0,0,1,0.5717
https://www.southcn.com/node_07e973c1a3/d489ec431b.shtml,在现代化道路上坚定携手同行 习近平主席贺信凝聚起共建新时代全天候中非命运共同体的奋进力量 _ 南方网,20250612T043000Z,Chinese,southcn.com,China,2025-06-12,2025-06,Jun 2025,,在现代化道路上坚定携手同行 习近平主席贺信凝聚起共建新时代全天候中非命运共同体的奋进力量 _ 南方网,titre seul,Positive,0,0,1,0.677
https://www.dawn.com/news/1916669/wait-for-it,Wait for it - Newspaper - DAWN . COM,20250612T043000Z,English,dawn.com,Pakistan,2025-06-12,2025-06,Jun 2025,,Wait for it - Newspaper - DAWN . COM,titre seul,Neutral,0,1,0,0.8632
https://news.fznews.com.cn/node/23556/20250612/f0M8U7F2A8.shtml,在现代化道路上坚定携手同行 习近平主席贺信凝聚起共建新时代全天候中非命运共同体的奋进力量 _ 学习 _ 新闻频道 _ 福州新闻网,20250612T041500Z,Chinese,news.fznews.com.cn,China,2025-06-12,2025-06,Jun 2025,ä¸­éåä½è®ºåææè½å®åè°äººé¨é¿çº§ä¼è®®6æ11æ¥å¨æ¹åé¿æ²ä¸¾è¡ï¼å½å®¶ä¸»å¸­ä¹ è¿å¹³åä¼è®®è´è´ºä¿¡ã,在现代化道路上坚定携手同行 习近平主席贺信凝聚起共建新时代全天候中非命运共同体的奋进力量 _ 学习 _ 新闻频道 _ 福州新闻网. ä¸­éåä½è®ºåææè½å®åè°äººé¨é¿çº§ä¼è®®6æ11æ¥å¨æ¹åé¿æ²ä¸¾è¡ï¼å½å®¶ä¸»å¸­ä¹ è¿å¹³åä¼è®®è´è´ºä¿¡ã,titre+description,Neutral,0,1,0,0.5102
https://news.iqilu.com/china/gedi/2025/0612/5821293.shtml,在现代化道路上坚定携手同行 习近平主席贺信凝聚起共建新时代全天候中非命运共同体的奋进力量 _ 大陆 _ 国内新闻 _ 新闻 _ 齐鲁网,20250612T040000Z,Chinese,news.iqilu.com,China,2025-06-12,2025-06,Jun 2025,,在现代化道路上坚定携手同行 习近平主席贺信凝聚起共建新时代全天候中非命运共同体的奋进力量 _ 大陆 _ 国内新闻 _ 新闻 _ 齐鲁网,titre seul,Positive,0,0,1,0.5887
https://www.thisdaylive.com/2025/06/12/remo-stars-confirm-readiness-for-eko-international-cup/,Remo Stars Confirm Readiness for Eko International Cup – THISDAYLIVE,20250612T040000Z,English,thisdaylive.com,Nigeria,2025-06-12,2025-06,Jun 2025,,Remo Stars Confirm Readiness for Eko International Cup – THISDAYLIVE,titre seul,Positive,0,0,1,0.6296
https://focus.scol.com.cn/gcdt/202506/83062921.html,在现代化道路上坚定携手同行 习近平主席贺信凝聚起共建新时代全天候中非命运共同体的奋进力量 _ 四川在线,20250612T040000Z,Chinese,focus.scol.com.cn,China,2025-06-12,2025-06,Jun 2025,ä¸­éåä½è®ºåææè½å®åè°äººé¨é¿çº§ä¼è®®6æ11æ¥å¨æ¹åé¿æ²ä¸¾è¡ï¼å½å®¶ä¸»å¸­ä¹ è¿å¹³åä¼è®®è´è´ºä¿¡ã,在现代化道路上坚定携手同行 习近平主席贺信凝聚起共建新时代全天候中非命运共同体的奋进力量 _ 四川在线. ä¸­éåä½è®ºåææè½å®åè°äººé¨é¿çº§ä¼è®®6æ11æ¥å¨æ¹åé¿æ²ä¸¾è¡ï¼å½å®¶ä¸»å¸­ä¹ è¿å¹³åä¼è®®è´è´ºä¿¡ã,titre+description,Neutral,0,1,0,0.5058
https://baijiahao.baidu.com/s?id=1834638602487421005,雨花登  高  ②｜当非洲紫茶遇见湘江 ， 订单里藏着共富密码,20250612T034500Z,Chinese,baijiahao.baidu.com,China,2025-06-12,2025-06,Jun 2025,,雨花登  高  ②｜当非洲紫茶遇见湘江 ， 订单里藏着共富密码,titre seul,Neutral,0,1,0,0.3502
https://china.qianlong.com/2025/0612/8503783.shtml,在现代化道路上坚定携手同行 习近平主席贺信凝聚起共建新时代全天候中非命运共同体的奋进力量,20250612T033000Z,Chinese,china.qianlong.com,China,2025-06-12,2025-06,Jun 2025,å¨ç°ä»£åéè·¯ä¸åå®æºæåè¡ââä¹ è¿å¹³ä¸»å¸­è´ºä¿¡åèèµ·å±å»ºæ°æ¶ä»£å¨å¤©åä¸­éå½è¿å±åä½çå¥è¿åé,在现代化道路上坚定携手同行 习近平主席贺信凝聚起共建新时代全天候中非命运共同体的奋进力量. å¨ç°ä»£åéè·¯ä¸åå®æºæåè¡ââä¹ è¿å¹³ä¸»å¸­è´ºä¿¡åèèµ·å±å»ºæ°æ¶ä»£å¨å¤©åä¸­éå½è¿å±åä½çå¥è¿åé,titre+description,Neutral,0,1,0,0.4862
https://www.cameroon-tribune.cm/article.html/30619/fr.html/cameroon-israel-relations-ambassador-presents-accreditation,Cameroon - Israel Relations : Ambassador Presents Accreditation Papers,20250612T033000Z,English,cameroon-tribune.cm,Cameroon,2025-06-12,2025-06,Jun 2025,,Cameroon - Israel Relations : Ambassador Presents Accreditation Papers,titre seul,Neutral,0,1,0,0.7786
https://news.jschina.com.cn/bdzj/202506/t20250612_s684a2d44e4b0851764e37ecd.shtml,在现代化道路上坚定携手同行 习近平主席贺信凝聚起共建新时代全天候中非命运共同体的奋进力量 _ 中国江苏网,20250612T033000Z,Chinese,news.jschina.com.cn,China,2025-06-12,2025-06,Jun 2025,,在现代化道路上坚定携手同行 习近平主席贺信凝聚起共建新时代全天候中非命运共同体的奋进力量 _ 中国江苏网,titre seul,Positive,0,0,1,0.6684
https://www.yangtse.com/news/tt/202506/t20250612_220340.html,在现代化道路上坚定携手同行 习近平主席贺信凝聚起共建新时代全天候中非命运共同体的奋进力量,20250612T033000Z,Chinese,yangtse.com,China,2025-06-12,2025-06,Jun 2025,,在现代化道路上坚定携手同行 习近平主席贺信凝聚起共建新时代全天候中非命运共同体的奋进力量,titre seul,Positive,0,0,1,0.6583
https://news.ycwb.com/ikinvkmtji/content_53464962.htm,在现代化道路上坚定携手同行 习近平主席贺信凝聚起共建新时代全天候中非命运共同体的奋进力量,20250612T031500Z,Chinese,news.ycwb.com,China,2025-06-12,2025-06,Jun 2025,éç¾ç½,在现代化道路上坚定携手同行 习近平主席贺信凝聚起共建新时代全天候中非命运共同体的奋进力量. éç¾ç½,titre+description,Positive,0,0,1,0.6049
https://www.hinews.cn/page?n=2718076&m=1&s=1044,在现代化道路上坚定携手同行 习近平主席贺信凝聚起共建新时代全天候中非命运共同体的奋进力量 - 南海网,20250612T031500Z,Chinese,hinews.cn,China,2025-06-12,2025-06,Jun 2025,南海网由海南日报报业集团主办，是海南省唯一重点新闻网站，海南省最具影响力的综合门户网站，海南自贸港权威信息发布平台，第一时间发布最新的海南新闻和资讯。,在现代化道路上坚定携手同行 习近平主席贺信凝聚起共建新时代全天候中非命运共同体的奋进力量 - 南海网. 南海网由海南日报报业集团主办，是海南省唯一重点新闻网站，海南省最具影响力的综合门户网站，海南自贸港权威信息发布平台，第一时间发布最新的海南新闻和资讯。,titre+description,Positive,0,0,1,0.5717
http://news.china.com.cn/2025-06/12/content_117922807.shtml,在现代化道路上坚定携手同行 习近平主席贺信凝聚起共建新时代全天候中非命运共同体的奋进力量,20250612T031500Z,Chinese,news.china.com.cn,China,2025-06-12,2025-06,Jun 2025,中国网--网上中国,在现代化道路上坚定携手同行 习近平主席贺信凝聚起共建新时代全天候中非命运共同体的奋进力量. 中国网--网上中国,titre+description,Positive,0,0,1,0.6888
https://news.qq.com/rain/a/20250612A0201200,在现代化道路上坚定携手同行 习近平主席贺信凝聚起共建新时代全天候中非命运共同体的奋进力量 _ 腾讯新闻,20250612T030000Z,Chinese,news.qq.com,China,2025-06-12,2025-06,Jun 2025,中非合作论坛成果落实协调人部长级会议6月11日在湖南长沙举行，国家主席习近平向会议致贺信。中非各界人士表示，习近平主席贺信为中非携手推进现代化、建设新时代全天候中非命运共同体提供了重要指引，将持续激励中非双方扎实推进中非合作论坛北京峰会成果落实，精心谋划论坛未来发展，为促进全球南方团结自强、构建人类命...,在现代化道路上坚定携手同行 习近平主席贺信凝聚起共建新时代全天候中非命运共同体的奋进力量 _ 腾讯新闻. 中非合作论坛成果落实协调人部长级会议6月11日在湖南长沙举行，国家主席习近平向会议致贺信。中非各界人士表示，习近平主席贺信为中非携手推进现代化、建设新时代全天候中非命运共同体提供了重要指引，将持续激励中非双方扎实推进中非合作论坛北京峰会成果落实，精心谋划论坛未来发展，为促进全球南方团结自强、构建人类命...,titre+description,Neutral,0,1,0,0.4489
https://news.jxnews.com.cn/system/2025/06/12/020899032.shtml,在现代化道路上坚定携手同行 习近平主席贺信凝聚起共建新时代全天候中非命运共同体的奋进力量 - 国内国际,20250612T030000Z,Chinese,news.jxnews.com.cn,China,2025-06-12,2025-06,Jun 2025,,在现代化道路上坚定携手同行 习近平主席贺信凝聚起共建新时代全天候中非命运共同体的奋进力量 - 国内国际,titre seul,Positive,0,0,1,0.6477
https://www.cqnews.net/1/detail/1382652677585186816/web/content_1382652677585186816.html,在现代化道路上坚定携手同行 习近平主席贺信凝聚起共建新时代全天候中非命运共同体的奋进力量 - 华龙网,20250612T024500Z,Chinese,cqnews.net,China,2025-06-12,2025-06,Jun 2025,"在现代化道路上坚定携手同行——习近平主席贺信凝聚起共建新时代全天候中非命运共同体的奋进力量,,","在现代化道路上坚定携手同行 习近平主席贺信凝聚起共建新时代全天候中非命运共同体的奋进力量 - 华龙网. 在现代化道路上坚定携手同行——习近平主席贺信凝聚起共建新时代全天候中非命运共同体的奋进力量,,",titre+description,Positive,0,0,1,0.5826
https://news.hangzhou.com.cn/szxw/content/content_9015246.htm,在现代化道路上坚定携手同行 习近平主席贺信凝聚起共建新时代全天候中非命运共同体的奋进力量,20250612T024500Z,Chinese,news.hangzhou.com.cn,China,2025-06-12,2025-06,Jun 2025,,在现代化道路上坚定携手同行 习近平主席贺信凝聚起共建新时代全天候中非命运共同体的奋进力量,titre seul,Positive,0,0,1,0.6583
https://tribunaonline.com.br/entretenimento/ana-maria-goncalves-e-eliane-potiguara-se-candidatam-a-vaga-na-abl-244160,Ana Maria Gonçalves e Eliane Potiguara se candidatam à vaga na ABL | Tribuna Online,20250611T223000Z,Portuguese,tribunaonline.com.br,Brazil,2025-06-11,2025-06,Jun 2025,"A Academia Brasileira de Letras (ABL) decidirá em eleição, no dia 10 de julho, o sucessor ou sucessora da Cadeira n° 33, que pertenceu ao gramático Evanildo Bechara, morto em 22 de maio, aos 97 anos. Ele ocupava a vaga de imortal desde 2000.A instituição","Ana Maria Gonçalves e Eliane Potiguara se candidatam à vaga na ABL | Tribuna Online. A Academia Brasileira de Letras (ABL) decidirá em eleição, no dia 10 de julho, o sucessor ou sucessora da Cadeira n° 33, que pertenceu ao gramático Evanildo Bechara, morto em 22 de maio, aos 97 anos. Ele ocupava a vaga de imortal desde 2000.A instituição",titre+description,Neutral,0,1,0,0.8542
https://odia.ig.com.br/brasil/2025/06/7073437-ana-maria-goncalves-e-eliane-potiguara-se-candidatam-a-vaga-na-abl.html,Ana Maria Gonçalves e Eliane Potiguara se candidatam à vaga na ABL | Brasil,20250611T223000Z,Portuguese,odia.ig.com.br,Brazil,2025-06-11,2025-06,Jun 2025,Escritora mineira pode se tornar a primeira mulher negra a ocupar uma cadeira na Academia,Ana Maria Gonçalves e Eliane Potiguara se candidatam à vaga na ABL | Brasil. Escritora mineira pode se tornar a primeira mulher negra a ocupar uma cadeira na Academia,titre+description,Positive,0,0,1,0.7336
https://www.premiumtimesng.com/news/top-news/800253-one-year-countdown-fifa-gears-up-for-historic-world-cup-but-nigeria-faces-tough-road-ahead.html,One year countdown : FIFA gears up for historic World Cup but Nigeria faces tough road ahead,20250611T214500Z,English,premiumtimesng.com,Nigeria,2025-06-11,2025-06,Jun 2025,"The World Cup will begin on Thursday, 11 June 2026, in Mexico City and will be the first time it’s hosted across three countries—Canada, Mexico, and the United States.","One year countdown : FIFA gears up for historic World Cup but Nigeria faces tough road ahead. The World Cup will begin on Thursday, 11 June 2026, in Mexico City and will be the first time it’s hosted across three countries—Canada, Mexico, and the United States.",titre+description,Neutral,0,1,0,0.5059
https://www.correiodopovo.com.br/arteagenda/ana-maria-gon%c3%a7alves-e-eliane-potiguara-se-candidatam-%c3%a0-vaga-na-abl-1.1617939,Ana Maria Gonçalves e Eliane Potiguara se candidatam à vaga na ABL,20250611T214500Z,Portuguese,correiodopovo.com.br,Brazil,2025-06-11,2025-06,Jun 2025,"No dia 10 de julho, a Academia decidirá em eleição o sucessor ou sucessora da Cadeira n° 33, que pertenceu ao gramático Evanildo Bechara, falecido em 22 de maio","Ana Maria Gonçalves e Eliane Potiguara se candidatam à vaga na ABL. No dia 10 de julho, a Academia decidirá em eleição o sucessor ou sucessora da Cadeira n° 33, que pertenceu ao gramático Evanildo Bechara, falecido em 22 de maio",titre+description,Neutral,0,1,0,0.843
https://www.dgabc.com.br/Noticia/4239235/ana-maria-goncalves-e-eliane-potiguara-se-candidatam-a-vaga-na-abl,Ana Maria Gonçalves e Eliane Potiguara se candidatam à vaga na ABL - 11 / 06 / 2025,20250611T211500Z,Portuguese,dgabc.com.br,Brazil,2025-06-11,2025-06,Jun 2025,Ana Maria Gonçalves e Eliane Potiguara se candidatam à vaga na ABL,Ana Maria Gonçalves e Eliane Potiguara se candidatam à vaga na ABL - 11 / 06 / 2025. Ana Maria Gonçalves e Eliane Potiguara se candidatam à vaga na ABL,titre+description,Neutral,0,1,0,0.6356
https://www.aaj.tv/news/30465252/,ایلون مسک نے ڈونلڈ ٹرمپ کو تنقید کا نشانہ بنانے پر افسوس کا اظہار کردیا - World,20250611T210000Z,Urdu,aaj.tv,Pakistan,2025-06-11,2025-06,Jun 2025,ایلون مسک نے اب ٹرمپ کے خلاف کی گئی اپنی کئی پوسٹس ڈیلیٹ کردیں,ایلون مسک نے ڈونلڈ ٹرمپ کو تنقید کا نشانہ بنانے پر افسوس کا اظہار کردیا - World. ایلون مسک نے اب ٹرمپ کے خلاف کی گئی اپنی کئی پوسٹس ڈیلیٹ کردیں,titre+description,Negative,1,0,0,0.8461
https://leadership.ng/pictorial-abia-gov-industrialist-honour-immigration-officer-who-rejected-%E2%82%A615m-bribe/,"PICTORIAL : Abia Gov , Industrialist Honour Immigration Officer Who Rejected ₦15m Bribe",20250611T204500Z,English,leadership.ng,Nigeria,2025-06-11,2025-06,Jun 2025,,"PICTORIAL : Abia Gov , Industrialist Honour Immigration Officer Who Rejected ₦15m Bribe",titre seul,Neutral,0,1,0,0.5257
https://www.myjoyonline.com/agis-ralph-ayitey-calls-for-revival-of-juapong-textiles-to-restore-ghanas-industrial-glory/,AGI Ralph Ayitey calls for revival of Juapong textiles to restore Ghana industrial glory,20250611T204500Z,English,myjoyonline.com,Ghana,2025-06-11,2025-06,Jun 2025,"The National Treasurer of the Association of Ghana Industries (AGI), Mr Ralph Ayitey, has called for urgent steps to revitalise the Akosombo Textiles Limited (ATL) located in Juapong of the Volta region, once a symbol of Ghana’s industrial strength and cultural identity.","AGI Ralph Ayitey calls for revival of Juapong textiles to restore Ghana industrial glory. The National Treasurer of the Association of Ghana Industries (AGI), Mr Ralph Ayitey, has called for urgent steps to revitalise the Akosombo Textiles Limited (ATL) located in Juapong of the Volta region, once a symbol of Ghana’s industrial strength and cultural identity.",titre+description,Positive,0,0,1,0.5152
https://www.almountakhab.com/node/13213900,الواحدي ضمن التشكيل المثالي لبطولة بلجيكا,20250611T201500Z,Arabic,almountakhab.com,Morocco,2025-06-11,2025-06,Jun 2025,,الواحدي ضمن التشكيل المثالي لبطولة بلجيكا,titre seul,Positive,0,0,1,0.8485
http://www.news.cn/politics/leaders/20250612/6722cd36f2824efab5d70c2d572facb8/c.html,在现代化道路上坚定携手同行 习近平主席贺信凝聚起共建新时代全天候中非命运共同体的奋进力量 - 新华网,20250611T194500Z,Chinese,news.cn,China,2025-06-11,2025-06,Jun 2025,在现代化道路上坚定携手同行——习近平主席贺信凝聚起共建新时代全天候中非命运共同体的奋进力量-中非合作论坛成果落实协调人部长级会议6月11日在湖南长沙举行，国家主席习近平向会议致贺信。中非各界人士表示，习近平主席贺信为中非携手推进现代化、建设新时代全天候中非命运共同体提供了重要指引，将持续激励中非双方扎实推进中非合作论坛北京峰会成果落实，精心谋划论坛未来发展，为促进全球南方团结自强、构建人类命运共同体贡献中非力量。,在现代化道路上坚定携手同行 习近平主席贺信凝聚起共建新时代全天候中非命运共同体的奋进力量 - 新华网. 在现代化道路上坚定携手同行——习近平主席贺信凝聚起共建新时代全天候中非命运共同体的奋进力量-中非合作论坛成果落实协调人部长级会议6月11日在湖南长沙举行，国家主席习近平向会议致贺信。中非各界人士表示，习近平主席贺信为中非携手推进现代化、建设新时代全天候中非命运共同体提供了重要指引，将持续激励中非双方扎实推进中非合作论坛北京峰会成果落实，精心谋划论坛未来发展，为促进全球南方团结自强、构建人类命运共同体贡献中非力量。,titre+description,Neutral,0,1,0,0.5014
https://www.nigerianeye.com/2025/06/community-leaders-others-protest.html,"Community Leaders , Others Protest Removal , Appointment of King in Edo - Latest News In Nigeria , Nigeria News Today , Your Online Nigerian Newspaper",20250611T193000Z,English,nigerianeye.com,Nigeria,2025-06-11,2025-06,Jun 2025,Responsive Blogger Template,"Community Leaders , Others Protest Removal , Appointment of King in Edo - Latest News In Nigeria , Nigeria News Today , Your Online Nigerian Newspaper. Responsive Blogger Template",titre+description,Neutral,0,1,0,0.5558
http://www.24haubenin.info/?COMPTE-RENDU-DU-CONSEIL-DES-MINISTRES-DU-11-JUIN-2025,COMPTE RENDU DU CONSEIL DES MINISTRES DU 11 JUIN 2025,20250611T191500Z,French,24haubenin.info,Benin,2025-06-11,2025-06,Jun 2025,,COMPTE RENDU DU CONSEIL DES MINISTRES DU 11 JUIN 2025,titre seul,Neutral,0,1,0,0.6627
https://theconversation.com/trois-littoraux-ou-les-jumeaux-numeriques-pourraient-permettre-de-mieux-maitriser-les-consequences-des-inondations-258272,Trois littoraux où les jumeaux numériques pourraient permettre de mieux maîtriser les conséquences des inondations,20250611T190000Z,French,theconversation.com,Australia,2025-06-11,2025-06,Jun 2025,"Les « jumeaux numériques » allient imagerie spatiale, mesures de terrain et modélisations sophistiquées – afin de fournir des informations fiables aux particuliers et aux décideurs publics. Zoom sur trois régions littorales.","Trois littoraux où les jumeaux numériques pourraient permettre de mieux maîtriser les conséquences des inondations. Les « jumeaux numériques » allient imagerie spatiale, mesures de terrain et modélisations sophistiquées – afin de fournir des informations fiables aux particuliers et aux décideurs publics. Zoom sur trois régions littorales.",titre+description,Positive,0,0,1,0.6713
https://javedch.com/international/2025/06/11/1087428,ایلون مسک نے گھٹنے ٹیک دیئے,20250611T190000Z,Urdu,javedch.com,Pakistan,2025-06-11,2025-06,Jun 2025,اسلام آباد (نیوز ڈیسک) ٹیکنالوجی کی دنیا کے ارب پتی اور دنیا کے امیر ترین فرد، ایلون مسک نے حال ہی میں سابق امریکی صدر ڈونلڈ ٹرمپ کے ساتھ جاری کشیدہ بیانات پر ندامت کا اظہار کیا ہے۔ اپنے سوشل میڈیا پلیٹ فارم ’ایکس‘ (سابقہ ٹوئٹر) پر جاری ایک پیغام میں انہوں نے اعتراف کیا… Continue 23reading ایلون مسک نے گھٹنے ٹیک دیئے,ایلون مسک نے گھٹنے ٹیک دیئے. اسلام آباد (نیوز ڈیسک) ٹیکنالوجی کی دنیا کے ارب پتی اور دنیا کے امیر ترین فرد، ایلون مسک نے حال ہی میں سابق امریکی صدر ڈونلڈ ٹرمپ کے ساتھ جاری کشیدہ بیانات پر ندامت کا اظہار کیا ہے۔ اپنے سوشل میڈیا پلیٹ فارم ’ایکس‘ (سابقہ ٹوئٹر) پر جاری ایک پیغام میں انہوں نے اعتراف کیا… Continue 23reading ایلون مسک نے گھٹنے ٹیک دیئے,titre+description,Neutral,0,1,0,0.5193
http://lepointsur.com/hassan-dakhlallah-lhomme-orchestre-des-grands-travaux-batisseur-du-present-et-de-lespoir-africain/," [ Hassan DAKHLALLAH ] LHomme - Orchestre des Grands Travaux , Bâtisseur du Présent et de lEspoir Africain",20250611T190000Z,French,lepointsur.com,Ivory Coast,2025-06-11,2025-06,Jun 2025,"Abidjan, le 11 juin 2025 (lepointsur.com) – À l’heure où l’Afrique redessine son destin au sein du concert des nations émergentes, certains noms s’imposent comme des repères de confiance, des figures","[ Hassan DAKHLALLAH ] LHomme - Orchestre des Grands Travaux , Bâtisseur du Présent et de lEspoir Africain. Abidjan, le 11 juin 2025 (lepointsur.com) – À l’heure où l’Afrique redessine son destin au sein du concert des nations émergentes, certains noms s’imposent comme des repères de confiance, des figures",titre+description,Neutral,0,1,0,0.3822
https://thesun.ng/edo-idahosa-urges-unity-for-june-12-martyrs/,Edo : Idahosa urges unity for June 12 martyrs,20250611T181500Z,English,thesun.ng,,2025-06-11,2025-06,Jun 2025,"Edo Deputy Governor Idahosa calls for unity to honour June 12 martyrs, urging Nigerians to build a stronger democracy.","Edo : Idahosa urges unity for June 12 martyrs. Edo Deputy Governor Idahosa calls for unity to honour June 12 martyrs, urging Nigerians to build a stronger democracy.",titre+description,Positive,0,0,1,0.587
https://english.news.cn/20250612/2444d1a093204f4cb906cfd690e47f28/c.html,Uganda women team qualifies for FIBA U23 3x3 World Cup in China - Xinhua,20250611T180000Z,English,english.news.cn,,2025-06-11,2025-06,Jun 2025,Uganda women's team qualifies for FIBA U23 3x3 World Cup in China-,Uganda women team qualifies for FIBA U23 3x3 World Cup in China - Xinhua. Uganda women's team qualifies for FIBA U23 3x3 World Cup in China-,titre+description,Neutral,0,1,0,0.7682
http://www.24haubenin.info/?Le-document-BENIN-2060-ALAFIA-soumis-aux-deputes,Le document « BENIN 2060 ALAFIA » soumis aux députés,20250611T171500Z,French,24haubenin.info,Benin,2025-06-11,2025-06,Jun 2025,,Le document « BENIN 2060 ALAFIA » soumis aux députés,titre seul,Neutral,0,1,0,0.8359
http://www.24haubenin.info/?Pres-de-800-milliards-F-pour-renforcer-l-offre-touristique-au-Benin,Près de 800 milliards F pour renforcer loffre touristique au Bénin,20250611T171500Z,French,24haubenin.info,Benin,2025-06-11,2025-06,Jun 2025,,Près de 800 milliards F pour renforcer loffre touristique au Bénin,titre seul,Positive,0,0,1,0.7824
https://www.risingbd.com/international/news/609850,গবেষণা প্রতিবেদন : বিশ্বে ইসলাম ধর্মের অনুসারী সবচেয়ে দ্রুত বাড়ছে,20250611T171500Z,Bengali,risingbd.com,Bangladesh,2025-06-11,2025-06,Jun 2025,বিশ্বে গত এক দশকে ইসলাম ধর্মের অনুসারীর সংখ্যা অন্য সব ধর্মের সম্মিলিত বৃদ্ধির চেয়েও বেশি বেড়েছে। ফলে ইসলাম এখন বিশ্বের সবচেয়ে দ্রুত বর্ধনশীল ধর্ম। পিউ রিসার্চ সেন্টারের নতুন এক গবষেণার বরাত দিয়ে বুধবার মিডল ইস্ট আই এ তথ্য জানিয়েছে।,গবেষণা প্রতিবেদন : বিশ্বে ইসলাম ধর্মের অনুসারী সবচেয়ে দ্রুত বাড়ছে. বিশ্বে গত এক দশকে ইসলাম ধর্মের অনুসারীর সংখ্যা অন্য সব ধর্মের সম্মিলিত বৃদ্ধির চেয়েও বেশি বেড়েছে। ফলে ইসলাম এখন বিশ্বের সবচেয়ে দ্রুত বর্ধনশীল ধর্ম। পিউ রিসার্চ সেন্টারের নতুন এক গবষেণার বরাত দিয়ে বুধবার মিডল ইস্ট আই এ তথ্য জানিয়েছে।,titre+description,Neutral,0,1,0,0.417
https://www.globalissues.org/news/2025/06/11/40108,The world pledged to end child labour by 2025 : So why are 138 million kids still working ? ,20250611T170000Z,English,globalissues.org,United States,2025-06-11,2025-06,Jun 2025,Twelve-year-old Tenasoa crawls to work every day at a mine in eastern Madagascar where she collects two kilos of the shiny mineral mica each day. She cannot walk because of a physical disability.,The world pledged to end child labour by 2025 : So why are 138 million kids still working ?. Twelve-year-old Tenasoa crawls to work every day at a mine in eastern Madagascar where she collects two kilos of the shiny mineral mica each day. She cannot walk because of a physical disability.,titre+description,Negative,1,0,0,0.8479
https://lemagazinedumanager.com/27536-uemoa-la-boad-organise-ses-development-days-les-12-et-13-juin-a-lome.html,"UEMOA : La BOAD organise ses « Development Days », les 12 et 13 juin à Lomé – Le Magazine du Manager",20250611T170000Z,French,lemagazinedumanager.com,Morocco,2025-06-11,2025-06,Jun 2025,,"UEMOA : La BOAD organise ses « Development Days », les 12 et 13 juin à Lomé – Le Magazine du Manager",titre seul,Neutral,0,1,0,0.6867
https://www.premiumtimesng.com/promoted/800182-lekki-freeport-terminal-redefining-nigerias-maritime-landscape-with-unparalleled-performance.html,Lekki Freeport Terminal : Redefining Nigeria maritime landscape with unparalleled performance,20250611T163000Z,English,premiumtimesng.com,Nigeria,2025-06-11,2025-06,Jun 2025,"With the existing truck service time of 1.1 hours upon arrival at LFT gates and the ongoing road upgrade plans, LFT has a competitive advantage over other ports in Lagos.","Lekki Freeport Terminal : Redefining Nigeria maritime landscape with unparalleled performance. With the existing truck service time of 1.1 hours upon arrival at LFT gates and the ongoing road upgrade plans, LFT has a competitive advantage over other ports in Lagos.",titre+description,Positive,0,0,1,0.7572
https://www.jugantor.com/international/964085,বিশ্বজুড়ে দ্রুত বাড়ছে মুসলমানদের সংখ্যা,20250611T153000Z,Bengali,jugantor.com,Bangladesh,2025-06-11,2025-06,Jun 2025,বিশ্বজুড়ে গত ১০ বছরে মুসলমানদের সংখ্যা অন্য সব ধর্মের সম্মিলিত বৃদ্ধির চেয়েও বেশি বৃদ্ধি পেয়েছে।,বিশ্বজুড়ে দ্রুত বাড়ছে মুসলমানদের সংখ্যা. বিশ্বজুড়ে গত ১০ বছরে মুসলমানদের সংখ্যা অন্য সব ধর্মের সম্মিলিত বৃদ্ধির চেয়েও বেশি বৃদ্ধি পেয়েছে।,titre+description,Neutral,0,1,0,0.4061
https://www.dailyjanakantha.com/religion/news/817543,বিশ্বে যে ধর্মের সংখ্যা সবচেয়ে দ্রুত বাড়ছে,20250611T153000Z,Bengali,dailyjanakantha.com,Bangladesh,2025-06-11,2025-06,Jun 2025,,বিশ্বে যে ধর্মের সংখ্যা সবচেয়ে দ্রুত বাড়ছে,titre seul,Neutral,0,1,0,0.5226
https://www.163.com/dy/article/K1Q71BQL05198CHE.html,章子怡六一晒照状态好 ， 女儿儿子都乖巧听话 ， 她这婚真是离对了 ！ ,20250611T151500Z,Chinese,163.com,China,2025-06-11,2025-06,Jun 2025,"章子怡六一晒照状态好，女儿儿子都乖巧听话，她这婚真是离对了！,汪峰,李安,舒淇,章子怡,张艺谋,新恋情","章子怡六一晒照状态好 ， 女儿儿子都乖巧听话 ， 她这婚真是离对了 ！. 章子怡六一晒照状态好，女儿儿子都乖巧听话，她这婚真是离对了！,汪峰,李安,舒淇,章子怡,张艺谋,新恋情",titre+description,Positive,0,0,1,0.4812
https://afdb.africa-newsroom.com/press/african-development-bank-and-international-aid-transparency-initiative-iati-hold-workshop-for-francophone-west-africa-governments-to-strengthen-development-effectiveness,African Development Bank Group ( AfDB ) / Press release | African Development Bank and International Aid Transparency Initiative ( IATI ) hold workshop for Francophone West Africa governments to strengthen development effectiveness,20250611T124500Z,English,afdb.africa-newsroom.com,South Africa,2025-06-11,2025-06,Jun 2025,African Development Bank and International Aid Transparency Initiative (IATI) hold workshop for Francophone West Africa governments to strengthen development effectiveness,African Development Bank Group ( AfDB ) / Press release | African Development Bank and International Aid Transparency Initiative ( IATI ) hold workshop for Francophone West Africa governments to strengthen development effectiveness. African Development Bank and International Aid Transparency Initiative (IATI) hold workshop for Francophone West Africa governments to strengthen development effectiveness,titre+description,Positive,0,0,1,0.5012
https://www.nytimes.com/athletic/6418358/2025/06/11/world-cup-2026-who-has-qualified/,"World Cup 2026 : Who qualified , who struggling and which underdogs have a shot at glory ? ",20250611T124500Z,English,nytimes.com,United States,2025-06-11,2025-06,Jun 2025,"Breaking down the big plotlines from qualifying for next year's tournament, including some big names who could be struggling to get there","World Cup 2026 : Who qualified , who struggling and which underdogs have a shot at glory ?. Breaking down the big plotlines from qualifying for next year's tournament, including some big names who could be struggling to get there",titre+description,Neutral,0,1,0,0.5507
https://www.dailymaverick.co.za/article/2025-06-11-bafana-boss-hugo-broos-continues-to-build-his-team-amid-fifa-sanction-uncertainty/,Bafana Bafana boss Hugo Broos continues to build his team amid Fifa sanction uncertainty,20250611T120000Z,English,dailymaverick.co.za,South Africa,2025-06-11,2025-06,Jun 2025,"Bafana Bafana coach Hugo Broos used the most recent international window to expand his squad depth. However, the dark cloud of fielding suspended midfielder Teboho Mokwena in the most recent 2026 World Cup qualifiers still lingers ominously.","Bafana Bafana boss Hugo Broos continues to build his team amid Fifa sanction uncertainty. Bafana Bafana coach Hugo Broos used the most recent international window to expand his squad depth. However, the dark cloud of fielding suspended midfielder Teboho Mokwena in the most recent 2026 World Cup qualifiers still lingers ominously.",titre+description,Positive,0,0,1,0.3736
https://www.pulse.ng/articles/lifestyle/visa-free-countries-nigerians-can-visit-2025061110275351493,5 cheapest visa - free countries Nigerians can visit in 2025,20250611T114500Z,English,pulse.ng,Nigeria,2025-06-11,2025-06,Jun 2025,"Dreaming of travel without the visa drama? Discover 5 visa-free countries Nigerians can visit in 2025—affordable, beautiful, and passport-ready destinations perfect for budget-friendly adventures. Read more.","5 cheapest visa - free countries Nigerians can visit in 2025. Dreaming of travel without the visa drama? Discover 5 visa-free countries Nigerians can visit in 2025—affordable, beautiful, and passport-ready destinations perfect for budget-friendly adventures. Read more.",titre+description,Positive,0,0,1,0.7101
https://www.legit.ng/entertainment/celebrities/1659178-drama-ooni-ife-commands-people-prostrate-flat-remi-tinubu-respect-isnt-forced/,Drama as Ooni of Ife Commands His People to Prostrate Flat For Remi Tinubu :  Respect Isnt Forced  ,20250611T111500Z,English,legit.ng,,2025-06-11,2025-06,Jun 2025,"Ooni of Ife and his entourage went viral after the king instructed his followers to lie flat in prostration to First Lady Remi Tinubu, sparking online outrage.","Drama as Ooni of Ife Commands His People to Prostrate Flat For Remi Tinubu :  Respect Isnt Forced. Ooni of Ife and his entourage went viral after the king instructed his followers to lie flat in prostration to First Lady Remi Tinubu, sparking online outrage.",titre+description,Negative,1,0,0,0.7123
https://burkina24.com/2025/06/10/soutenance-doctorale-en-genie-industriel-mention-tres-honorable-pour-yamako-soulama/,Soutenance doctorale en Génie industriel : Mention  Très honorable  pour Yamako Soulama,20250611T111500Z,French,burkina24.com,Burkina Faso,2025-06-11,2025-06,Jun 2025,"Yamako Soungalo Soulama a soutenu avec brio sa thèse de doctorat unique en Génie industriel, le 05 juin 2025 à l’Université de Lomé, au Togo. Son travail a porté sur le thème :  Intégration des énergies renouvelables dans une démarche de conception d’équipements pour les PME agroalimentaires des pays d’Afrique de l’Ouest. Le jury, convaincu …","Soutenance doctorale en Génie industriel : Mention  Très honorable  pour Yamako Soulama. Yamako Soungalo Soulama a soutenu avec brio sa thèse de doctorat unique en Génie industriel, le 05 juin 2025 à l’Université de Lomé, au Togo. Son travail a porté sur le thème :  Intégration des énergies renouvelables dans une démarche de conception d’équipements pour les PME agroalimentaires des pays d’Afrique de l’Ouest. Le jury, convaincu …",titre+description,Positive,0,0,1,0.6445
https://www.graphic.com.gh/news/general-news/ghana-news-ghana-to-host-6th-festac-2025.html,Ghana to host 6th FESTAC 2025,20250611T103000Z,English,graphic.com.gh,Ghana,2025-06-11,2025-06,Jun 2025,"The week-long festival of Black and Africans, which is slated for September 21 to 27, is expected to attract at least 100,000 patrons, featuring various activities, including daily performances where about 500 artists will be on stage at about 10 venues","Ghana to host 6th FESTAC 2025. The week-long festival of Black and Africans, which is slated for September 21 to 27, is expected to attract at least 100,000 patrons, featuring various activities, including daily performances where about 500 artists will be on stage at about 10 venues",titre+description,Neutral,0,1,0,0.5838
https://www.indiatvnews.com/news/world/islam-tops-global-religious-growth-charts-adds-300-million-followers-in-a-decade-report-list-of-countries-with-highest-rise-in-muslim-population-2025-06-11-994173,"Muslim population surged by 300 million in a decade , fastest among all major religions | Country - wise figures",20250611T093000Z,English,indiatvnews.com,India,2025-06-11,2025-06,Jun 2025,,"Muslim population surged by 300 million in a decade , fastest among all major religions | Country - wise figures",titre seul,Positive,0,0,1,0.4609
https://www.afrik.com/porto-novo-capitale-marginalisee-le-professeur-noukpo-agossou-demonte-le-mythe-du-manque-d-espace,"Porto - Novo , capitale marginalisée : le professeur Noukpo Agossou démonte le mythe du manque despace",20250611T090000Z,French,afrik.com,France,2025-06-11,2025-06,Jun 2025,,"Porto - Novo , capitale marginalisée : le professeur Noukpo Agossou démonte le mythe du manque despace",titre seul,Negative,1,0,0,0.9087
https://orissadiary.com/public-development-banks-launch-clean-oceans-initiative-2-0/,Public Development Banks Launch Clean Oceans Initiative 2 . 0,20250611T083000Z,English,orissadiary.com,India,2025-06-11,2025-06,Jun 2025,"NICE, FRANCE (10 June 2025) — Building on a shared commitment to marine sustainability, six public development banks on Monday launched the Clean Oceans Initiative 2.0 (COI 2.0), a renewed and expanded partnership dedicated to drastically reducing plastic pollution in the world’s oceans. At the United Nations Ocean Conference in Nice, Agence Française de Développement (AFD), European…","Public Development Banks Launch Clean Oceans Initiative 2 . 0. NICE, FRANCE (10 June 2025) — Building on a shared commitment to marine sustainability, six public development banks on Monday launched the Clean Oceans Initiative 2.0 (COI 2.0), a renewed and expanded partnership dedicated to drastically reducing plastic pollution in the world’s oceans. At the United Nations Ocean Conference in Nice, Agence Française de Développement (AFD), European…",titre+description,Positive,0,0,1,0.4685
https://blueprint.ng/edo-community-decries-forceful-takeover-of-ancestral-land/,Edo community decries  forceful takeover  of ancestral land - Blueprint Newspapers Limited,20250611T080000Z,English,blueprint.ng,Nigeria,2025-06-11,2025-06,Jun 2025,"Indigenes of Amagba Adolor community in Oredo local government area of Edo state, Tuesday, bemoaned alleged takeover of their ancestral land by individuals","Edo community decries  forceful takeover  of ancestral land - Blueprint Newspapers Limited. Indigenes of Amagba Adolor community in Oredo local government area of Edo state, Tuesday, bemoaned alleged takeover of their ancestral land by individuals",titre+description,Negative,1,0,0,0.7838
https://www.counterpunch.org/2025/06/11/freedom-of-movement-and-global-apartheid/,Freedom of Movement and Global Apartheid,20250611T071500Z,English,counterpunch.org,United States,2025-06-11,2025-06,Jun 2025,"In an aphorism sometimes attributed to Leo Tolstoy, sometimes to John Gardner, all literature relies on one of two plots: a person goes on a journey or a","Freedom of Movement and Global Apartheid. In an aphorism sometimes attributed to Leo Tolstoy, sometimes to John Gardner, all literature relies on one of two plots: a person goes on a journey or a",titre+description,Neutral,0,1,0,0.7187
https://dailytrust.com/why-inec-is-yet-to-conduct-by-elections-into-7-seats-at-n-assembly/,Why INEC is yet to conduct by - elections into 7 seats at N / Assembly,20250611T070000Z,English,dailytrust.com,Niger,2025-06-11,2025-06,Jun 2025,"Several months after the demise of some federal lawmakers in active service, and the resignation of two legislators, the Independent National Electoral...","Why INEC is yet to conduct by - elections into 7 seats at N / Assembly. Several months after the demise of some federal lawmakers in active service, and the resignation of two legislators, the Independent National Electoral...",titre+description,Negative,1,0,0,0.709
https://mondafrique.com/a-la-une/grande-offensive-des-djihadistes-au-sahel-avant-la-saison-des-pluies/,La grande offensive des djihadistes au Sahel avant la saison des pluies,20250611T061500Z,French,mondafrique.com,France,2025-06-11,2025-06,Jun 2025,"Depuis un mois, les groupes djihadistes du Sahel affiliés à Al Qaida ont lancé une offensive majeure contre les armées des trois pays du Sahel central,","La grande offensive des djihadistes au Sahel avant la saison des pluies. Depuis un mois, les groupes djihadistes du Sahel affiliés à Al Qaida ont lancé une offensive majeure contre les armées des trois pays du Sahel central,",titre+description,Positive,0,0,1,0.4871
https://www.estadao.com.br/cultura/artes/bienal-de-sao-paulo-2025-anuncia-lista-de-artistas-em-edicao-inspirada-em-verso-de-conceicao-evaristo-nprec/,Bienal de São Paulo 2025 anuncia lista de artistas em edio inspirada em verso de Conceio Evaristo,20250611T044500Z,Portuguese,estadao.com.br,Brazil,2025-06-11,2025-06,Jun 2025,"36ª Bienal de SP receberá 120 artistas a partir de setembro, com duração expandida de quatro meses; a cocuradora marroquina Alya Sebti fala ao ‘Estadão’ sobre o conceito que guiou a seleção","Bienal de São Paulo 2025 anuncia lista de artistas em edio inspirada em verso de Conceio Evaristo. 36ª Bienal de SP receberá 120 artistas a partir de setembro, com duração expandida de quatro meses; a cocuradora marroquina Alya Sebti fala ao ‘Estadão’ sobre o conceito que guiou a seleção",titre+description,Neutral,0,1,0,0.6994
https://thesun.ng/fab-west-africa-lauds-nafdac-fg-for-enabling-business-growth/,"FAB West Africa lauds NAFDAC , FG for enabling business growth",20250611T043000Z,English,thesun.ng,,2025-06-11,2025-06,Jun 2025,By Bolaji Okunola Exhibitors at the ongoing Food & Beverage (FAB) West Africa exhibition have commended the Nigerian government and the National Agency for Food and Drug Administration and Control (NAFDAC) for their continued support and effective regulatory policies that enhance food safety and promote business growth in the region. Speaking during the opening day […],"FAB West Africa lauds NAFDAC , FG for enabling business growth. By Bolaji Okunola Exhibitors at the ongoing Food & Beverage (FAB) West Africa exhibition have commended the Nigerian government and the National Agency for Food and Drug Administration and Control (NAFDAC) for their continued support and effective regulatory policies that enhance food safety and promote business growth in the region. Speaking during the opening day […]",titre+description,Positive,0,0,1,0.6156
https://www.breitbart.com/national-security/2025/06/10/u-n-report-warns-of-global-fertility-crisis/,U . N . Report Warns of Global Fertility Crisis,20250611T041500Z,English,breitbart.com,United States,2025-06-11,2025-06,Jun 2025,The United Nations Population Fund (UNFPA) warns of a global fertility crisis and says most policies to address it are not working.,U . N . Report Warns of Global Fertility Crisis. The United Nations Population Fund (UNFPA) warns of a global fertility crisis and says most policies to address it are not working.,titre+description,Negative,1,0,0,0.8421
https://www.larena.it/territorio-veronese/bassa/albaredo-d-adige-mamma-figlia-alloggio-ipab-terzo-mondo-senza-luce-acqua-1.12706912,"Madre e figlia nellalloggio Ipab come nel Terzo mondo : « Da un anno senza luce , ora anche senza acqua » ",20250611T040000Z,Italian,larena.it,Italy,2025-06-11,2025-06,Jun 2025,"Sfrattata dagli ex minialloggi dell'Ipab di Albaredo, oggi proprietà del Comune, vive in condizioni al limite della dignità, ancora... Scopri di più","Madre e figlia nellalloggio Ipab come nel Terzo mondo : « Da un anno senza luce , ora anche senza acqua ». Sfrattata dagli ex minialloggi dell'Ipab di Albaredo, oggi proprietà del Comune, vive in condizioni al limite della dignità, ancora... Scopri di più",titre+description,Negative,1,0,0,0.9331
https://hn.rednet.cn/nograb/646940/54/15031881.html,合作共赢 和合共生 写在第四届中国 - 非洲经贸博览会即将开幕之际 _ 经济 . 民生 _ 湖南频道,20250611T033000Z,Chinese,hn.rednet.cn,,2025-06-11,2025-06,Jun 2025,,合作共赢 和合共生 写在第四届中国 - 非洲经贸博览会即将开幕之际 _ 经济 . 民生 _ 湖南频道,titre seul,Neutral,0,1,0,0.4886
https://lanouvelletribune.info/2025/06/affaire-up-r-et-prd-au-benin-la-revelation-dun-imbroglio-politico-administratif/,Affaire UP - R et PRD au Bénin : la révélation dun imbroglio politico - administratif,20250611T033000Z,French,lanouvelletribune.info,Benin,2025-06-11,2025-06,Jun 2025,"Le paysage politique béninois, déjà complexe, est secoué par une nouvelle situation qui met en lumière de sérieuses incohérences dans le circuit de la délivrance des récépissés aux partis politiques. Au cœur de cette tempête, l'union progressiste le renouveau (Upr), fruit de la fusion entre l'Union","Affaire UP - R et PRD au Bénin : la révélation dun imbroglio politico - administratif. Le paysage politique béninois, déjà complexe, est secoué par une nouvelle situation qui met en lumière de sérieuses incohérences dans le circuit de la délivrance des récépissés aux partis politiques. Au cœur de cette tempête, l'union progressiste le renouveau (Upr), fruit de la fusion entre l'Union",titre+description,Negative,1,0,0,0.9237
https://www.ennaharonline.com/%D8%A7%D8%B3%D8%AA%D9%82%D8%A8%D8%A7%D9%84-%D9%85%D9%85%D9%8A%D8%B2-%D9%84%D9%85%D9%86%D8%AA%D8%AE%D8%A8-%D9%83%D8%B1%D8%A9-%D8%A7%D9%84%D8%B3%D9%84%D8%A9-3x3-%D9%84%D8%A3%D9%82%D9%84-%D9%85/,استقبال مميز لمنتخب كرة السلة 3×3 لأقل من 21 سنة بعد تأهله التاريخي إلى كأس العالم – النهار أونلاين,20250611T033000Z,Arabic,ennaharonline.com,Algeria,2025-06-11,2025-06,Jun 2025,حظي المنتخب الوطني الجزائري لكرة السلة 3×3 لأقل من 21 سنة، اليوم الثلاثاء، باستقبال رسمي مميز,استقبال مميز لمنتخب كرة السلة 3×3 لأقل من 21 سنة بعد تأهله التاريخي إلى كأس العالم – النهار أونلاين. حظي المنتخب الوطني الجزائري لكرة السلة 3×3 لأقل من 21 سنة، اليوم الثلاثاء، باستقبال رسمي مميز,titre+description,Positive,0,0,1,0.9222
https://www.lnr-dz.com/2025/06/10/29-millions-de-personnes-vivent-linstabilite/,29 millions de personnes vivent linstabilité - La Nouvelle République Algérie,20250611T030000Z,French,lnr-dz.com,Algeria,2025-06-11,2025-06,Jun 2025,"«Dans le Sahel, des millions de femmes, d’enfants et d’hommes vulnérables ont un besoin urgent d’aide humanitaire » 4,3 milliards de dollars pour répondre aux besoins urgents de 18,4 millions de personnes au Burkina Faso, au Cameroun, au Mali, au Niger, au Nigéria et au Tchad, une évaluation de l’année 2025.L’instabilité, la violence, les conflits, […]","29 millions de personnes vivent linstabilité - La Nouvelle République Algérie. «Dans le Sahel, des millions de femmes, d’enfants et d’hommes vulnérables ont un besoin urgent d’aide humanitaire » 4,3 milliards de dollars pour répondre aux besoins urgents de 18,4 millions de personnes au Burkina Faso, au Cameroun, au Mali, au Niger, au Nigéria et au Tchad, une évaluation de l’année 2025.L’instabilité, la violence, les conflits, […]",titre+description,Negative,1,0,0,0.8304
https://thesun.ng/edo-line-to-commence-services-on-june-27-says-okpebholo/,"Edo Line to commence services on June 27 , says Okpebholo",20250611T030000Z,English,thesun.ng,,2025-06-11,2025-06,Jun 2025,"From Tony Osauzo, Benin Edo State Governor, Monday Okpebholo, yesterday, announced that the new Edo Line Nigeria Limited would commence operations on June 27. The governor who made the announcement during an inspection tour of ongoing projects in Edo South, personally assessed the progress at the New Edo Line station and expressed satisfaction with the […]","Edo Line to commence services on June 27 , says Okpebholo. From Tony Osauzo, Benin Edo State Governor, Monday Okpebholo, yesterday, announced that the new Edo Line Nigeria Limited would commence operations on June 27. The governor who made the announcement during an inspection tour of ongoing projects in Edo South, personally assessed the progress at the New Edo Line station and expressed satisfaction with the […]",titre+description,Neutral,0,1,0,0.443
http://www.hunan.gov.cn/hnszf/hnyw/sy/hnyw1/202506/t20250611_33706170.html,合作共赢 和合共生 写在第四届中国 非洲经贸博览会即将开幕之际 - 湖南省人民政府门户网站,20250611T024500Z,Chinese,hunan.gov.cn,China,2025-06-11,2025-06,Jun 2025,,合作共赢 和合共生 写在第四届中国 非洲经贸博览会即将开幕之际 - 湖南省人民政府门户网站,titre seul,Neutral,0,1,0,0.5062
https://www.breitbart.com/asia/2025/06/10/u-n-report-warns-of-global-fertility-crisis/,U . N . Report Warns of Global Fertility Crisis,20250611T014500Z,English,breitbart.com,United States,2025-06-11,2025-06,Jun 2025,The United Nations Population Fund (UNFPA) warns of a global fertility crisis and says most policies to address it are not working.,U . N . Report Warns of Global Fertility Crisis. The United Nations Population Fund (UNFPA) warns of a global fertility crisis and says most policies to address it are not working.,titre+description,Negative,1,0,0,0.8421
https://baijiahao.baidu.com/s?id=1834592330969230417,骁腾有如此 万里可横行 中国工商银行湖南省分行金融助力中非合作记,20250611T013000Z,Chinese,baijiahao.baidu.com,China,2025-06-11,2025-06,Jun 2025,,骁腾有如此 万里可横行 中国工商银行湖南省分行金融助力中非合作记,titre seul,Neutral,0,1,0,0.4277
"http://www.t-g.com/premium/theconversation/stories/a-quarter-of-the-worlds-population-are-adolescents-major-report-sets-out-health-and-wellbeing,172438",A quarter of the world population are adolescents : major report sets out health and wellbeing trends,20250611T010000Z,English,t-g.com,United States,2025-06-11,2025-06,Jun 2025,,A quarter of the world population are adolescents : major report sets out health and wellbeing trends,titre seul,Neutral,0,1,0,0.7969
https://www.elle.fr/Societe/Interviews/Exclusif-Nicole-Croisille-Pourquoi-continuer-a-souffrir-4352317,Exclusif . - Les dernières confidences de Nicole Croisille sur sa volonté de mourir euthanasiée,20250611T004500Z,French,elle.fr,France,2025-06-11,2025-06,Jun 2025,,Exclusif . - Les dernières confidences de Nicole Croisille sur sa volonté de mourir euthanasiée,titre seul,Negative,1,0,0,0.6072
https://www.publico.pt/2025/06/11/opiniao/opiniao/pax-israelensis-2136233,Pax israelensis,20250611T004500Z,Portuguese,publico.pt,Portugal,2025-06-11,2025-06,Jun 2025,Desde há muito que Israel se tem revelado o modelo de sociedade no qual se revê a ultradireita neofascista do mundo.,Pax israelensis. Desde há muito que Israel se tem revelado o modelo de sociedade no qual se revê a ultradireita neofascista do mundo.,titre+description,Negative,1,0,0,0.4208
https://jo24.net/article/535072,جو 24 : الركراكي : حكيمي لن يفوز بالكرة الذهبية لأنه إفريقي,20250611T004500Z,Arabic,jo24.net,Jordan,2025-06-11,2025-06,Jun 2025,أكد وليد الركراكي، مدرب المنتخب المغربي لكرة القدم، أن نتائج أسود الأطلس خلال السنوات الثلاث الماضية تعكس عملا متواصلا وناجحا، مشيرا إلى أن استقرار ترتيب,جو 24 : الركراكي : حكيمي لن يفوز بالكرة الذهبية لأنه إفريقي. أكد وليد الركراكي، مدرب المنتخب المغربي لكرة القدم، أن نتائج أسود الأطلس خلال السنوات الثلاث الماضية تعكس عملا متواصلا وناجحا، مشيرا إلى أن استقرار ترتيب,titre+description,Positive,0,0,1,0.6766
https://www.wradio.com.co/2025/06/10/luna-de-fresa-junio-2025-como-ver-este-fenomeno-astronomico-en-colombia-recomendaciones-de-nasa/,  Luna de fresa  junio 2025 : ¿ cómo ver este fenómeno astronómico en Colombia ? Recomendaciones de NASA,20250611T004500Z,Spanish,wradio.com.co,Colombia,2025-06-11,2025-06,Jun 2025,"Este fenómeno astronómico se verá el miércoles, 11 de junio, en Colombia.","Luna de fresa  junio 2025 : ¿ cómo ver este fenómeno astronómico en Colombia ? Recomendaciones de NASA. Este fenómeno astronómico se verá el miércoles, 11 de junio, en Colombia.",titre+description,Neutral,0,1,0,0.8541
https://lepays.bf/sommet-de-lonu-sur-locean-la-voix-de-lafrique-va-t-elle-porter-2/,SOMMET DE LONU SUR LOCEAN : La voix de lAfrique va - t - elle porter  ? ,20250611T000000Z,French,lepays.bf,Burkina Faso,2025-06-11,2025-06,Jun 2025,"Le 9 juin 2025, et ce pour cinq jours, s’est ouvert à Nice en France, le sommet de l’Organisation des nations unies sur l’océan (UNOC). Plus de cent","SOMMET DE LONU SUR LOCEAN : La voix de lAfrique va - t - elle porter  ?. Le 9 juin 2025, et ce pour cinq jours, s’est ouvert à Nice en France, le sommet de l’Organisation des nations unies sur l’océan (UNOC). Plus de cent",titre+description,Neutral,0,1,0,0.5558
https://www.omnia.com.mx/noticia/381217/onu-deplora-sanciones-de-trump-contra-la-cpi,ONU deplora sanciones de Trump contra la CPI,20250611T000000Z,Spanish,omnia.com.mx,Mexico,2025-06-11,2025-06,Jun 2025,GINEBRA (apro).-El Alto Comisionado de las Naciones Unidas para los Derechos Humanos Volker Türk expresó su rechazo hacia las sanciones impuestas ayer por el Gobierno,ONU deplora sanciones de Trump contra la CPI. GINEBRA (apro).-El Alto Comisionado de las Naciones Unidas para los Derechos Humanos Volker Türk expresó su rechazo hacia las sanciones impuestas ayer por el Gobierno,titre+description,Negative,1,0,0,0.8571
https://www.proceso.com.mx/internacional/2025/6/10/onu-deplora-sanciones-de-trump-contra-la-cpi-352780.html,ONU deplora sanciones de Trump contra la CPI,20250611T000000Z,Spanish,proceso.com.mx,Mexico,2025-06-11,2025-06,Jun 2025,"Los comentarios del Alto Comisionado surgen despuÃ©s de un comunicado de la CPI, en el que califica las sanciones como ""un claro intento de socavar la independencia de una instituciÃ³n judicial internacional que opera bajo el mandato de 125 Estados Partes de todos los rincones del mundo"".","ONU deplora sanciones de Trump contra la CPI. Los comentarios del Alto Comisionado surgen despuÃ©s de un comunicado de la CPI, en el que califica las sanciones como ""un claro intento de socavar la independencia de una instituciÃ³n judicial internacional que opera bajo el mandato de 125 Estados Partes de todos los rincones del mundo"".",titre+description,Negative,1,0,0,0.7657
https://saharareporters.com/2025/06/10/world-bank-forecasts-36-economic-growth-nigeria-2025-behind-ghana-niger-republic-others,"World Bank Forecasts 3 . 6 % Economic Growth For Nigeria In 2025 , Behind Ghana , Niger Republic , Others",20250611T000000Z,English,saharareporters.com,Nigeria,2025-06-11,2025-06,Jun 2025,"World Bank Forecasts 3.6% Economic Growth For Nigeria In 2025, Behind Ghana, Niger Republic, Others","World Bank Forecasts 3 . 6 % Economic Growth For Nigeria In 2025 , Behind Ghana , Niger Republic , Others. World Bank Forecasts 3.6% Economic Growth For Nigeria In 2025, Behind Ghana, Niger Republic, Others",titre+description,Neutral,0,1,0,0.6378
https://nigerianobservernews.com/2025/06/edo-court-declares-ikpako-odionwere-stool-vacant/,Edo Court declares Ikpako Odionwere stool vacant,20250610T234500Z,English,nigerianobservernews.com,Nigeria,2025-06-10,2025-06,Jun 2025,"The Benin Customary Court in Okada, Edo, has declared the Odionwere (Headship) position of Ikpako Community vacant. The Court’s order followed a suit instituted by the elders on behalf of the people of Ikpako where they sought its declaration of the position of Odionwere occupied by Mr James Ailegboze vacant. The claimants in the suit […]","Edo Court declares Ikpako Odionwere stool vacant. The Benin Customary Court in Okada, Edo, has declared the Odionwere (Headship) position of Ikpako Community vacant. The Court’s order followed a suit instituted by the elders on behalf of the people of Ikpako where they sought its declaration of the position of Odionwere occupied by Mr James Ailegboze vacant. The claimants in the suit […]",titre+description,Negative,1,0,0,0.4633
https://www.ennaharonline.com/%D8%A5%D8%B3%D8%AA%D9%82%D8%A8%D8%A7%D9%84-%D9%85%D9%85%D9%8A%D8%B2-%D9%84%D9%85%D9%86%D8%AA%D8%AE%D8%A8-%D9%83%D8%B1%D8%A9-%D8%A7%D9%84%D8%B3%D9%84%D8%A9-3x3-%D9%84%D8%A3%D9%82%D9%84-%D9%85/,إستقبال مميز لمنتخب كرة السلة 3×3 لأقل من 21 سنة بعد تأهله التاريخي إلى كأس العالم – النهار أونلاين,20250610T223000Z,Arabic,ennaharonline.com,Algeria,2025-06-10,2025-06,Jun 2025,حظي المنتخب الوطني الجزائري لكرة السلة 3×3 لأقل من 21 سنة، اليوم الثلاثاء، باستقبال رسمي مميز,إستقبال مميز لمنتخب كرة السلة 3×3 لأقل من 21 سنة بعد تأهله التاريخي إلى كأس العالم – النهار أونلاين. حظي المنتخب الوطني الجزائري لكرة السلة 3×3 لأقل من 21 سنة، اليوم الثلاثاء، باستقبال رسمي مميز,titre+description,Positive,0,0,1,0.924
https://lactualite.com/sante-et-science/dou-vient-la-peur-du-medecin/,Doù vient la peur du médecin ? ,20250610T221500Z,French,lactualite.com,Canada,2025-06-10,2025-06,Jun 2025,"Nombre de gens reportent un rendez-vous médical, anxieux à l'idée de recevoir une mauvaise nouvelle ou parce qu'ils ont une véritable phobie. Or, mettre le doigt sur la source de son angoisse aide à surmonter cette dernière... et à se faire soigner.","Doù vient la peur du médecin ?. Nombre de gens reportent un rendez-vous médical, anxieux à l'idée de recevoir une mauvaise nouvelle ou parce qu'ils ont une véritable phobie. Or, mettre le doigt sur la source de son angoisse aide à surmonter cette dernière... et à se faire soigner.",titre+description,Negative,1,0,0,0.9383
https://www.dakaractu.com/Organisations-Patronales-d-Afrique-Baidy-Agne-elu-president_a262243.html,Organisations Patronales dAfrique : Baïdy Agne élu président,20250610T214500Z,French,dakaractu.com,Senegal,2025-06-10,2025-06,Jun 2025,"Le Président du Conseil National du Patronat du Sénégal (CNP), Baïdy Agne, a été élu par ses pairs, ce mardi à Genève, Président des Organisations Patronales d’Afrique - Business Africa - lors d...","Organisations Patronales dAfrique : Baïdy Agne élu président. Le Président du Conseil National du Patronat du Sénégal (CNP), Baïdy Agne, a été élu par ses pairs, ce mardi à Genève, Président des Organisations Patronales d’Afrique - Business Africa - lors d...",titre+description,Positive,0,0,1,0.493
https://burkina24.com/2025/06/10/communique-soutenance-doctorale-en-genie-industriel-mention-tres-honorable-pour-yamako-soulama/,Communiqué | Soutenance doctorale en Génie industriel : Mention  Très honorable  pour Yamako Soulama,20250610T214500Z,French,burkina24.com,Burkina Faso,2025-06-10,2025-06,Jun 2025,"Yamako Soungalo Soulama a soutenu avec brio sa thèse de doctorat unique en Génie industriel, le 05 juin 2025 à l’Université de Lomé, au Togo. Son travail a porté sur le thème :  Intégration des énergies renouvelables dans une démarche de conception d’équipements pour les PME agroalimentaires des pays d’Afrique de l’Ouest. Le jury, convaincu …","Communiqué | Soutenance doctorale en Génie industriel : Mention  Très honorable  pour Yamako Soulama. Yamako Soungalo Soulama a soutenu avec brio sa thèse de doctorat unique en Génie industriel, le 05 juin 2025 à l’Université de Lomé, au Togo. Son travail a porté sur le thème :  Intégration des énergies renouvelables dans une démarche de conception d’équipements pour les PME agroalimentaires des pays d’Afrique de l’Ouest. Le jury, convaincu …",titre+description,Positive,0,0,1,0.5401
https://tass.ru/obschestvo/24190767,Посольство РФ в Бенине провело прием по случаю Дня России,20250610T214500Z,Russian,tass.ru,Russia,2025-06-10,2025-06,Jun 2025,,Посольство РФ в Бенине провело прием по случаю Дня России,titre seul,Neutral,0,1,0,0.8356
https://www.middleeasteye.net/news/islam-worlds-fastest-growing-religion-new-pew-study,"Islam is world fastest - growing religion , new Pew study finds",20250610T211500Z,English,middleeasteye.net,Israel,2025-06-10,2025-06,Jun 2025,,"Islam is world fastest - growing religion , new Pew study finds",titre seul,Neutral,0,1,0,0.4471
https://fr.allafrica.com/stories/202506100542.html,Maroc : Réception en lhonneur danciens internationaux marocains,20250610T211500Z,French,fr.allafrica.com,Nigeria,2025-06-10,2025-06,Jun 2025,"Une réception a été organisée, dimanche à Fès, par la Fédération Royale marocaine de football (FRMF), en l'honneur d'anciens internationaux marocains ayant porté les maillots du COD Meknès et du Maghreb de Fès.","Maroc : Réception en lhonneur danciens internationaux marocains. Une réception a été organisée, dimanche à Fès, par la Fédération Royale marocaine de football (FRMF), en l'honneur d'anciens internationaux marocains ayant porté les maillots du COD Meknès et du Maghreb de Fès.",titre+description,Positive,0,0,1,0.6808
https://www.6park.com/view/news/729872.html,女子卖房凑钱来加拿大留学 落地发现被骗,20250610T211500Z,Chinese,6park.com,United States,2025-06-10,2025-06,Jun 2025,留园社区已永久性关闭，欢迎访问新型中文网站 Vava8.com 发吧。,女子卖房凑钱来加拿大留学 落地发现被骗. 留园社区已永久性关闭，欢迎访问新型中文网站 Vava8.com 发吧。,titre+description,Negative,1,0,0,0.7159
https://www.afriquesenlutte.org/afrique-de-l-ouest/sierra-leone/nouvelle-rubrique-no-91/article/afrique-le-multipartisme-n-est-pas,Afrique Le multipartisme nest pas la fin des dictatures,20250610T210000Z,French,afriquesenlutte.org,France,2025-06-10,2025-06,Jun 2025,"Toujours d'actualité Depuis un peu plus d'un an, les États africains issus de l'ancien empire colonial français, semblent avoir été touchés par (…)","Afrique Le multipartisme nest pas la fin des dictatures. Toujours d'actualité Depuis un peu plus d'un an, les États africains issus de l'ancien empire colonial français, semblent avoir été touchés par (…)",titre+description,Negative,1,0,0,0.8102
https://connectionivoirienne.net/2025/06/10/crise-humanitaire-en-perspective-le-hcr-contraint-de-reduire-ses-activites-en-cote-divoire-au-ghana-au-benin-et-au-togo-faute-de-financements/,"Crise humanitaire en perspective : Le HCR contraint de réduire ses activités en Côte dIvoire , au Ghana , au Bénin et au Togo , faute de financements",20250610T204500Z,French,connectionivoirienne.net,Ivory Coast,2025-06-10,2025-06,Jun 2025,Connectionivoirienne.net,"Crise humanitaire en perspective : Le HCR contraint de réduire ses activités en Côte dIvoire , au Ghana , au Bénin et au Togo , faute de financements. Connectionivoirienne.net",titre+description,Negative,1,0,0,0.9436
https://www.237online.com/douala-scandale-a-new-bell-apres-un-vol-dorgane-genital-exclusif/,Vol bangala Douala ► Scène de lynchage à New Bell ! ,20250610T204500Z,French,237online.com,Cameroon,2025-06-10,2025-06,Jun 2025,"Découvrez l'info EXCLUSIVE : un Béninois lynché à Douala après le vol du pénis d'un call-boxeur ! Aveux glaçants, foule en colère et intervention policière. Tous les détails sur ce drame choquant. Exclusivité 237online.","Vol bangala Douala ► Scène de lynchage à New Bell !. Découvrez l'info EXCLUSIVE : un Béninois lynché à Douala après le vol du pénis d'un call-boxeur ! Aveux glaçants, foule en colère et intervention policière. Tous les détails sur ce drame choquant. Exclusivité 237online.",titre+description,Negative,1,0,0,0.9278
https://www.latercera.com/mundo/noticia/aumento-de-musulmanes-y-personas-sin-religion-como-cambio-el-panorama-mundial-en-10-anos/,Aumento de musulmanes y personas  sin religión : cómo cambió el panorama mundial en 10 años,20250610T203000Z,Spanish,latercera.com,Chile,2025-06-10,2025-06,Jun 2025,"Un estudio de Pew Research Center centrado en el período 2010-2020 muestra que, a pesar de ser los cristianos la religión con más creyentes en la población mundial, el aumento más rápido es el de los musulmanes. Chile es uno de los países con mayor incremento de la población sin afiliación religiosa.","Aumento de musulmanes y personas  sin religión : cómo cambió el panorama mundial en 10 años. Un estudio de Pew Research Center centrado en el período 2010-2020 muestra que, a pesar de ser los cristianos la religión con más creyentes en la población mundial, el aumento más rápido es el de los musulmanes. Chile es uno de los países con mayor incremento de la población sin afiliación religiosa.",titre+description,Neutral,0,1,0,0.5224
https://www.leral.net/BRVM-Evolution-positive-de-la-majorite-des-activites-du-marche-ce-mardi-10-juin-2025_a382480.html,BRVM : Evolution positive de la majorité des activités du marché ce mardi 10 juin 2025 . ,20250610T200000Z,French,leral.net,Senegal,2025-06-10,2025-06,Jun 2025,La majorité des activités du marché de la Bourse Régionale des Valeurs Mobilières (BRVM) a connu une évolution positive à l’issue de la séance de cotation de ce mardi 10 juin 2025.     C’est ains...,BRVM : Evolution positive de la majorité des activités du marché ce mardi 10 juin 2025 .. La majorité des activités du marché de la Bourse Régionale des Valeurs Mobilières (BRVM) a connu une évolution positive à l’issue de la séance de cotation de ce mardi 10 juin 2025.     C’est ains...,titre+description,Positive,0,0,1,0.707
https://www.gouv.bj/article/3114/bepc-2025-benin-epreuves-ecrites-lancees-128.898-candidats/,BEPC 2025 au Bénin : Les épreuves écrites lancées pour 128 . 898 candidats | Gouvernement de la République du Bénin,20250610T193000Z,French,gouv.bj,Benin,2025-06-10,2025-06,Jun 2025,,BEPC 2025 au Bénin : Les épreuves écrites lancées pour 128 . 898 candidats | Gouvernement de la République du Bénin,titre seul,Neutral,0,1,0,0.7479
https://www.telesurtv.net/deportaciones-trump-negocio-empresas-privadas/,Deportaciones de Trump : Un negocio millonario impulsado por empresas privadas,20250610T180000Z,Spanish,telesurtv.net,United States,2025-06-10,2025-06,Jun 2025,teleSUR,Deportaciones de Trump : Un negocio millonario impulsado por empresas privadas. teleSUR,titre+description,Positive,0,0,1,0.5018
https://www.boursorama.com/actualite-economique/actualites/partouche-hausse-de-la-frequentation-dans-les-casinos-au-deuxieme-trimestre-e49dde879fd46290139bf35e2c98f8ca,Partouche : hausse de la fréquentation dans les casinos au deuxième trimestre - 10 / 06 / 2025 à 19 : 09,20250610T174500Z,French,boursorama.com,France,2025-06-10,2025-06,Jun 2025,"Le groupe de casinos Partouche enregistre un chiffre d'affaires en progression de 5% au deuxième trimestre de son exercice décalé 2024-2025, avec une fréquentation de ses établissements en hausse en F... - 10/06/2025 à 19:09 - Boursorama","Partouche : hausse de la fréquentation dans les casinos au deuxième trimestre - 10 / 06 / 2025 à 19 : 09. Le groupe de casinos Partouche enregistre un chiffre d'affaires en progression de 5% au deuxième trimestre de son exercice décalé 2024-2025, avec une fréquentation de ses établissements en hausse en F... - 10/06/2025 à 19:09 - Boursorama",titre+description,Positive,0,0,1,0.4977
https://hallmarknews.com/apc-chieftain-jesutega-onokpasa-dies-at-49/,APC Chieftain Jesutega Onokpasa Dies at 49,20250610T174500Z,English,hallmarknews.com,Nigeria,2025-06-10,2025-06,Jun 2025,Nigeria,APC Chieftain Jesutega Onokpasa Dies at 49. Nigeria,titre+description,Neutral,0,1,0,0.4877
https://northafricapost.com/87783-moroccos-atlas-lions-show-african-cup-readiness-after-confident-warm-ups.html,Morocco Atlas Lions show African Cup readiness after confident warm ups – The North Africa Post,20250610T164500Z,English,northafricapost.com,Morocco,2025-06-10,2025-06,Jun 2025,,Morocco Atlas Lions show African Cup readiness after confident warm ups – The North Africa Post,titre seul,Positive,0,0,1,0.7589
https://www.yahoo.com/news/quarter-world-population-adolescents-major-135748993.html,A quarter of the world population are adolescents : major report sets out health and wellbeing trends,20250610T164500Z,English,yahoo.com,United States,2025-06-10,2025-06,Jun 2025,"Without concerted actions, we risk failing our young people in the second critical period in their development after childhood.","A quarter of the world population are adolescents : major report sets out health and wellbeing trends. Without concerted actions, we risk failing our young people in the second critical period in their development after childhood.",titre+description,Negative,1,0,0,0.6877
https://malaya.com.ph/business/world-business/development-banks-to-invest-3-4b-in-ocean-plastics-fight/,Development banks to invest $3 . 4B in ocean plastics fight - Malaya Business Insight,20250610T164500Z,English,malaya.com.ph,Philippines,2025-06-10,2025-06,Jun 2025,,Development banks to invest $3 . 4B in ocean plastics fight - Malaya Business Insight,titre seul,Neutral,0,1,0,0.6389
https://thebftonline.com/2025/06/10/tapping-new-fund/,Tapping new fund,20250610T164500Z,English,thebftonline.com,Ghana,2025-06-10,2025-06,Jun 2025,"By  Abdul-Jalil IBRAHIM(Dr) jalil.ibrahim@upsamail.edu.gh Ghana’s economy has recently experienced a positive upturn, marked by a notable 16 percent appreciation of the cedi against the US dollar since January 2025. This encouraging development presents an opportunity to consolidate and sustain macroeconomic stability. To build on these gains, it is essential to adopt innovative and strategic approaches […]","Tapping new fund. By  Abdul-Jalil IBRAHIM(Dr) jalil.ibrahim@upsamail.edu.gh Ghana’s economy has recently experienced a positive upturn, marked by a notable 16 percent appreciation of the cedi against the US dollar since January 2025. This encouraging development presents an opportunity to consolidate and sustain macroeconomic stability. To build on these gains, it is essential to adopt innovative and strategic approaches […]",titre+description,Positive,0,0,1,0.6465
https://dailypost.ng/2025/06/10/edo-community-protests-alleged-takeover-of-ancestral-land-by-tenants/,Edo community protests alleged takeover of ancestral land by  tenants  ,20250610T164500Z,English,dailypost.ng,Nigeria,2025-06-10,2025-06,Jun 2025,"Members of the Amagba Adolor community in Oredo Local Government Area Edo, have staged a peaceful protest at the Edo Government House and the Oba of","Edo community protests alleged takeover of ancestral land by  tenants. Members of the Amagba Adolor community in Oredo Local Government Area Edo, have staged a peaceful protest at the Edo Government House and the Oba of",titre+description,Negative,1,0,0,0.5965
https://theeagleonline.com.ng/okpebholo-inaugurates-2-5mva-sub-station-for-edo-communities-pledges-more-development-projects/,"Okpebholo inaugurates 2 . 5MVA sub - station for Edo communities , pledges more development projects",20250610T154500Z,English,theeagleonline.com.ng,Nigeria,2025-06-10,2025-06,Jun 2025,"The governor, accompanied by top officials, was at the injection station to inspect the project, which is already completed and ready for use.","Okpebholo inaugurates 2 . 5MVA sub - station for Edo communities , pledges more development projects. The governor, accompanied by top officials, was at the injection station to inspect the project, which is already completed and ready for use.",titre+description,Positive,0,0,1,0.4864
https://hea.china.com/articles/20250610/202506101684235.html,一瓶酱油  撬  动一座城 ： 海天品牌与佛山文旅的共创共生样本 _ 中华网,20250610T153000Z,Chinese,hea.china.com,China,2025-06-10,2025-06,Jun 2025,å½ä¼ ç»é¾è¹èµçé¼ç¹æä¸ç¾å¹´èå­å·çåçåºå ï¼ä¸åºå³äºåå¸ä¸ä¼ä¸çååå¥èµ´æ­£å¨å¹¿ä¸ä½å±±ä¸æ¼ã5æ31æ¥ï¼ä¸ä¼ç©ç®ç2025ä¸­å½ï¼ä½å±±ï¼å æ»é¾è¹æ¼ç§»å¤§èµæ­£å¼æå¼å¸·å¹ã25ç±³é¿çé¾è¹å¨å¹³åå®½åº¦åªæ6ç±³çç­çªæ²³éä¸ç«éï¼ç­è¡æ²¸è¾äºæ´ä¸ªä½å±±ãä½ä¸ºèµäºæ»å åï¼ä½å±±æ¬åé¾å¤´ä¼ä¸æµ·å¤©ä»¥ç«¯åâé¡¶æµâé¾è¹ä¸ºçªç ´å£ï¼ä»¥å¨æ°âæåå±åâä¸ºè·¯å¾ï¼å°åçè¥éä¸å°æ¹æææ·±åº¦èåï¼å·æ°äºä¼ä¸è¥éçä¼ ç»èå¼ï¼æ´å¼åäºäº§åèååå±ç,一瓶酱油  撬  动一座城 ： 海天品牌与佛山文旅的共创共生样本 _ 中华网. å½ä¼ ç»é¾è¹èµçé¼ç¹æä¸ç¾å¹´èå­å·çåçåºå ï¼ä¸åºå³äºåå¸ä¸ä¼ä¸çååå¥èµ´æ­£å¨å¹¿ä¸ä½å±±ä¸æ¼ã5æ31æ¥ï¼ä¸ä¼ç©ç®ç2025ä¸­å½ï¼ä½å±±ï¼å æ»é¾è¹æ¼ç§»å¤§èµæ­£å¼æå¼å¸·å¹ã25ç±³é¿çé¾è¹å¨å¹³åå®½åº¦åªæ6ç±³çç­çªæ²³éä¸ç«éï¼ç­è¡æ²¸è¾äºæ´ä¸ªä½å±±ãä½ä¸ºèµäºæ»å åï¼ä½å±±æ¬åé¾å¤´ä¼ä¸æµ·å¤©ä»¥ç«¯åâé¡¶æµâé¾è¹ä¸ºçªç ´å£ï¼ä»¥å¨æ°âæåå±åâä¸ºè·¯å¾ï¼å°åç,titre+description,Neutral,0,1,0,0.4936
https://www.nationalaccordnewspaper.com/edo-court-declares-village-headship-vacant-over-alleged-sacrilege-corruption/,"Edo court declares village headship vacant over alleged sacrilege , corruption",20250610T150000Z,English,nationalaccordnewspaper.com,Nigeria,2025-06-10,2025-06,Jun 2025,"Benin Customary Court in Okada, Edo State, has declared the position of Odionwere (head of village) of Ikpako village vacant due to allegations of sacrilege","Edo court declares village headship vacant over alleged sacrilege , corruption. Benin Customary Court in Okada, Edo State, has declared the position of Odionwere (head of village) of Ikpako village vacant due to allegations of sacrilege",titre+description,Negative,1,0,0,0.8765
https://www.africom.mil/article/35854/africom-national-guard-leaders-engage-in-strategic-dialogue,United States Africa Command,20250610T150000Z,English,africom.mil,Djibouti,2025-06-10,2025-06,Jun 2025,"U.S. Army Major General Garrick Harmon, Director of Strategy, Plans and Programs, U.S. Africa Command and U.S. Army Major General William Edwards Director of Strategic Plans and Policy, and International Affairs, National Guard Bureau joined leaders from the National Guard units of 13 U.S. states and the District of Columbia for a conference to discuss the State Partnership Program on the African continent during the African Chiefs of Defense Conference, on May 27, 2025.","United States Africa Command. U.S. Army Major General Garrick Harmon, Director of Strategy, Plans and Programs, U.S. Africa Command and U.S. Army Major General William Edwards Director of Strategic Plans and Policy, and International Affairs, National Guard Bureau joined leaders from the National Guard units of 13 U.S. states and the District of Columbia for a conference to discuss the State Partnership Program on the African continent during the African Chiefs of Defense Conference, on May 27, 2025.",titre+description,Neutral,0,1,0,0.818
https://www.cameroun24.net/actualite-cameroun-OpenAI___une_ascension_fulgurante_vers_les_sommets-1-1-69153.html,cameroun :: Technologie OpenAI : une ascension fulgurante vers les sommets de la tech mondiale :: ,20250610T144500Z,French,cameroun24.net,Cameroon,2025-06-10,2025-06,Jun 2025,"La soci?t? américaine OpenAI vient de franchir une ?tape historique : en moins de trois ans après le lancement de son désormais c?l?bre ChatGPT, son chiffre...","cameroun :: Technologie OpenAI : une ascension fulgurante vers les sommets de la tech mondiale ::. La soci?t? américaine OpenAI vient de franchir une ?tape historique : en moins de trois ans après le lancement de son désormais c?l?bre ChatGPT, son chiffre...",titre+description,Positive,0,0,1,0.8537
https://guardian.ng/news/nigeria/metro/court-declares-village-headship-vacant-in-edo/,Court declares village headship vacant in Edo,20250610T144500Z,English,guardian.ng,Nigeria,2025-06-10,2025-06,Jun 2025,"The Benin Customary Court in Okada, Edo, has declared the position of Odionwere (head of village) of Ikpako village in Ovia North East Local Government Area vacant. The court’s ruling followed a suit instituted by the elders of Ikpako on","Court declares village headship vacant in Edo. The Benin Customary Court in Okada, Edo, has declared the position of Odionwere (head of village) of Ikpako village in Ovia North East Local Government Area vacant. The court’s ruling followed a suit instituted by the elders of Ikpako on",titre+description,Negative,1,0,0,0.6374
https://www.cameroun24.net/actualite-cameroun-Sequestration_de_Maurice_Kamto_a_Douala___Le_FDC_d-1-1-69159.html,cameroun :: Cameroun - Politique Séquestration de Maurice Kamto à Douala : Le FDC dénonce une dérive inquiétante des libertés démocratiques :: ,20250610T144500Z,French,cameroun24.net,Cameroon,2025-06-10,2025-06,Jun 2025,"Dans une d?claration rendue publique ce lundi dont cameroun24 a re?u copie, Denis Emilien Atangana, Président National du Front des D?mocrates Camerounais...","cameroun :: Cameroun - Politique Séquestration de Maurice Kamto à Douala : Le FDC dénonce une dérive inquiétante des libertés démocratiques ::. Dans une d?claration rendue publique ce lundi dont cameroun24 a re?u copie, Denis Emilien Atangana, Président National du Front des D?mocrates Camerounais...",titre+description,Negative,1,0,0,0.8953
https://afropages.fr/afrique-sur7/benin-labus-des-visas-touristiques-americains-denonce-par-lambassade,Bénin :  labus des visas touristiques américains dénoncé par lambassade [ afrique - sur7 ] ,20250610T144500Z,French,afropages.fr,France,2025-06-10,2025-06,Jun 2025,,Bénin :  labus des visas touristiques américains dénoncé par lambassade [ afrique - sur7 ],titre seul,Negative,1,0,0,0.8987
https://www.cameroun24.net/actualite-cameroun-Nouvelle_bataille_commerciale___Washington_et_Peki-1-1-69149.html,cameroun :: Economie Nouvelle bataille commerciale : Washington et Pékin poursuivent les pourparlers à Londres :: ,20250610T144500Z,French,cameroun24.net,Cameroon,2025-06-10,2025-06,Jun 2025,"L'escalade commerciale entre les deux plus grandes puissances économiques mondiales est entr?e dans une nouvelle phase ce mardi ? Londres, a appris cameroun24.","cameroun :: Economie Nouvelle bataille commerciale : Washington et Pékin poursuivent les pourparlers à Londres ::. L'escalade commerciale entre les deux plus grandes puissances économiques mondiales est entr?e dans une nouvelle phase ce mardi ? Londres, a appris cameroun24.",titre+description,Positive,0,0,1,0.4336
https://en.africanmanager.com/abpd-2025-poised-to-redefine-tunisia-africa-economic-ties/,  ABPD 2025  poised to redefine Tunisia - Africa economic ties,20250610T131500Z,English,en.africanmanager.com,Tunisia,2025-06-10,2025-06,Jun 2025,The 1st edition of the Africa Business Partnership Days (ABPD 2025) already billed as a “major event for developing partnerships between Tunisia and,ABPD 2025  poised to redefine Tunisia - Africa economic ties. The 1st edition of the Africa Business Partnership Days (ABPD 2025) already billed as a “major event for developing partnerships between Tunisia and,titre+description,Positive,0,0,1,0.7089
https://lanouvelletribune.info/2025/06/construction-des-lycees-techniques-au-benin-leandre-houngbedji-parle-de-ce-qui-retarde/,Construction des lycées techniques au Bénin  : Léandre Houngbédji parle de ce qui retarde,20250610T131500Z,French,lanouvelletribune.info,Benin,2025-06-10,2025-06,Jun 2025,"Le projet de réhabilitation et de construction des lycées techniques au Bénin suit son cours malgré les lenteurs observées sur le terrain. Invité sur Daabaaru TV, ce week-end, le Secrétaire général adjoint et porte-parole du gouvernement, Wilfried Léandre Houngbédji, a tenu à clarifier la situation,","Construction des lycées techniques au Bénin  : Léandre Houngbédji parle de ce qui retarde. Le projet de réhabilitation et de construction des lycées techniques au Bénin suit son cours malgré les lenteurs observées sur le terrain. Invité sur Daabaaru TV, ce week-end, le Secrétaire général adjoint et porte-parole du gouvernement, Wilfried Léandre Houngbédji, a tenu à clarifier la situation,",titre+description,Negative,1,0,0,0.4381
https://iafrica.com/e10m-eu-grant-fuels-ai-powered-tb-diagnosis-rollout-in-africa/,€10M EU Grant Fuels AI - Powered TB Diagnosis Rollout in Africa,20250610T124500Z,English,iafrica.com,South Africa,2025-06-10,2025-06,Jun 2025,EPFL and Lausanne University Hospital (CHUV) have joined a €10-million Africa-EU initiative to scale an AI-powered tool that improves tuberculosis (TB),€10M EU Grant Fuels AI - Powered TB Diagnosis Rollout in Africa. EPFL and Lausanne University Hospital (CHUV) have joined a €10-million Africa-EU initiative to scale an AI-powered tool that improves tuberculosis (TB),titre+description,Positive,0,0,1,0.5655
https://lequotidien.sn/baisse-des-tracasseries-routieres-le-senegal-dans-le-bon-corridor/,Baisse des tracasseries routières : Le Sénégal dans le bon corridor - Lequotidien,20250610T124500Z,French,lequotidien.sn,Senegal,2025-06-10,2025-06,Jun 2025,,Baisse des tracasseries routières : Le Sénégal dans le bon corridor - Lequotidien,titre seul,Negative,1,0,0,0.8263
https://allafrica.com/stories/202506100204.html,"Nigeria : Stop the Blame Game , General Tchiani",20250610T113000Z,English,allafrica.com,Nigeria,2025-06-10,2025-06,Jun 2025,"Once again, the head of the military junta in Niger Republic, General Abdelrahamane Tchiani, has accused Nigeria of being used by France and the United States to destabilise his country and topple his government.","Nigeria : Stop the Blame Game , General Tchiani. Once again, the head of the military junta in Niger Republic, General Abdelrahamane Tchiani, has accused Nigeria of being used by France and the United States to destabilise his country and topple his government.",titre+description,Negative,1,0,0,0.8811
https://www.lesahel.org/niamey-capitale-de-la-diplomatie-climatique-sahelienne-dans-le-cadre-de-lagenda-de-la-ccrs-validation-de-deux-projets-multi-pays-et-creation-dune-plateforme-regionale-pour-le-fond/,"Niamey , capitale de la diplomatie climatique sahélienne dans le cadre de lagenda de la CCRS : validation de deux projets multi - pays et création dune plateforme régionale pour le Fonds Vert Climat ( FVC ). – Le Sahel",20250610T113000Z,French,lesahel.org,Niger,2025-06-10,2025-06,Jun 2025,,"Niamey , capitale de la diplomatie climatique sahélienne dans le cadre de lagenda de la CCRS : validation de deux projets multi - pays et création dune plateforme régionale pour le Fonds Vert Climat ( FVC ). – Le Sahel",titre seul,Positive,0,0,1,0.7054
https://www.mediafax.ro/externe/bancile-de-dezvoltare-vor-investi-3-miliarde-de-euro-in-lupta-cu-plasticul-din-oceane-23564822,Băncile de dezvoltare vor investi 3 miliarde de euro în lupta cu plasticul din oceane,20250610T111500Z,Romanian,mediafax.ro,Romania,2025-06-10,2025-06,Jun 2025,"Mai multe bănci de dezvoltare au anunțat investiții de peste 3 miliarde de euro în lupta împotriva poluării oceanelor cu plastic, până în anul 2030. Inițiativa, susținută de instituții precum Banca Europeană pentru Reconstrucție și Dezvoltare și Banca Europeană de Investiții, va finanța atât curățarea apelor, cât și dezvoltarea unor soluții pentru reducerea plasticului produs, în colaborare cu țări din Asia și America Latină, surse majore de deșeuri pentru oceane.","Băncile de dezvoltare vor investi 3 miliarde de euro în lupta cu plasticul din oceane. Mai multe bănci de dezvoltare au anunțat investiții de peste 3 miliarde de euro în lupta împotriva poluării oceanelor cu plastic, până în anul 2030. Inițiativa, susținută de instituții precum Banca Europeană pentru Reconstrucție și Dezvoltare și Banca Europeană de Investiții, va finanța atât curățarea apelor, cât și dezvoltarea unor soluții pentru reducerea plasticului produs, în colaborare cu țări din Asia și America Lat",titre+description,Positive,0,0,1,0.5482
https://www.pourquoidocteur.fr/Articles/Question-d-actu/51758-Trois-situations-saignements-nez-inquieter,Trois situations où les saignements de nez doivent inquiéter,20250610T111500Z,French,pourquoidocteur.fr,France,2025-06-10,2025-06,Jun 2025,"Un médecin ORL explique que la plupart des saignements de nez sont bénins, toutefois certaines situations doivent alerter.","Trois situations où les saignements de nez doivent inquiéter. Un médecin ORL explique que la plupart des saignements de nez sont bénins, toutefois certaines situations doivent alerter.",titre+description,Negative,1,0,0,0.894
https://lanouvelletribune.info/2025/06/benin-lex-depute-octave-houdegbe-nest-pas-mort/,Bénin : lex - député Octave Houdégbé nest pas mort – La Nouvelle Tribune,20250610T111500Z,French,lanouvelletribune.info,Benin,2025-06-10,2025-06,Jun 2025,"Fausse alerte ! Le professeur Octave Cossi Houdégbé n'est pas mort le lundi 9 juin 2025. Contrairement à ce que nous avons rapporté plus tôt en relayant une information de nos confrères de Le Matinal, le professeur Octave Cossi Houdégbé n’est pas décédé.







Un erratum publié ce mardi par le médi","Bénin : lex - député Octave Houdégbé nest pas mort – La Nouvelle Tribune. Fausse alerte ! Le professeur Octave Cossi Houdégbé n'est pas mort le lundi 9 juin 2025. Contrairement à ce que nous avons rapporté plus tôt en relayant une information de nos confrères de Le Matinal, le professeur Octave Cossi Houdégbé n’est pas décédé.







Un erratum publié ce mardi par le médi",titre+description,Negative,1,0,0,0.8151
https://lanouvelletribune.info/2025/06/bepc-2025-la-ministre-tognifode-donne-le-top-depuis-cotonou/,BEPC 2025 : la ministre Tognifodé donne le top depuis Cotonou,20250610T111500Z,French,lanouvelletribune.info,Benin,2025-06-10,2025-06,Jun 2025,"Le coup d’envoi des épreuves écrites du Brevet d’études du premier cycle (BEPC) a été donné ce mardi 10 juin 2025, au Collège d’enseignement général (CEG) Gbégamey à Cotonou. Présente pour marquer ce lancement officiel, la ministre des Enseignements secondaire, technique et de la formation professio","BEPC 2025 : la ministre Tognifodé donne le top depuis Cotonou. Le coup d’envoi des épreuves écrites du Brevet d’études du premier cycle (BEPC) a été donné ce mardi 10 juin 2025, au Collège d’enseignement général (CEG) Gbégamey à Cotonou. Présente pour marquer ce lancement officiel, la ministre des Enseignements secondaire, technique et de la formation professio",titre+description,Positive,0,0,1,0.7657
https://news.tuoitre.vn/development-banks-to-invest-3-billion-euros-in-ocean-plastics-fight-103250610120906044.htm,Development banks to invest 3 billion euros in ocean plastics fight,20250610T101500Z,English,news.tuoitre.vn,,2025-06-10,2025-06,Jun 2025,"LONDON - A group of development banks plans to invest at least 3 billion euros ($3.4 billion) by the end of the decade in tackling plastic pollution in the sea, expanding the scope and financial firepower of what remains the world's biggest effort to fix the growing problem.","Development banks to invest 3 billion euros in ocean plastics fight. LONDON - A group of development banks plans to invest at least 3 billion euros ($3.4 billion) by the end of the decade in tackling plastic pollution in the sea, expanding the scope and financial firepower of what remains the world's biggest effort to fix the growing problem.",titre+description,Positive,0,0,1,0.4336
https://fr.allafrica.com/stories/202506100149.html,Afrique de lOuest : Sahel - De plus en plus dattaques,20250610T091500Z,French,fr.allafrica.com,Nigeria,2025-06-10,2025-06,Jun 2025,"Analyse - Au mois de mai 2025, plus de quatre cents soldats ont été tués dans des attaques similaires visant le Burkina Faso, le Mali et le Niger, membres de l'Alliance des États sahéliens (AES).","Afrique de lOuest : Sahel - De plus en plus dattaques. Analyse - Au mois de mai 2025, plus de quatre cents soldats ont été tués dans des attaques similaires visant le Burkina Faso, le Mali et le Niger, membres de l'Alliance des États sahéliens (AES).",titre+description,Negative,1,0,0,0.889
https://fr.allafrica.com/stories/202506100105.html,Afrique : Sommet de lONU sur locean - La voix du continent va - t - elle porter ? ,20250610T091500Z,French,fr.allafrica.com,Nigeria,2025-06-10,2025-06,Jun 2025,"Le 9 juin 2025, et ce pour cinq jours, s'est ouvert à Nice en France, le sommet de l'Organisation des nations unies sur l'océan (UNOC). Plus de cent quatre-vingts délégations dont une soixantaine de chefs d'Etat et de gouvernement, prennent part à cette conférence qui en est à sa troisième édition, après celles de New-York aux Etats-Unis en 2017 et de Lisbonne au Portugal en 2022.","Afrique : Sommet de lONU sur locean - La voix du continent va - t - elle porter ?. Le 9 juin 2025, et ce pour cinq jours, s'est ouvert à Nice en France, le sommet de l'Organisation des nations unies sur l'océan (UNOC). Plus de cent quatre-vingts délégations dont une soixantaine de chefs d'Etat et de gouvernement, prennent part à cette conférence qui en est à sa troisième édition, après celles de New-York aux Etats-Unis en 2017 et de Lisbonne au Portugal en 2022.",titre+description,Neutral,0,1,0,0.4834
https://www.dw.com/sq/sanksionet-e-shba-i-japin-nj%C3%AB-goditje-t%C3%AB-re-gjnps%C3%AB-%C3%A7far%C3%AB-mund-t%C3%AB-b%C3%ABj%C3%AB-be/a-72835866,Sanksionet e SHBA i japin një goditje të re GJNP - së – DW – 10 / 06 / 2025,20250610T091500Z,Albanian,dw.com,Germany,2025-06-10,2025-06,Jun 2025,"Pse SHBA-të rivendosin sanksione mbi Gjykatën Ndërkombëtare Penale (GJNP)? Pas veprimit të fundit hakmarrës të Donald Trump, Uashingtoni po përballet me kritika në rritje në mbarë botën.","Sanksionet e SHBA i japin një goditje të re GJNP - së – DW – 10 / 06 / 2025. Pse SHBA-të rivendosin sanksione mbi Gjykatën Ndërkombëtare Penale (GJNP)? Pas veprimit të fundit hakmarrës të Donald Trump, Uashingtoni po përballet me kritika në rritje në mbarë botën.",titre+description,Negative,1,0,0,0.6271
https://lanouvelletribune.info/2025/06/benin-deces-de-lex-depute-octave-houdegbe-a-lhopital-de-zone-de-ouidah/,Bénin : lex - député Octave Houdégbé nest pas mort – La Nouvelle Tribune,20250610T091500Z,French,lanouvelletribune.info,Benin,2025-06-10,2025-06,Jun 2025,"Fausse alerte ! Le professeur Octave Cossi Houdégbé n'est pas mort le lundi 9 juin 2025. Contrairement à ce que nous avons rapporté plus tôt en relayant une information de nos confrères de Le Matinal, le professeur Octave Cossi Houdégbé n’est pas décédé.







Un erratum publié ce mardi par le médi","Bénin : lex - député Octave Houdégbé nest pas mort – La Nouvelle Tribune. Fausse alerte ! Le professeur Octave Cossi Houdégbé n'est pas mort le lundi 9 juin 2025. Contrairement à ce que nous avons rapporté plus tôt en relayant une information de nos confrères de Le Matinal, le professeur Octave Cossi Houdégbé n’est pas décédé.







Un erratum publié ce mardi par le médi",titre+description,Negative,1,0,0,0.8151
https://afropages.fr/rfi/refugies-vers-une-baisse-drastique-des-activites-dun-bureau-sous-regional-du-hcr-base-en-cote-divoire,Réfugiés : vers une baisse drastique des activités dun bureau sous - régional du HCR basé en Côte dIvoire [ RFI ] ,20250610T090000Z,French,afropages.fr,France,2025-06-10,2025-06,Jun 2025,,Réfugiés : vers une baisse drastique des activités dun bureau sous - régional du HCR basé en Côte dIvoire [ RFI ],titre seul,Negative,1,0,0,0.7183
https://www.cbc.ca/news/canada/montreal/canada-immigration-scams-university-acceptance-quebec-1.7556432,"She came to Canada for university , but shed never been accepted . The scam cost her $7K",20250610T090000Z,English,cbc.ca,Canada,2025-06-10,2025-06,Jun 2025,"Aminata says she was scammed by the agent she trusted to submit her university applications in Quebec. Nearly two years after the ordeal, she discovered she wasn’t the only one who lost thousands of dollars.","She came to Canada for university , but shed never been accepted . The scam cost her $7K. Aminata says she was scammed by the agent she trusted to submit her university applications in Quebec. Nearly two years after the ordeal, she discovered she wasn’t the only one who lost thousands of dollars.",titre+description,Negative,1,0,0,0.8512
https://news.gooya.com/2025/06/post-98727.php,انفجار جمعیت مسلمانان جهان با سرعتی چشمگیر و بیش از دیگر ادیان,20250610T090000Z,Persian,news.gooya.com,Iran,2025-06-10,2025-06,Jun 2025,,انفجار جمعیت مسلمانان جهان با سرعتی چشمگیر و بیش از دیگر ادیان,titre seul,Neutral,0,1,0,0.3757
https://punchng.com/nse-lauds-fgs-infrastructure-push/,Infrastructure Development : FG Lauded for Lagos - Calabar High,20250610T064500Z,English,punchng.com,Nigeria,2025-06-10,2025-06,Jun 2025,,Infrastructure Development : FG Lauded for Lagos - Calabar High,titre seul,Neutral,0,1,0,0.8399
https://www.japantimes.co.jp/environment/2025/06/10/sustainability/development-banks-ocean-plastics/,Development banks to invest €3 billion in ocean plastics fight,20250610T063000Z,English,japantimes.co.jp,Japan,2025-06-10,2025-06,Jun 2025,"Plastic waste entering the water could triple to up to 37 million metric tons per year by 2040, from around 11 million tons in 2021, the U.N. estimates.","Development banks to invest €3 billion in ocean plastics fight. Plastic waste entering the water could triple to up to 37 million metric tons per year by 2040, from around 11 million tons in 2021, the U.N. estimates.",titre+description,Neutral,0,1,0,0.552
https://www.alkhabarkw.com/world/133443.html,الركراكي يعلّق على إمكانية فوز حكيمي بالكرة الذهبية,20250610T054500Z,Arabic,alkhabarkw.com,Kuwait,2025-06-10,2025-06,Jun 2025,محتوى احترافي يضع القارئ في قلب الحدث دائمًا.,الركراكي يعلّق على إمكانية فوز حكيمي بالكرة الذهبية. محتوى احترافي يضع القارئ في قلب الحدث دائمًا.,titre+description,Positive,0,0,1,0.9443
https://www.progresso.com.br/mundo/em-relatorio-anual-aiea-ressalta-preocupacao-com-programa-nuclear-do/442835/,"Em relatório anual , Aiea ressalta preocupao com programa nuclear do Ir",20250610T041500Z,Portuguese,progresso.com.br,Brazil,2025-06-10,2025-06,Jun 2025,,"Em relatório anual , Aiea ressalta preocupao com programa nuclear do Ir",titre seul,Neutral,0,1,0,0.6377
https://thesun.ng/okpebholo-builds-sub-injection-station-to-light-up-6-communities-in-edo-central-2/,Okpebholo builds sub - injection station to light,20250610T033000Z,English,thesun.ng,,2025-06-10,2025-06,Jun 2025,"From Tony Osauzo, Benin Edo State Governor, Monday Okpebholo, yesterday, expressed joy in fulfilment of his campaign promise of providing a 2.5MVA injection sub-station to Udomi community in Esan Central Local Government Area. The governor, accompanied by top officials, was at the injection station to inspect the project, which is already completed and ready for […]","Okpebholo builds sub - injection station to light. From Tony Osauzo, Benin Edo State Governor, Monday Okpebholo, yesterday, expressed joy in fulfilment of his campaign promise of providing a 2.5MVA injection sub-station to Udomi community in Esan Central Local Government Area. The governor, accompanied by top officials, was at the injection station to inspect the project, which is already completed and ready for […]",titre+description,Positive,0,0,1,0.5139
https://www.earth.com/news/matching-dinosaur-tracks-found-opposite-sides-atlantic-ocean-solves-gondwana-mystery/,Matching dinosaur footprints found on opposite sides of the Atlantic,20250610T031500Z,English,earth.com,United States,2025-06-10,2025-06,Jun 2025,"In a discovery that spans millennia and continents, scientists found over 260 matching dinosaur tracks separated by the Atlantic Ocean.","Matching dinosaur footprints found on opposite sides of the Atlantic. In a discovery that spans millennia and continents, scientists found over 260 matching dinosaur tracks separated by the Atlantic Ocean.",titre+description,Neutral,0,1,0,0.6331
https://ar.yabiladi.com/articles/details/168551/%D8%A7%D9%84%D9%85%D8%BA%D8%B1%D8%A8-%D9%8A%D9%81%D9%88%D8%B2-%D8%B9%D9%84%D9%89-%D8%A7%D9%84%D8%A8%D9%86%D9%8A%D9%86-%D8%A8%D9%85%D9%82%D8%B5%D9%8A%D8%A9.html,المغرب يفوز على البنين بمقصية جميلة من الكعبي,20250610T030000Z,Arabic,ar.yabiladi.com,Morocco,2025-06-10,2025-06,Jun 2025,المغرب يفوز على البنين بمقصية جميلة من الكعبي .  تغلب المنتخب الوطني المغربي على نظيره البنيني، بهدف دون رد، في المباراة الودية التي جمعتهما مساء اليوم الاثنين، على أرضية المركب,المغرب يفوز على البنين بمقصية جميلة من الكعبي. المغرب يفوز على البنين بمقصية جميلة من الكعبي .  تغلب المنتخب الوطني المغربي على نظيره البنيني، بهدف دون رد، في المباراة الودية التي جمعتهما مساء اليوم الاثنين، على أرضية المركب,titre+description,Positive,0,0,1,0.833
http://www.kmzx.org/news/xinwen/8215.html,申遗很冲动 背后欠担当 _ 孔孟之乡,20250610T024500Z,Chinese,kmzx.org,,2025-06-10,2025-06,Jun 2025,,申遗很冲动 背后欠担当 _ 孔孟之乡,titre seul,Negative,1,0,0,0.701
https://lepays.bf/sommet-de-lonu-sur-locean-la-voix-de-lafrique-va-t-elle-porter/,SOMMET DE LONU SUR LOCEAN : La voix de lAfrique va - t - elle porter  ? ,20250610T003000Z,French,lepays.bf,Burkina Faso,2025-06-10,2025-06,Jun 2025,"Le 9 juin 2025, et ce pour cinq jours, s’est ouvert à Nice en France, le sommet de l’Organisation des nations unies sur l’océan (UNOC). Plus de cent","SOMMET DE LONU SUR LOCEAN : La voix de lAfrique va - t - elle porter  ?. Le 9 juin 2025, et ce pour cinq jours, s’est ouvert à Nice en France, le sommet de l’Organisation des nations unies sur l’océan (UNOC). Plus de cent",titre+description,Neutral,0,1,0,0.5558
https://www.gdnonline.com:443/Details/1355320,World News : Development banks to invest $3 . 4bn to tackle plastics pollution,20250610T000000Z,English,gdnonline.com,United States,2025-06-10,2025-06,Jun 2025,,World News : Development banks to invest $3 . 4bn to tackle plastics pollution,titre seul,Neutral,0,1,0,0.569
https://www.moroccoworldnews.com/2025/06/210473/morocco-edges-benin-1-0-in-friendly-game/,Morocco Edges Benin 1 - 0 in Friendly Game,20250610T000000Z,English,moroccoworldnews.com,Morocco,2025-06-10,2025-06,Jun 2025,"Rabat - Morocco played Benin this evening at the Fez Grand Stadium in a highly anticipated friendly game. The match drew a full house in Fez, with large Morocco played Benin this evening at the Fez Grand Stadium in a highly anticipated friendly game.","Morocco Edges Benin 1 - 0 in Friendly Game. Rabat - Morocco played Benin this evening at the Fez Grand Stadium in a highly anticipated friendly game. The match drew a full house in Fez, with large Morocco played Benin this evening at the Fez Grand Stadium in a highly anticipated friendly game.",titre+description,Positive,0,0,1,0.6757
https://www.telanon.info/economia/2025/06/09/48877/quarta-exposicao-economica-e-comercial-china-africa-uma-edicao-de-grande-envergadura-centrada-na-modernizacao/,Quarta exposio económica e comercial China - África : Uma edio de grande envergadura centrada na modernizao,20250609T233000Z,Portuguese,telanon.info,Sao Tome and Principe,2025-06-09,2025-06,Jun 2025,"(Nota do editor: Este artigo representa o ponto de vista do autor Karim Badolo e não necessariamente o da CGTN.) A 4a Exposição Econômica e Comercial China-África será realizada de 12 a 15 de junho de 2025 em Changsha, capital da província de Hunan. «China e África: juntos rumo à modernização» é o tema da […]","Quarta exposio económica e comercial China - África : Uma edio de grande envergadura centrada na modernizao. (Nota do editor: Este artigo representa o ponto de vista do autor Karim Badolo e não necessariamente o da CGTN.) A 4a Exposição Econômica e Comercial China-África será realizada de 12 a 15 de junho de 2025 em Changsha, capital da província de Hunan. «China e África: juntos rumo à modernização» é o tema da […]",titre+description,Neutral,0,1,0,0.7593
http://www.24haubenin.info/?Sommet-Climate-Chance-2025-le-Benin-acteur-sur-l-environnement,Sommet Climate Chance 2025 : le Bénin acteur sur lenvironnement,20251001T231500Z,French,24haubenin.info,Benin,2025-10-01,2025-10,Oct 2025,,Sommet Climate Chance 2025 : le Bénin acteur sur lenvironnement,titre seul,Neutral,0,1,0,0.4866
https://www.bangkokpost.com/world/3114165/french-navy-boards-russia-shadow-fleet-ship-afp,Bangkok Post - French navy boards Russia  shadow fleet  ship : AFP,20251001T231500Z,English,bangkokpost.com,Thailand,2025-10-01,2025-10,Oct 2025,"BREST (FRANCE) - The French navy was Wednesday on board a tanker from Russia's ""shadow fleet"" stationed off France, AFP journalists at the scene said, after data showed it was off the Danish coast last month during mysterious drone flights.","Bangkok Post - French navy boards Russia  shadow fleet  ship : AFP. BREST (FRANCE) - The French navy was Wednesday on board a tanker from Russia's ""shadow fleet"" stationed off France, AFP journalists at the scene said, after data showed it was off the Danish coast last month during mysterious drone flights.",titre+description,Neutral,0,1,0,0.4909
https://nos.nl/artikel/2584835-frankrijk-arresteert-bemanning-van-vrachtschip-uit-russische-schaduwvloot,Frankrijk arresteert bemanning van vrachtschip uit  Russische schaduwvloot  ,20251001T230000Z,Dutch,nos.nl,Netherlands,2025-10-01,2025-10,Oct 2025,Het onder de vlag van Benin varende schip wordt verdacht van betrokkenheid bij drone-incidenten bij Denemarken.,Frankrijk arresteert bemanning van vrachtschip uit  Russische schaduwvloot. Het onder de vlag van Benin varende schip wordt verdacht van betrokkenheid bij drone-incidenten bij Denemarken.,titre+description,Negative,1,0,0,0.7711
https://www.rtl.nl/nieuws/buitenland/artikel/5531265/frankrijk-arresteert-opvarenden-tanker-na-drone-incidenten-bij,Frankrijk arresteert opvarenden tanker na drone - incidenten bij Denemarken,20251001T230000Z,Dutch,rtl.nl,Netherlands,2025-10-01,2025-10,Oct 2025,De Franse autoriteiten hebben twee bemanningsleden aangehouden van een tanker die tot de Russische schaduwvloot wordt gerekend. Dat meldde de Franse justitie nadat eerder al was bericht dat zich Franse militairen bevonden op de Boracay. Dat schip zou in de buurt van Denemarken zijn geweest toen daar incidenten in het luchtruim waren met drones.,Frankrijk arresteert opvarenden tanker na drone - incidenten bij Denemarken. De Franse autoriteiten hebben twee bemanningsleden aangehouden van een tanker die tot de Russische schaduwvloot wordt gerekend. Dat meldde de Franse justitie nadat eerder al was bericht dat zich Franse militairen bevonden op de Boracay. Dat schip zou in de buurt van Denemarken zijn geweest toen daar incidenten in het luchtruim waren met drones.,titre+description,Negative,1,0,0,0.5341
https://www.news18.com/agency-feeds/macron-says-tanker-off-france-is-linked-to-russias-shadow-oil-fleet-9609309.html,Macron says tanker off France is linked to Russia shadow oil fleet,20251001T224500Z,English,news18.com,India,2025-10-01,2025-10,Oct 2025,,Macron says tanker off France is linked to Russia shadow oil fleet,titre seul,Negative,1,0,0,0.6692
https://parsi.euronews.com/2025/10/01/russian-shadow-fleet-off-coast-of-france-was-it-a-launch-pad-for-drones-to-denmark, « نفتکش ناوگان سایه روسیه » در سواحل فرانسه ؛ آیا سکوی پرتاب پهپادها به دانمارک بود ؟ ,20251001T224500Z,Persian,parsi.euronews.com,United States,2025-10-01,2025-10,Oct 2025,,« نفتکش ناوگان سایه روسیه » در سواحل فرانسه ؛ آیا سکوی پرتاب پهپادها به دانمارک بود ؟,titre seul,Neutral,0,1,0,0.5783
https://www.huffingtonpost.gr/diethnes/gallikes-enoples-dynameis-epivivastikan-se-dexamenoploio-pou-syndeetai-me-ton-rosiko-skiodi-stolo-sta-anoichta-tis-vretanis-vinteo/,Γαλλικές ένοπλες δυνάμεις επιβιβάστηκαν σε δεξαμενόπλοιο που συνδέεται με τον ρωσικό « σκιώδη στόλο » στα ανοιχτά της Βρετάνης ( βίντεο ) ,20251001T223000Z,Greek,huffingtonpost.gr,Greece,2025-10-01,2025-10,Oct 2025,"Tο απόγευμα, πλάνα από αέρος που τράβηξε το Γαλλικό Πρακτορείο στα ανοιχτά του Σεν Ναζέρ δείχνουν στρατιώτες με καλυμμένα τα πρόσωπα στη γέφυρά του.","Γαλλικές ένοπλες δυνάμεις επιβιβάστηκαν σε δεξαμενόπλοιο που συνδέεται με τον ρωσικό « σκιώδη στόλο » στα ανοιχτά της Βρετάνης ( βίντεο ). Tο απόγευμα, πλάνα από αέρος που τράβηξε το Γαλλικό Πρακτορείο στα ανοιχτά του Σεν Ναζέρ δείχνουν στρατιώτες με καλυμμένα τα πρόσωπα στη γέφυρά του.",titre+description,Neutral,0,1,0,0.4977
https://www.marica.bg/svqt/franciq-arestuva-dvama-ot-ruski-tanker-zaradi-dronovete-nad-daniq,Франция арестува двама от руски танкер заради дроновете над ... ,20251001T223000Z,Bulgarian,marica.bg,Bulgaria,2025-10-01,2025-10,Oct 2025,,Франция арестува двама от руски танкер заради дроновете над ...,titre seul,Negative,1,0,0,0.6014
https://www.pravda.com.ua/rus/news/2025/10/02/8000837/,Французские военные зашли на борт танкера  теневого флота  РФ у своего берега,20251001T223000Z,Russian,pravda.com.ua,Ukraine,2025-10-01,2025-10,Oct 2025,"Французские военные поднялись на борт танкера Boracay, связанного с Россией, который стал на якорь у западного побережья Франции, и против которого французские власти ведут расследование.","Французские военные зашли на борт танкера  теневого флота  РФ у своего берега. Французские военные поднялись на борт танкера Boracay, связанного с Россией, который стал на якорь у западного побережья Франции, и против которого французские власти ведут расследование.",titre+description,Neutral,0,1,0,0.5057
https://www.albayan.ae/news/world/france/611830,فرنسا تحجز ناقلة من  أسطول الشبح  الروسي,20251001T223000Z,Arabic,albayan.ae,United Arab Emirates,2025-10-01,2025-10,Oct 2025,"في مدينة بريست الفرنسية، أوقِف اثنان من أفراد طاقم ناقلة نفط تابعة لما يُعرف بـ ""الأسطول الشبح الروسي""، بعد أسبوع من اعت","فرنسا تحجز ناقلة من  أسطول الشبح  الروسي. في مدينة بريست الفرنسية، أوقِف اثنان من أفراد طاقم ناقلة نفط تابعة لما يُعرف بـ ""الأسطول الشبح الروسي""، بعد أسبوع من اعت",titre+description,Positive,0,0,1,0.5551
"http://www.morningsun.net/stories/macron-says-a-tanker-off-france-is-linked-to-russias-shadow-oil-fleet,254124",Macron says a tanker off France is linked to Russia shadow oil fleet,20251001T223000Z,English,morningsun.net,United States,2025-10-01,2025-10,Oct 2025,The Morning Sun,Macron says a tanker off France is linked to Russia shadow oil fleet. The Morning Sun,titre+description,Negative,1,0,0,0.5611
https://www.gva.be/buitenland/frankrijk-arresteert-twee-crewleden-van-schip-van-russische-schaduwvloot-en-opent-onderzoek-naar-link-met-drones-boven-denemarken/94475828.html,Frankrijk arresteert twee crewleden van schip van Russische schaduwvloot en opent onderzoek naar link met drones boven Denemarken,20251001T220000Z,Dutch,gva.be,Belgium,2025-10-01,2025-10,Oct 2025,,Frankrijk arresteert twee crewleden van schip van Russische schaduwvloot en opent onderzoek naar link met drones boven Denemarken,titre seul,Negative,1,0,0,0.5189
https://www.timeslive.co.za/ideas/2025-10-01-editorial-its-an-outrage-bafana-were-docked-points-if-no-heads-roll-even-more-so/,"EDITORIAL | It an outrage Bafana were docked points ― if no heads roll , even more so",20251001T220000Z,English,timeslive.co.za,South Africa,2025-10-01,2025-10,Oct 2025,Safa’s incompetence threatens to derail national team’s World Cup qualification and revival,"EDITORIAL | It an outrage Bafana were docked points ― if no heads roll , even more so. Safa’s incompetence threatens to derail national team’s World Cup qualification and revival",titre+description,Negative,1,0,0,0.9298
https://wpolityce.pl/swiat/742040-francuzi-weszli-na-poklad-statku-z-rosyjskiej-floty-cieni,Francuzi weszli na pokład statku z rosyjskiej floty cieni,20251001T211500Z,Polish,wpolityce.pl,Poland,2025-10-01,2025-10,Oct 2025,"We Francji wszczęto śledztwo dotyczące jednostki znajdującej się na Atlantyku, w rejonie miasta Saint-Nazaire.","Francuzi weszli na pokład statku z rosyjskiej floty cieni. We Francji wszczęto śledztwo dotyczące jednostki znajdującej się na Atlantyku, w rejonie miasta Saint-Nazaire.",titre+description,Neutral,0,1,0,0.6702
https://larochesuryon.maville.com/actu/actudet_-deux-membres-du-petrolier-russe-immobilise-au-large-de-saint-nazaire-places-en-garde-a-vue-_fil-7000829_actu.Htm,Deux membres du pétrolier russe immobilisé au large de Saint - Nazaire placés en garde à vue,20251001T211500Z,French,larochesuryon.maville.com,France,2025-10-01,2025-10,Oct 2025,Info La Roche sur Yon Deux membres du pétrolier russe immobilisé au large de Saint-Nazaire... La Roche sur Yon,Deux membres du pétrolier russe immobilisé au large de Saint - Nazaire placés en garde à vue. Info La Roche sur Yon Deux membres du pétrolier russe immobilisé au large de Saint-Nazaire... La Roche sur Yon,titre+description,Negative,1,0,0,0.4686
https://gna.org.gh/2025/10/president-mahama-commissions-second-batch-of-envoys/,President Mahama commissions second batch of envoys,20251001T211500Z,English,gna.org.gh,,2025-10-01,2025-10,Oct 2025,"By Iddi Yire, GNA    Accra, Oct. 01, GNA – President John Dramani Mahama on Wednesday commissioned the second batch of 11 new ambassadors and high commissioners at the…","President Mahama commissions second batch of envoys. By Iddi Yire, GNA    Accra, Oct. 01, GNA – President John Dramani Mahama on Wednesday commissioned the second batch of 11 new ambassadors and high commissioners at the…",titre+description,Neutral,0,1,0,0.6717
https://www.se.pl/wiadomosci/swiat/francuscy-zolnierze-przejeli-rosyjski-tankowiec-z-floty-cieni-u-wybrzezy-saint-nazaire-aa-k2mq-17XM-Wrbk.html,Francuscy żołnierze przejęli rosyjski tankowiec z „ floty cieni  u wybrzeży Saint - Nazaire - Super Express,20251001T210000Z,Polish,se.pl,Poland,2025-10-01,2025-10,Oct 2025,"Francuscy żołnierze weszli na pokład tankowca powiązanego z rosyjską tzw. flotą cieni, który zatrzymano u wybrzeży Saint-Nazaire. Jednostka, wielokrotnie zmieni...","Francuscy żołnierze przejęli rosyjski tankowiec z „ floty cieni  u wybrzeży Saint - Nazaire - Super Express. Francuscy żołnierze weszli na pokład tankowca powiązanego z rosyjską tzw. flotą cieni, który zatrzymano u wybrzeży Saint-Nazaire. Jednostka, wielokrotnie zmieni...",titre+description,Neutral,0,1,0,0.7214
https://www.africaguinee.com/guinee-avant-lelection-etait-synonyme-de-chaos-selon-facinet-sylla/,"Guinée : L  élection était synonyme de  chaos  , selon Facinet Sylla – Africa Guinee",20251001T210000Z,French,africaguinee.com,Guinea,2025-10-01,2025-10,Oct 2025,,"Guinée : L  élection était synonyme de  chaos  , selon Facinet Sylla – Africa Guinee",titre seul,Negative,1,0,0,0.893
https://timesofmalta.com/article/french-troops-board-russialinked-tanker.1117116,French troops board Russia - linked tanker,20251001T203000Z,English,timesofmalta.com,Malta,2025-10-01,2025-10,Oct 2025,The tanker was off the coast of Denmark during drone flyovers,French troops board Russia - linked tanker. The tanker was off the coast of Denmark during drone flyovers,titre+description,Neutral,0,1,0,0.6891
https://www.legit.ng/people/1676652-man-shares-how-robbed-times-by-thieves-university-benin/,Man Shares How He Was Robbed Four Times By Thieves When He Was at University of Benin,20251001T203000Z,English,legit.ng,,2025-10-01,2025-10,Oct 2025,A Nigerian man shared how he was repeatedly robbed by armed robbers when he was student at the University of Benin. He said it was a terrible experience.,Man Shares How He Was Robbed Four Times By Thieves When He Was at University of Benin. A Nigerian man shared how he was repeatedly robbed by armed robbers when he was student at the University of Benin. He said it was a terrible experience.,titre+description,Negative,1,0,0,0.9177
https://www.corrienteshoy.com/internacionales/la-ue-busca-afrontar-la-guerra-hibrida-y-las-incursiones-de-putin.htm,La UE busca afrontar la « guerra híbrida » y las incursiones de Putin,20251001T203000Z,Spanish,corrienteshoy.com,Argentina,2025-10-01,2025-10,Oct 2025,6128f32695e2a32789f96100754fa7fd,La UE busca afrontar la « guerra híbrida » y las incursiones de Putin. 6128f32695e2a32789f96100754fa7fd,titre+description,Negative,1,0,0,0.4899
https://www.ecofinagency.com/news/0110-49200-togo-benin-endorse-joint-instruments-for-shared-river-basin-management,"Togo , Benin Endorse Joint Instruments for Shared River Basin Management",20251001T203000Z,English,ecofinagency.com,Nigeria,2025-10-01,2025-10,Oct 2025,"Togo and Benin launch joint strategy for Mono River Basin management
Meeting validated monitoring framework, coordination plan, and gender","Togo , Benin Endorse Joint Instruments for Shared River Basin Management. Togo and Benin launch joint strategy for Mono River Basin management
Meeting validated monitoring framework, coordination plan, and gender",titre+description,Positive,0,0,1,0.4932
"https://www.dziennikwschodni.pl/kraj-swiat/francuscy-zolnierze-weszli-na-poklad-tankowca-z-rosyjskiej-floty-cieni,n,1000367622.html",Francuscy żołnierze weszli na pokład tankowca z rosyjskiej floty cieni,20251001T201500Z,Polish,dziennikwschodni.pl,Poland,2025-10-01,2025-10,Oct 2025,"Agencja AFP poinformowała w środę, że na pokład tankowca u zachodnich wybrzeży Francji, wiązanego z rosyjską tzw. flotą cieni, weszli żołnierze francuscy. Wcześniej we Francji wszczęto śledztwo dotyczące tej jednostki. Nazwa statku pojawiła się w związku z niedawnymi incydentami związanymi z przelotami dronów nad Kopenhagą i Norwegią.","Francuscy żołnierze weszli na pokład tankowca z rosyjskiej floty cieni. Agencja AFP poinformowała w środę, że na pokład tankowca u zachodnich wybrzeży Francji, wiązanego z rosyjską tzw. flotą cieni, weszli żołnierze francuscy. Wcześniej we Francji wszczęto śledztwo dotyczące tej jednostki. Nazwa statku pojawiła się w związku z niedawnymi incydentami związanymi z przelotami dronów nad Kopenhagą i Norwegią.",titre+description,Neutral,0,1,0,0.6395
https://www.20minutes.fr/high-tech/sciences/4176019-20251001-viennent-reellement-sens-equilibre-vertiges,Doù viennent réellement le sens de l  équilibre et les vertiges  ? ,20251001T201500Z,French,20minutes.fr,France,2025-10-01,2025-10,Oct 2025,"Fréquents et complexes à diagnostiquer, ils nécessitent des recherches innovantes pour développer de nouvelles thérapies","Doù viennent réellement le sens de l  équilibre et les vertiges  ?. Fréquents et complexes à diagnostiquer, ils nécessitent des recherches innovantes pour développer de nouvelles thérapies",titre+description,Negative,1,0,0,0.4269
https://lanouvelletribune.info/2025/10/benin-spike-et-tonya-lewis-lee-se-confient-sur-leur-nomination/,Bénin  : Spike et Tonya Lewis Lee se confient sur leur nomination,20251001T201500Z,French,lanouvelletribune.info,Benin,2025-10-01,2025-10,Oct 2025,"Le Bénin poursuit sa politique d’ouverture à la diaspora africaine avec des figures de renom. Nommés le 23 juillet 2025 par le président Patrice Talon en qualité d’Ambassadeurs thématiques auprès de la diaspora afro-descendante des États-Unis, le réalisateur américain Spike Lee et son épouse, la pro","Bénin  : Spike et Tonya Lewis Lee se confient sur leur nomination. Le Bénin poursuit sa politique d’ouverture à la diaspora africaine avec des figures de renom. Nommés le 23 juillet 2025 par le président Patrice Talon en qualité d’Ambassadeurs thématiques auprès de la diaspora afro-descendante des États-Unis, le réalisateur américain Spike Lee et son épouse, la pro",titre+description,Positive,0,0,1,0.8038
https://www.lessentiel.lu/fr/story/ocean-atlantique-deux-arrestations-sur-le-petrolier-fantome-russe-103425759,Pétrolier fantôme russe : Deux membres d  équipage arrêtés au large de la France,20251001T201500Z,French,lessentiel.lu,Luxembourg,2025-10-01,2025-10,Oct 2025,"Deux membres d'équipage d'un pétrolier sous sanctions européennes ont été arrêtés, soupçonnés d'implication dans des survols de drones.","Pétrolier fantôme russe : Deux membres d  équipage arrêtés au large de la France. Deux membres d'équipage d'un pétrolier sous sanctions européennes ont été arrêtés, soupçonnés d'implication dans des survols de drones.",titre+description,Negative,1,0,0,0.936
https://www.hometownregister.com/news/national/french-navy-boards-russia-shadow-fleet-ship-arrests-two/article_938d277f-35d8-5682-b04c-d6754ace0472.html,"French navy boards Russia  shadow fleet  ship , arrests two",20251001T201500Z,English,hometownregister.com,,2025-10-01,2025-10,Oct 2025,,"French navy boards Russia  shadow fleet  ship , arrests two",titre seul,Negative,1,0,0,0.6558
https://www.diariodemallorca.es/internacional/2025/10/01/francia-investiga-petrolero-flota-fantasma-rusa-relacion-drones-dinamarca-122173499.html,Francia investiga un petrolero de la  flota fantasma  rusa por su supuesta relación con los drones de Dinamarca,20251001T193000Z,Spanish,diariodemallorca.es,Spain,2025-10-01,2025-10,Oct 2025,El buque cuenta con una larga lista de sanciones europeas por actividades ilegales,Francia investiga un petrolero de la  flota fantasma  rusa por su supuesta relación con los drones de Dinamarca. El buque cuenta con una larga lista de sanciones europeas por actividades ilegales,titre+description,Negative,1,0,0,0.8565
https://www.martinique.franceantilles.fr/actualite/economie/un-petrolier-de-la-flotte-fantome-russe-intercepte-au-large-des-cotes-francaises-1052336.php,"Un pétrolier de la flotte fantôme russe intercepté au large des côtes françaises , deux gardes à vue",20251001T193000Z,French,martinique.franceantilles.fr,France,2025-10-01,2025-10,Oct 2025,,"Un pétrolier de la flotte fantôme russe intercepté au large des côtes françaises , deux gardes à vue",titre seul,Negative,1,0,0,0.8693
https://fr.allafrica.com/stories/202510010564.html,Afrique de lOuest : 14e session de lAMCOW à Dakar - La Côte dIvoire saluée pour son exemplarité et consolide son leadership hydrique,20251001T191500Z,French,fr.allafrica.com,Nigeria,2025-10-01,2025-10,Oct 2025,"Du 27 au 29 septembre 2025, Dakar a accueilli la 14e session ordinaire de l'Assemblée générale du Conseil des ministres africains chargés de l'eau (AMCOW). Une rencontre de haut niveau qui a consacré la Côte d'Ivoire comme un acteur majeur et exemplaire dans la gouvernance de l'eau en Afrique.","Afrique de lOuest : 14e session de lAMCOW à Dakar - La Côte dIvoire saluée pour son exemplarité et consolide son leadership hydrique. Du 27 au 29 septembre 2025, Dakar a accueilli la 14e session ordinaire de l'Assemblée générale du Conseil des ministres africains chargés de l'eau (AMCOW). Une rencontre de haut niveau qui a consacré la Côte d'Ivoire comme un acteur majeur et exemplaire dans la gouvernance de l'eau en Afrique.",titre+description,Positive,0,0,1,0.8947
https://www.independent.co.uk/news/world/europe/france-russia-shadow-fleet-macron-b2837538.html,Oil tanker off French coast linked to Russia  shadow fleet  ,20251001T191500Z,English,independent.co.uk,United Kingdom,2025-10-01,2025-10,Oct 2025,French President Emmanuel Macron believes an oil tanker off the French coast has committed ‘very serious wrongdoings’,Oil tanker off French coast linked to Russia  shadow fleet. French President Emmanuel Macron believes an oil tanker off the French coast has committed ‘very serious wrongdoings’,titre+description,Negative,1,0,0,0.9241
https://glavred.info/world/s-nego-mogli-zapuskat-drony-po-evrope-francuzskiy-specnaz-zahvatil-tanker-rf-10703063.html,Дроны РФ над Европой - французский спецназ захватил танкер РФ,20251001T191500Z,Russian,glavred.info,Ukraine,2025-10-01,2025-10,Oct 2025,"Французские военные перехватили танкер из ""теневого флота"" России, который подозревают в нарушении санкций и причастности к полетам дронов над Данией.","Дроны РФ над Европой - французский спецназ захватил танкер РФ. Французские военные перехватили танкер из ""теневого флота"" России, который подозревают в нарушении санкций и причастности к полетам дронов над Данией.",titre+description,Negative,1,0,0,0.7366
https://fr.allafrica.com/stories/202510010511.html,Togo : 15 millions deuros pour moderniser le bassin du Mono,20251001T191500Z,French,fr.allafrica.com,Nigeria,2025-10-01,2025-10,Oct 2025,"L'Union européenne (UE) s'engage à investir 15 millions d'euros sur cinq ans afin de créer des conditions durables de gestion des ressources en eau dans le bassin du Mono, partagé entre le Togo et le Bénin.","Togo : 15 millions deuros pour moderniser le bassin du Mono. L'Union européenne (UE) s'engage à investir 15 millions d'euros sur cinq ans afin de créer des conditions durables de gestion des ressources en eau dans le bassin du Mono, partagé entre le Togo et le Bénin.",titre+description,Positive,0,0,1,0.8037
https://www.interfax.ru/world/1050376,Во Франции начали расследование против предполагаемого танкера  теневого флота России  ,20251001T191500Z,Russian,interfax.ru,Russia,2025-10-01,2025-10,Oct 2025,"Во Франции прокуратура Бреста начала расследование в отношении нефтяного танкера Boracay под флагом Бенина, который подозревают в перевозке российской нефти и","Во Франции начали расследование против предполагаемого танкера  теневого флота России. Во Франции прокуратура Бреста начала расследование в отношении нефтяного танкера Boracay под флагом Бенина, который подозревают в перевозке российской нефти и",titre+description,Negative,1,0,0,0.5038
https://www.sofokleousin.gr/epikairotita/diethni/dania-ploio-tou-skiodous-stolou-tis-rosias-eplee-sta-anoixta-kata,Δανία : Πλοίο του σκιώδους στόλου της Ρωσίας έπλεε στα ανοιχτά κατά την εισβολή των drones,20251001T184500Z,Greek,sofokleousin.gr,Greece,2025-10-01,2025-10,Oct 2025,"Νηοψία σε ένα δεξαμενόπλοιο που φέρεται ότι ανήκει στον «σκιώδη στόλο» της Ρωσίας πραγματοποίησαν σήμερα οι γαλλικές αρχές, στα ανοιχτά της Βρετάνης, μία εβδομάδα αφού το πλοίο αυτό πέρασε από τη Δ","Δανία : Πλοίο του σκιώδους στόλου της Ρωσίας έπλεε στα ανοιχτά κατά την εισβολή των drones. Νηοψία σε ένα δεξαμενόπλοιο που φέρεται ότι ανήκει στον «σκιώδη στόλο» της Ρωσίας πραγματοποίησαν σήμερα οι γαλλικές αρχές, στα ανοιχτά της Βρετάνης, μία εβδομάδα αφού το πλοίο αυτό πέρασε από τη Δ",titre+description,Neutral,0,1,0,0.4874
https://nypost.com/2025/10/01/world-news/macron-accuses-tanker-off-the-coast-of-france-of-being-in-russias-shadow-fleet-very-serious-wrongdoings/,Macron accuses tanker off the coast of France of being in Russia shadow fleet :  Very serious wrongdoings  ,20251001T183000Z,English,nypost.com,United States,2025-10-01,2025-10,Oct 2025,French President Emmanuel Macron said Wednesday that an oil tanker off the French coast had committed “very serious wrongdoings” and linked it to Russia’s shadow fleet.,Macron accuses tanker off the coast of France of being in Russia shadow fleet :  Very serious wrongdoings. French President Emmanuel Macron said Wednesday that an oil tanker off the French coast had committed “very serious wrongdoings” and linked it to Russia’s shadow fleet.,titre+description,Negative,1,0,0,0.9321
https://www.topontiki.gr/2025/10/01/resalto-tou-gallikou-stratou-se-plio-pou-sindeete-me-rosika-simferonta-gia-erevna/,Ρεσάλτο του γαλλικού στρατού σε πλοίο που συνδέεται με ρωσικά συμφέροντα για έρευνα,20251001T180000Z,Greek,topontiki.gr,Greece,2025-10-01,2025-10,Oct 2025,Γάλλοι στρατιωτικοί επιβιβάστηκαν σε ένα πετρελαιοφόρο που περιλαμβάνεται σε μια λίστα με τα σκάφη του «σκιώδους στόλου» της Ρωσίας,Ρεσάλτο του γαλλικού στρατού σε πλοίο που συνδέεται με ρωσικά συμφέροντα για έρευνα. Γάλλοι στρατιωτικοί επιβιβάστηκαν σε ένα πετρελαιοφόρο που περιλαμβάνεται σε μια λίστα με τα σκάφη του «σκιώδους στόλου» της Ρωσίας,titre+description,Neutral,0,1,0,0.4739
https://www.newstatesman.com/culture/books/book-of-the-day/2025/10/the-liberating-power-of-vodou,The liberating power of vodou,20251001T180000Z,English,newstatesman.com,United Kingdom,2025-10-01,2025-10,Oct 2025,,The liberating power of vodou,titre seul,Positive,0,0,1,0.6802
https://news.mail.ru/politics/68138537/,AFP : французские военные поднялись на задержанный у берегов страны танкер,20251001T180000Z,Russian,news.mail.ru,Russia,2025-10-01,2025-10,Oct 2025,Журналисты зафиксировали военнослужащих на борту судна во время съемки с вертолета.,AFP : французские военные поднялись на задержанный у берегов страны танкер. Журналисты зафиксировали военнослужащих на борту судна во время съемки с вертолета.,titre+description,Neutral,0,1,0,0.5904
https://www.stiripesurse.ro/soldati-francezi-au-urcat-la-bordul-unui-petrolier-din-flota-fantoma-rusa_3816668,"Soldați francezi au urcat la bordul unui petrolier din  flota fantomă  rusă , supectat de implicare în apariția unor drone în Danemarca",20251001T180000Z,Romanian,stiripesurse.ro,Romania,2025-10-01,2025-10,Oct 2025,"Soldaţi francezi au urcat la bordul unui petrolier din aşa-numită &#34;flotă fantomă&#34; rusă, care a fost imobilizat în largul coastelor franceze şi este suspectat de implicare în apariţia unor drone în Danemarca, transmite miercuri agenţia France ...","Soldați francezi au urcat la bordul unui petrolier din  flota fantomă  rusă , supectat de implicare în apariția unor drone în Danemarca. Soldaţi francezi au urcat la bordul unui petrolier din aşa-numită &#34;flotă fantomă&#34; rusă, care a fost imobilizat în largul coastelor franceze şi este suspectat de implicare în apariţia unor drone în Danemarca, transmite miercuri agenţia France ...",titre+description,Negative,1,0,0,0.6528
https://www.mehrnews.com/news/6608708/%D9%86%D9%81%D8%AA%DA%A9%D8%B4-%D8%B1%D9%88%D8%B3%DB%8C%D9%87-%D8%AF%D8%B1-%D8%B3%D9%88%D8%A7%D8%AD%D9%84-%D9%81%D8%B1%D8%A7%D9%86%D8%B3%D9%87-%D8%AA%D9%88%D9%82%DB%8C%D9%81-%D8%B4%D8%AF,نفتکش روسیه در سواحل فرانسه توقیف شد,20251001T180000Z,Persian,mehrnews.com,,2025-10-01,2025-10,Oct 2025,,نفتکش روسیه در سواحل فرانسه توقیف شد,titre seul,Negative,1,0,0,0.705
https://www.naftemporiki.gr/kosmos/2013897/dania-skiodes-tanker-tis-rosias-sta-anoikta-tis-danias-kata-ti-diarkeia-ton-yperptiseon-drones/,Δανία : « Σκιώδες » τάνκερ της Ρωσίας στα ανοικτά της χώρας κατά τη διάρκεια των υπερπτήσεων drones,20251001T174500Z,Greek,naftemporiki.gr,Greece,2025-10-01,2025-10,Oct 2025,"Ύποπτο για εμπλοκή σε αυτές τις εισβολές, το πλοίο, που τελεί υπό τις κυρώσεις της Ευρωπαϊκής Ένωσης, έχει ακινητοποιηθεί για ημέρες στα ανοικτά των γαλλικών","Δανία : « Σκιώδες » τάνκερ της Ρωσίας στα ανοικτά της χώρας κατά τη διάρκεια των υπερπτήσεων drones. Ύποπτο για εμπλοκή σε αυτές τις εισβολές, το πλοίο, που τελεί υπό τις κυρώσεις της Ευρωπαϊκής Ένωσης, έχει ακινητοποιηθεί για ημέρες στα ανοικτά των γαλλικών",titre+description,Neutral,0,1,0,0.5029
https://dailypost.ng/2025/10/01/2026-wcq-fifa-appoints-egyptian-referee-for-super-eagles-vs-benin-republic/,2026 WCQ : FIFA appoints Egyptian referee for Super Eagles vs Benin Republic,20251001T174500Z,English,dailypost.ng,Nigeria,2025-10-01,2025-10,Oct 2025,"FIFA has appointed Egypt's Amin Mohamed Omar as centre referee for the 2026 FIFA World Cup qualifier between Nigeria and Benin Republic, DAILY POST","2026 WCQ : FIFA appoints Egyptian referee for Super Eagles vs Benin Republic. FIFA has appointed Egypt's Amin Mohamed Omar as centre referee for the 2026 FIFA World Cup qualifier between Nigeria and Benin Republic, DAILY POST",titre+description,Neutral,0,1,0,0.6602
https://www.midilibre.fr/2025/10/01/bateau-russe-pres-des-cotes-francaises-flotte-fantome-russe-marine-francais-a-bord-ce-que-lon-sait-de-larrestation-du-petrolier-boracay-12965478.php,"Bateau russe près des côtes françaises : flotte fantôme russe , militaires français à bord … ce que lon sait de larrestation du pétrolier Boracay",20251001T174500Z,French,midilibre.fr,France,2025-10-01,2025-10,Oct 2025,Un pétrolier de la,"Bateau russe près des côtes françaises : flotte fantôme russe , militaires français à bord … ce que lon sait de larrestation du pétrolier Boracay. Un pétrolier de la",titre+description,Negative,1,0,0,0.589
https://www.euractiv.com/news/france-boards-suspected-russian-drone-tanker/,France boards suspected Russian drone tanker,20251001T174500Z,English,euractiv.com,United Kingdom,2025-10-01,2025-10,Oct 2025,,France boards suspected Russian drone tanker,titre seul,Negative,1,0,0,0.6272
https://www.nigerianeye.com/2025/10/peter-obi-storm-lagos-trade-fair-for.html,"Peter Obi Storm Lagos Trade Fair for Solidarity Talks After Demolition Protests - Latest News In Nigeria , Nigeria News Today , Your Online Nigerian Newspaper",20251001T174500Z,English,nigerianeye.com,Nigeria,2025-10-01,2025-10,Oct 2025,Responsive Blogger Template,"Peter Obi Storm Lagos Trade Fair for Solidarity Talks After Demolition Protests - Latest News In Nigeria , Nigeria News Today , Your Online Nigerian Newspaper. Responsive Blogger Template",titre+description,Neutral,0,1,0,0.8215
https://www.thenationalnews.com/news/europe/2025/10/01/macron-cautious-over-oil-tanker-suspected-of-being-russian-shadow-fleet/,Macron  cautiou over oil tanker suspected of being Russian  shadow fleet  ,20251001T174500Z,English,thenationalnews.com,,2025-10-01,2025-10,Oct 2025,Suggestions oil tanker may have been used to launch drone flights over Danish airports,Macron  cautiou over oil tanker suspected of being Russian  shadow fleet. Suggestions oil tanker may have been used to launch drone flights over Danish airports,titre+description,Negative,1,0,0,0.6942
https://www.rtl.fr/actu/international/document-m6-petrolier-russe-au-large-de-saint-nazaire-les-images-de-l-arraisonnement-du-navire-7900547682,DOCUMENT M6 - Pétrolier russe au large de Saint - Nazaire : les images de larraisonnement du navire,20251001T174500Z,French,rtl.fr,France,2025-10-01,2025-10,Oct 2025,"Un pétrolier russe a été arraisonné par l'armée française au large de Saint-Nazaire, en Loire-Atlantique. Il est suspecté d'avoir servi de plateforme de lancement des drones qui ont récemment survolé le Danemark.","DOCUMENT M6 - Pétrolier russe au large de Saint - Nazaire : les images de larraisonnement du navire. Un pétrolier russe a été arraisonné par l'armée française au large de Saint-Nazaire, en Loire-Atlantique. Il est suspecté d'avoir servi de plateforme de lancement des drones qui ont récemment survolé le Danemark.",titre+description,Negative,1,0,0,0.9148
https://www.linternaute.com/actualite/depeches/8931691-un-petrolier-de-la-flotte-fantome-russe-intercepte-au-large-des-cotes-francaises/,Un pétrolier de la flotte fantôme russe intercepté au large des côtes françaises,20251001T173000Z,French,linternaute.com,France,2025-10-01,2025-10,Oct 2025,"Deux membres d'équipage d'un pétrolier de la flotte fantôme russe arraisonné au large de la Bretagne, ont été placés en garde à vue, a annoncé mercredi le parquet de Brest, une semaine après que ce navire a navigué près du Danemark quand le pays a connu des vols suspects de drones au-dessus d'aéroports.","Un pétrolier de la flotte fantôme russe intercepté au large des côtes françaises. Deux membres d'équipage d'un pétrolier de la flotte fantôme russe arraisonné au large de la Bretagne, ont été placés en garde à vue, a annoncé mercredi le parquet de Brest, une semaine après que ce navire a navigué près du Danemark quand le pays a connu des vols suspects de drones au-dessus d'aéroports.",titre+description,Negative,1,0,0,0.8053
https://www.20minutes.fr/monde/ukraine/4176528-20251001-petrolier-fantome-large-saint-nazaire-militaires-francais-intercepte-navire-suspect,Pétrolier fantôme au large de Saint - Nazaire  : Des militaires français ont intercepté le navire suspect,20251001T171500Z,French,20minutes.fr,France,2025-10-01,2025-10,Oct 2025,Des soldats français ont arraisonné ce mercredi un pétrolier fantôme russe au large de Saint-Nazaire. Deux membres d'équipage ont été placés en garde à vue,Pétrolier fantôme au large de Saint - Nazaire  : Des militaires français ont intercepté le navire suspect. Des soldats français ont arraisonné ce mercredi un pétrolier fantôme russe au large de Saint-Nazaire. Deux membres d'équipage ont été placés en garde à vue,titre+description,Negative,1,0,0,0.8981
https://www.dailymail.co.uk/news/article-15153243/French-troops-board-Russian-shadow-fleet-tanker-suspected-involved-Danish-drone-incursions.html,French troops board  Russian shadow fleet  tanker,20251001T171500Z,English,dailymail.co.uk,United Kingdom,2025-10-01,2025-10,Oct 2025,French military personnel were Wednesday on the deck of a tanker alleged to be from Russia's 'shadow fleet' stationed off France and suspected of involvement in drone flights over Denmark.,French troops board  Russian shadow fleet  tanker. French military personnel were Wednesday on the deck of a tanker alleged to be from Russia's 'shadow fleet' stationed off France and suspected of involvement in drone flights over Denmark.,titre+description,Negative,1,0,0,0.7467
https://phys.org/news/2025-10-palm-trees-africa-decline-botanists.html,Palm trees in Africa are in decline : These botanists made a plan to do something about it,20251001T170000Z,English,phys.org,United States,2025-10-01,2025-10,Oct 2025,,Palm trees in Africa are in decline : These botanists made a plan to do something about it,titre seul,Negative,1,0,0,0.5592
https://www.straitstimes.com/world/europe/macron-says-nothing-ruled-out-if-russian-plane-violates-europes-airspace,Macron says  nothing ruled out  if Russian plane violates Europe airspace,20251001T170000Z,English,straitstimes.com,Singapore,2025-10-01,2025-10,Oct 2025,The French president indicated he did not rule out downing a Russian fighter jet. Read more at straitstimes.com.,Macron says  nothing ruled out  if Russian plane violates Europe airspace. The French president indicated he did not rule out downing a Russian fighter jet. Read more at straitstimes.com.,titre+description,Negative,1,0,0,0.7045
https://www.abc.es/internacional/francia-aborda-petrolero-ruso-sospechoso-lanzar-drones-20251001183515-nt.html,Francia aborda frente a sus costas a un petrolero ruso sospechoso de lanzar drones a Dinamarca,20251001T170000Z,Spanish,abc.es,Spain,2025-10-01,2025-10,Oct 2025,"El buque, conocido como Boracay y con bandera de Benín, pertenece a la «flota fantasma» rusa incluido en la lista negra de la UE","Francia aborda frente a sus costas a un petrolero ruso sospechoso de lanzar drones a Dinamarca. El buque, conocido como Boracay y con bandera de Benín, pertenece a la «flota fantasma» rusa incluido en la lista negra de la UE",titre+description,Negative,1,0,0,0.7176
https://www.naftemporiki.gr/kosmos/2013905/gallikes-enoples-dynameis-epivivastikan-se-dexamenoploio-poy-syndeetai-me-ti-rosia-sta-anoichta-tis-gallias/,Γαλλικές ένοπλες δυνάμεις επιβιβάστηκαν σε δεξαμενόπλοιο που συνδέεται με τη Ρωσία στα ανοιχτά της Γαλλίας,20251001T170000Z,Greek,naftemporiki.gr,Greece,2025-10-01,2025-10,Oct 2025,"Μια πηγή μιλώντας υπό τον όρο της ανωνυμίας, στο Γαλλικό Πρακτορείο Ειδήσεων είπε ότι μέλη του γαλλικού ναυτικού έχουν επιβιβαστεί στο Boracay, ένα πλοίο με","Γαλλικές ένοπλες δυνάμεις επιβιβάστηκαν σε δεξαμενόπλοιο που συνδέεται με τη Ρωσία στα ανοιχτά της Γαλλίας. Μια πηγή μιλώντας υπό τον όρο της ανωνυμίας, στο Γαλλικό Πρακτορείο Ειδήσεων είπε ότι μέλη του γαλλικού ναυτικού έχουν επιβιβαστεί στο Boracay, ένα πλοίο με",titre+description,Neutral,0,1,0,0.496
https://www.elperiodicomediterraneo.com/internacional/2025/10/01/muro-antidrones-ue-claves-enjambre-tecnologico-combatir-amenaza-rusia-122164906.html,El  muro antidrones  de la UE : 4 claves del ambicioso enjambre tecnológico para combatir la amenaza de Rusia,20251001T170000Z,Spanish,elperiodicomediterraneo.com,Spain,2025-10-01,2025-10,Oct 2025,"El proyecto se perfila como un símbolo de unidad estratégica entre Europa y Ucrania frente a las amenazas de Rusia, pero genera ciertas dudas entre los expertos, que ven grandes limitaciones","El  muro antidrones  de la UE : 4 claves del ambicioso enjambre tecnológico para combatir la amenaza de Rusia. El proyecto se perfila como un símbolo de unidad estratégica entre Europa y Ucrania frente a las amenazas de Rusia, pero genera ciertas dudas entre los expertos, que ven grandes limitaciones",titre+description,Negative,1,0,0,0.6639
https://www.bfmtv.com/international/des-militaires-francais-sont-montes-a-bord-du-petrolier-fantome-russe-immobilise-au-large-de-saint-nazaire_AD-202510010794.html,Des militaires français sont montés à bord du pétrolier fantôme russe immobilisé au large de Saint - Nazaire,20251001T170000Z,French,bfmtv.com,France,2025-10-01,2025-10,Oct 2025,"Des commandos marine français sont montés à bord du pétrolier de la flotte fantôme russe. Le bateau, battant pavillon béninois, est arraisonné depuis quelques jours au large de Saint-Nazaire. Deux personnes, le commandant du bateau et son second, ont été placés en garde à vue.","Des militaires français sont montés à bord du pétrolier fantôme russe immobilisé au large de Saint - Nazaire. Des commandos marine français sont montés à bord du pétrolier de la flotte fantôme russe. Le bateau, battant pavillon béninois, est arraisonné depuis quelques jours au large de Saint-Nazaire. Deux personnes, le commandant du bateau et son second, ont été placés en garde à vue.",titre+description,Negative,1,0,0,0.8897
https://www.inewsgr.com/27/dania-thriler-me-tanker-tou-rosikou-skiodous-stolou--eplee-sta-anoikta-ti-nychta-pou-eformisan-ta-drones.htm,Δανία : Θρίλερ με τάνκερ του ρωσικού σκιώδους στόλου – Επλεε στα ανοικτά τη νύχτα που εφόρμησαν τα drones,20251001T170000Z,Greek,inewsgr.com,Greece,2025-10-01,2025-10,Oct 2025,Δανία: Θρίλερ με τάνκερ του ρωσικού σκιώδους στόλου – Επλεε στα ανοικτά τη νύχτα που εφόρμησαν τα drones - dania: thriler me tanker tou rosikou skiodous stolou – eplee sta anoikta ti nychta pou eformisan ta drones,Δανία : Θρίλερ με τάνκερ του ρωσικού σκιώδους στόλου – Επλεε στα ανοικτά τη νύχτα που εφόρμησαν τα drones. Δανία: Θρίλερ με τάνκερ του ρωσικού σκιώδους στόλου – Επλεε στα ανοικτά τη νύχτα που εφόρμησαν τα drones - dania: thriler me tanker tou rosikou skiodous stolou – eplee sta anoikta ti nychta pou eformisan ta drones,titre+description,Neutral,0,1,0,0.5285
https://www.diariocordoba.com/internacional/2025/10/01/muro-antidrones-ue-claves-enjambre-tecnologico-combatir-amenaza-rusia-122164908.html,El  muro antidrones  de la UE : 4 claves del ambicioso enjambre tecnológico para combatir la amenaza de Rusia,20251001T170000Z,Spanish,diariocordoba.com,Spain,2025-10-01,2025-10,Oct 2025,"El proyecto se perfila como un símbolo de unidad estratégica entre Europa y Ucrania frente a las amenazas de Rusia, pero genera ciertas dudas entre los expertos, que ven grandes limitaciones","El  muro antidrones  de la UE : 4 claves del ambicioso enjambre tecnológico para combatir la amenaza de Rusia. El proyecto se perfila como un símbolo de unidad estratégica entre Europa y Ucrania frente a las amenazas de Rusia, pero genera ciertas dudas entre los expertos, que ven grandes limitaciones",titre+description,Negative,1,0,0,0.6639
https://www.capital.gr/diethni/3948068/dexamenoploio-tou-rosikou-skiodous-stolou-eplee-sta-anoikta-tis-danias-kata-tis-uperptiseis-ton-drones/,Δεξαμενόπλοιο του ρωσικού σκιώδους στόλου έπλεε στα ανοικτά της Δανίας κατά ... ,20251001T170000Z,Greek,capital.gr,Greece,2025-10-01,2025-10,Oct 2025,Φέρεται να έπλεε στα ανοικτά της Δανίας κατά τις υπερπτήσεις των drones,Δεξαμενόπλοιο του ρωσικού σκιώδους στόλου έπλεε στα ανοικτά της Δανίας κατά .... Φέρεται να έπλεε στα ανοικτά της Δανίας κατά τις υπερπτήσεις των drones,titre+description,Neutral,0,1,0,0.4761
https://www.naftemporiki.gr/society/2013897/dania-skiodes-tanker-tis-rosias-sta-anoikta-tis-danias-kata-ti-diarkeia-ton-yperptiseon-drones/,Δανία : « Σκιώδες » τάνκερ της Ρωσίας στα ανοικτά της χώρας κατά τη διάρκεια των υπερπτήσεων drones,20251001T170000Z,Greek,naftemporiki.gr,Greece,2025-10-01,2025-10,Oct 2025,"Ύποπτο για εμπλοκή σε αυτές τις εισβολές, το πλοίο, που τελεί υπό τις κυρώσεις της Ευρωπαϊκής Ένωσης, έχει ακινητοποιηθεί για ημέρες στα ανοικτά των γαλλικών","Δανία : « Σκιώδες » τάνκερ της Ρωσίας στα ανοικτά της χώρας κατά τη διάρκεια των υπερπτήσεων drones. Ύποπτο για εμπλοκή σε αυτές τις εισβολές, το πλοίο, που τελεί υπό τις κυρώσεις της Ευρωπαϊκής Ένωσης, έχει ακινητοποιηθεί για ημέρες στα ανοικτά των γαλλικών",titre+description,Neutral,0,1,0,0.5029
https://www.rtp.pt/noticias/mundo/franca-investiga-navio-da-frota-fantasma-russa-imobilizado-ao-largo-da-costa-francesa_n1687638,França investiga navio da frota fantasma russa imobilizado ao largo da costa francesa,20251001T170000Z,Portuguese,rtp.pt,Portugal,2025-10-01,2025-10,Oct 2025,"O presidente francês anunciou esta quarta-feira a abertura de uma investigação judicial em França contra um petroleiro da frota fantasma russa, imobilizado ao largo da costa francesa e suspeito de estar envolvido num sobrevoo de drones na Dinamarca. Militares do exército francês abordaram o petroleiro durante a tarde e detiveram duas pessoas.","França investiga navio da frota fantasma russa imobilizado ao largo da costa francesa. O presidente francês anunciou esta quarta-feira a abertura de uma investigação judicial em França contra um petroleiro da frota fantasma russa, imobilizado ao largo da costa francesa e suspeito de estar envolvido num sobrevoo de drones na Dinamarca. Militares do exército francês abordaram o petroleiro durante a tarde e detiveram duas pessoas.",titre+description,Negative,1,0,0,0.7971
https://www.protothema.gr/world/article/1704254/dexamenoploio-tou-skiodous-stolou-tis-rosias-eplee-sta-anoikta-tis-danias-kata-ti-diarkeia-ton-uperptiseon-drones/,Δεξαμενόπλοιο του σκιώδους στόλου της Ρωσίας έπλεε στα ανοικτά της Δανίας κατά τη διάρκεια των υπερπτήσεων drones,20251001T170000Z,Greek,protothema.gr,Greece,2025-10-01,2025-10,Oct 2025,"Ο ιστότοποςThe Maritime Executive θεωρεί πως  το πλοίο μπορεί να χρησίμευσε ως ""πλατφόρμα εκτόξευσης"" ή ""τέχνασμα"" κατά τη διάρκεια των εισβολών drones στα ανοικτά της Δανίας","Δεξαμενόπλοιο του σκιώδους στόλου της Ρωσίας έπλεε στα ανοικτά της Δανίας κατά τη διάρκεια των υπερπτήσεων drones. Ο ιστότοποςThe Maritime Executive θεωρεί πως  το πλοίο μπορεί να χρησίμευσε ως ""πλατφόρμα εκτόξευσης"" ή ""τέχνασμα"" κατά τη διάρκεια των εισβολών drones στα ανοικτά της Δανίας",titre+description,Neutral,0,1,0,0.5913
https://www.newsbomb.gr/kosmos/story/1683616/dania-deksamenoploio-tou-skiodous-stolou-tis-rosias-ypopto-gia-tis-yperptiseis-drones,Δανία : Δεξαμενόπλοιο του σκιώδους στόλου της Ρωσίας ύποπτο για τις υπερπτήσεις drones,20251001T170000Z,Greek,newsbomb.gr,Greece,2025-10-01,2025-10,Oct 2025,"Το πλοίο με την ονομασία ""Pushpa"" ή ""Boracay"", μπορεί να χρησίμευσε ως ""πλατφόρμα εκτόξευσης"" ή ""τέχνασμα"" κατά τη διάρκεια των εισβολών drones στον εναέριο...","Δανία : Δεξαμενόπλοιο του σκιώδους στόλου της Ρωσίας ύποπτο για τις υπερπτήσεις drones. Το πλοίο με την ονομασία ""Pushpa"" ή ""Boracay"", μπορεί να χρησίμευσε ως ""πλατφόρμα εκτόξευσης"" ή ""τέχνασμα"" κατά τη διάρκεια των εισβολών drones στον εναέριο...",titre+description,Neutral,0,1,0,0.6168
https://tass.ru/mezhdunarodnaya-panorama/25222129,Французские военные поднялись на борт задержанного танкера,20251001T170000Z,Russian,tass.ru,Russia,2025-10-01,2025-10,Oct 2025,,Французские военные поднялись на борт задержанного танкера,titre seul,Neutral,0,1,0,0.6207
https://www.livemint.com/companies/news/macron-says-a-tanker-off-france-is-linked-to-russias-shadow-oil-fleet-11759334628367.html,Macron says a tanker off France is linked to Russias shadow oil fleet,20251001T164500Z,English,livemint.com,India,2025-10-01,2025-10,Oct 2025,Macron says a tanker off France is linked to Russia's shadow oil fleet,Macron says a tanker off France is linked to Russias shadow oil fleet. Macron says a tanker off France is linked to Russia's shadow oil fleet,titre+description,Negative,1,0,0,0.6392
https://www.ilfattonisseno.it/2025/10/droni-in-europa-il-mistero-della-petroliera-russa-spuntano-i-dati-sospetti/,"Droni in Europa , il  mistero  della petroliera russa : spuntano i dati sospetti - il Fatto Nisseno - Caltanissetta notizie , cronaca , attualità",20251001T164500Z,Italian,ilfattonisseno.it,Italy,2025-10-01,2025-10,Oct 2025,(Adnkronos) – C'è una petroliera misteriosa dietro i voli dei […],"Droni in Europa , il  mistero  della petroliera russa : spuntano i dati sospetti - il Fatto Nisseno - Caltanissetta notizie , cronaca , attualità. (Adnkronos) – C'è una petroliera misteriosa dietro i voli dei […]",titre+description,Negative,1,0,0,0.6183
https://www.lindependant.fr/2025/10/01/des-militaires-francais-sont-montes-a-bord-du-petrolier-fantome-russe-arraisonne-au-large-de-saint-nazaire-12965426.php,Des militaires français sont montés à bord du pétrolier fantôme russe arraisonné au large de Saint - Nazaire,20251001T164500Z,French,lindependant.fr,France,2025-10-01,2025-10,Oct 2025,Le Boracay est avec deux autres navires de commerce dans le collimateur des autorités danoises suite aux survols de drones dans leur espace aérien et notamment au-dessus de...,Des militaires français sont montés à bord du pétrolier fantôme russe arraisonné au large de Saint - Nazaire. Le Boracay est avec deux autres navires de commerce dans le collimateur des autorités danoises suite aux survols de drones dans leur espace aérien et notamment au-dessus de...,titre+description,Negative,1,0,0,0.8198
https://www.nieuwsblad.be/buitenland/live-oorlog-in-oekraine.-frankrijk-opent-onderzoek-naar-link-tussen-schip-van-russische-schaduwvloot-en-drones-boven-denemarken/27532830.html,LIVE OORLOG IN OEKRAÏNE . Zelensky aangekomen in VK voor ontmoeting met Starmer - Vier doden bij massale droneaanval op Kiev,20251001T163000Z,Dutch,nieuwsblad.be,Belgium,2025-10-01,2025-10,Oct 2025,,LIVE OORLOG IN OEKRAÏNE . Zelensky aangekomen in VK voor ontmoeting met Starmer - Vier doden bij massale droneaanval op Kiev,titre seul,Neutral,0,1,0,0.6407
https://www.spacewar.com/afp/251001135848.61yo7hky.html,Macron says  nothing ruled out  if Russian plane violates European airspace,20251001T163000Z,English,spacewar.com,Iraq,2025-10-01,2025-10,Oct 2025,METATEXT,Macron says  nothing ruled out  if Russian plane violates European airspace. METATEXT,titre+description,Negative,1,0,0,0.6756
https://www.afrik.com/benin-lionel-zinsou-prend-la-tete-de-la-fondation-seme-city,Bénin : Lionel Zinsou prend la tête de la Fondation Sèmè City,20251001T154500Z,French,afrik.com,France,2025-10-01,2025-10,Oct 2025,,Bénin : Lionel Zinsou prend la tête de la Fondation Sèmè City,titre seul,Neutral,0,1,0,0.5698
https://www.myjoyonline.com/unicef-and-au-launch-first-foods-africa-to-tackle-child-malnutrition/,UNICEF and AU launch  First Foods Africa  to tackle child malnutrition,20251001T143000Z,English,myjoyonline.com,Ghana,2025-10-01,2025-10,Oct 2025,"UNICEF, together with the African Union Commission (AUC) and the Benin government, has launched First Foods Africa.","UNICEF and AU launch  First Foods Africa  to tackle child malnutrition. UNICEF, together with the African Union Commission (AUC) and the Benin government, has launched First Foods Africa.",titre+description,Neutral,0,1,0,0.5233
https://rna.ao/rna.ao/2025/10/01/as-selecoes-nacionais-de-hoquei-patins-ja-trabalham-para-os-africanos-das-nacoes/,As selees nacionais de hóquei Patins já trabalham para os africanos das naes,20251001T131500Z,Portuguese,rna.ao,Angola,2025-10-01,2025-10,Oct 2025,https://rna.ao/rna.ao/wp-content/uploads/2023/07/Hoquei-Patins.jpg,As selees nacionais de hóquei Patins já trabalham para os africanos das naes. https://rna.ao/rna.ao/wp-content/uploads/2023/07/Hoquei-Patins.jpg,titre+description,Neutral,0,1,0,0.7921
https://www.channelstv.com/2025/10/01/nigerias-2026-world-cup-qualification-important-to-give-africa-a-voice-odegbami-tells-osimhen-others/,"Nigeria 2026 World Cup Qualification Important To Give Africa A Voice , Odegbami Tells Osimhen , Others",20251001T131500Z,English,channelstv.com,Nigeria,2025-10-01,2025-10,Oct 2025,Why It’s Important For Nigeria To Qualify For 2026 World Cup — Odegbami,"Nigeria 2026 World Cup Qualification Important To Give Africa A Voice , Odegbami Tells Osimhen , Others. Why It’s Important For Nigeria To Qualify For 2026 World Cup — Odegbami",titre+description,Neutral,0,1,0,0.5317
https://www.lalsace.fr/defense-guerre-conflit/2025/10/01/mais-que-fait-un-navire-de-la-flotte-fantome-russe-immobilise-au-large-de-saint-nazaire,Loire - Atlantique . Mais que fait un navire de la flotte fantôme russe immobilisé au large de Saint - Nazaire  ? ,20251001T131500Z,French,lalsace.fr,France,2025-10-01,2025-10,Oct 2025,"Une enquête a été ouverte concernant le Pushpa, un pétrolier stationné au large de Saint-Nazaire et soupçonné d'être impliqué dans les survols de drones ayant perturbé le trafic aérien au Danemark.","Loire - Atlantique . Mais que fait un navire de la flotte fantôme russe immobilisé au large de Saint - Nazaire  ?. Une enquête a été ouverte concernant le Pushpa, un pétrolier stationné au large de Saint-Nazaire et soupçonné d'être impliqué dans les survols de drones ayant perturbé le trafic aérien au Danemark.",titre+description,Negative,1,0,0,0.918
https://www.focus-news.net/novini/mejdunarodni/Zapodozryan-v-narushavane-na-vuzdushniya-trafik-v-Daniya-Korab-ot-ruskiya-sen-2727786,Заподозрян в нарушаване на въздушния трафик в Дания : Кораб от руския  сенчест флот  е блокиран край бреговете на Сен - Назер,20251001T131500Z,Bulgarian,focus-news.net,Bulgaria,2025-10-01,2025-10,Oct 2025,"Във Франция е започнало разследване по случай с петролен танкер, който е блокиран край бреговете на Сен-Назер.","Заподозрян в нарушаване на въздушния трафик в Дания : Кораб от руския  сенчест флот  е блокиран край бреговете на Сен - Назер. Във Франция е започнало разследване по случай с петролен танкер, който е блокиран край бреговете на Сен-Назер.",titre+description,Negative,1,0,0,0.691
https://www.focus-news.net/novini/mejdunarodni/Zapodozryan-v-narushavane-na-vuzdushniya-trafik-v-Daniya-Korab-ot-ruskiya-quotsenchest-flot-quot-e-blokiran-krai-bregovete-na-Sen-Nazer-2727786,Заподозрян в нарушаване на въздушния трафик в Дания : Кораб от руския  сенчест флот  е блокиран край бреговете на Сен - Назер,20251001T131500Z,Bulgarian,focus-news.net,Bulgaria,2025-10-01,2025-10,Oct 2025,"Във Франция е започнало разследване по случай с петролен танкер, който е блокиран край бреговете на Сен-Назер.","Заподозрян в нарушаване на въздушния трафик в Дания : Кораб от руския  сенчест флот  е блокиран край бреговете на Сен - Назер. Във Франция е започнало разследване по случай с петролен танкер, който е блокиран край бреговете на Сен-Назер.",titre+description,Negative,1,0,0,0.691
https://www.larazon.es/internacional/francia-investiga-petrolero-flota-fantasma-rusa-sospechoso-enviar-drones-dinamarca_2025100168dd186e2aac281a5cb602f6.html,Francia investiga a un petrolero de la flota fantasma rusa sospechoso de enviar drones a Dinamarca,20251001T123000Z,Spanish,larazon.es,Spain,2025-10-01,2025-10,Oct 2025,"El 22 de septiembre, aviones no tripulados sobrevolaron los aeropuertos de Copenhague y Oslo, provocando la cancelación de decenas de vuelos","Francia investiga a un petrolero de la flota fantasma rusa sospechoso de enviar drones a Dinamarca. El 22 de septiembre, aviones no tripulados sobrevolaron los aeropuertos de Copenhague y Oslo, provocando la cancelación de decenas de vuelos",titre+description,Negative,1,0,0,0.8573
https://www.leprogres.fr/defense-guerre-conflit/2025/10/01/mais-que-fait-un-navire-de-la-flotte-fantome-russe-immobilise-au-large-de-saint-nazaire,Loire - Atlantique . Mais que fait un navire de la flotte fantôme russe immobilisé au large de Saint - Nazaire  ? ,20251001T120000Z,French,leprogres.fr,France,2025-10-01,2025-10,Oct 2025,"Une enquête a été ouverte concernant le Pushpa, un pétrolier stationné au large de Saint-Nazaire et soupçonné d'être impliqué dans les survols de drones ayant perturbé le trafic aérien au Danemark.","Loire - Atlantique . Mais que fait un navire de la flotte fantôme russe immobilisé au large de Saint - Nazaire  ?. Une enquête a été ouverte concernant le Pushpa, un pétrolier stationné au large de Saint-Nazaire et soupçonné d'être impliqué dans les survols de drones ayant perturbé le trafic aérien au Danemark.",titre+description,Negative,1,0,0,0.918
https://www.lejsl.com/defense-guerre-conflit/2025/10/01/mais-que-fait-un-navire-de-la-flotte-fantome-russe-immobilise-au-large-de-saint-nazaire,Loire - Atlantique . Mais que fait un navire de la flotte fantôme russe immobilisé au large de Saint - Nazaire  ? ,20251001T120000Z,French,lejsl.com,France,2025-10-01,2025-10,Oct 2025,"Une enquête a été ouverte concernant le Pushpa, un pétrolier stationné au large de Saint-Nazaire et soupçonné d'être impliqué dans les survols de drones ayant perturbé le trafic aérien au Danemark.","Loire - Atlantique . Mais que fait un navire de la flotte fantôme russe immobilisé au large de Saint - Nazaire  ?. Une enquête a été ouverte concernant le Pushpa, un pétrolier stationné au large de Saint-Nazaire et soupçonné d'être impliqué dans les survols de drones ayant perturbé le trafic aérien au Danemark.",titre+description,Negative,1,0,0,0.918
https://lefaso.net/spip.php?article141192,"Samson Assogba , artiste plasticien béninois : « LIA menace de banaliser le travail artistique » ",20251001T120000Z,French,lefaso.net,Burkina Faso,2025-10-01,2025-10,Oct 2025,"Depuis l'enfance, le dessin est pour Samson Sogba bien plus qu'un simple loisir. De la plage de Labadi au Ghana aux salons internationaux, en (…)","Samson Assogba , artiste plasticien béninois : « LIA menace de banaliser le travail artistique ». Depuis l'enfance, le dessin est pour Samson Sogba bien plus qu'un simple loisir. De la plage de Labadi au Ghana aux salons internationaux, en (…)",titre+description,Negative,1,0,0,0.8203
https://www.mundodeportivo.com/tenis/20251001/1002542631/tenis-catalan-da-paso-adelante-internacionalizacion.html,El tenis catalán da un paso adelante en su internacionalización,20251001T101500Z,Spanish,mundodeportivo.com,Spain,2025-10-01,2025-10,Oct 2025,"El presidente de la Federació Catalana de Tenis, Jordi Tamayo, visitó, hace unos días, la redacción de Mundo Deportivo para repasar la actualidad del tenis catalán,","El tenis catalán da un paso adelante en su internacionalización. El presidente de la Federació Catalana de Tenis, Jordi Tamayo, visitó, hace unos días, la redacción de Mundo Deportivo para repasar la actualidad del tenis catalán,",titre+description,Positive,0,0,1,0.7533
https://donpress.com/news/01-10-2025-vo-francii-zaderzhali-tanker-tenevogo-flota-rf-nakhodyaschiysya-pod-sankciyami,"Во Франции задержали танкер  теневого флота  рф , находящийся под санкциями",20251001T093000Z,Russian,donpress.com,Ukraine,2025-10-01,2025-10,Oct 2025,Власти Франции расследуют вероятное нарушение со стороны нефтяного танкера Boracay под флагом Бенина.,"Во Франции задержали танкер  теневого флота  рф , находящийся под санкциями. Власти Франции расследуют вероятное нарушение со стороны нефтяного танкера Boracay под флагом Бенина.",titre+description,Negative,1,0,0,0.7639
https://www.plovdiv24.bg/novini/interesno/Selena-Gomes-sus-skriti-poslaniya-v-svatbenata-si-roklya-2727244,Селена Гомес със скрити послания в сватбената си рокля,20251001T091500Z,Bulgarian,plovdiv24.bg,Bulgaria,2025-10-01,2025-10,Oct 2025,"Селена Гомес вече е омъжена жена. Певицата се врече във вечна вярност на дългогодишния си приятел Бени Бланко на пищна сватбена церемония, която се състоя на 27 септември.","Селена Гомес със скрити послания в сватбената си рокля. Селена Гомес вече е омъжена жена. Певицата се врече във вечна вярност на дългогодишния си приятел Бени Бланко на пищна сватбена церемония, която се състоя на 27 септември.",titre+description,Neutral,0,1,0,0.4996
https://www.nicematin.com/societe/defense/flotte-fantome-russe-une-enquete-ouverte-sur-un-petrolier-stationne-au-large-du-parc-eolien-de-saint-nazaire-et-signale-par-la-marine-nationale-10650040,Flotte fantôme russe  : une enquête ouverte sur un pétrolier stationné au large du parc éolien de Saint - Nazaire et signalé par la Marine nationale,20251001T091500Z,French,nicematin.com,France,2025-10-01,2025-10,Oct 2025,,Flotte fantôme russe  : une enquête ouverte sur un pétrolier stationné au large du parc éolien de Saint - Nazaire et signalé par la Marine nationale,titre seul,Negative,1,0,0,0.5319
https://charter97.org/en/news/2025/10/1/657669/,Tanker From Russia  shadow Fleet  Detained In France,20251001T091500Z,English,charter97.org,Belarus,2025-10-01,2025-10,Oct 2025,"On September 20, it left the Russian port of Primorsk.","Tanker From Russia  shadow Fleet  Detained In France. On September 20, it left the Russian port of Primorsk.",titre+description,Negative,1,0,0,0.6658
https://gh.bmj.com/content/10/9/e018572,Antenatal care surveillance for monitoring malaria prevalence and intervention coverage : a multicountry analysis,20251001T090000Z,English,gh.bmj.com,United Kingdom,2025-10-01,2025-10,Oct 2025,,Antenatal care surveillance for monitoring malaria prevalence and intervention coverage : a multicountry analysis,titre seul,Neutral,0,1,0,0.8423
https://www.lavieeco.com/affaires/aviation-civile-le-maroc-et-le-benin-signent-un-accord-sur-les-services-aeriens/,Aviation civile : Le Maroc et le Bénin signent un accord sur les services aériens,20251001T080000Z,French,lavieeco.com,Morocco,2025-10-01,2025-10,Oct 2025,"Le Maroc et le Bénin ont scellé, à Montréal, un nouvel accord sur les services aériens, en marge de la 42e Assemblée de l’OACI. Un cadre modernisé qui renforce la coopération bilatérale, consolide la sécurité aérienne et ouvre de nouvelles perspectives pour le transport civil en Afrique.","Aviation civile : Le Maroc et le Bénin signent un accord sur les services aériens. Le Maroc et le Bénin ont scellé, à Montréal, un nouvel accord sur les services aériens, en marge de la 42e Assemblée de l’OACI. Un cadre modernisé qui renforce la coopération bilatérale, consolide la sécurité aérienne et ouvre de nouvelles perspectives pour le transport civil en Afrique.",titre+description,Positive,0,0,1,0.8748
https://www.nationalaccordnewspaper.com/fifa-sanction-against-south-africa-rekindles-nigerias-world-cup-hopes/,FIFA sanction against South Africa rekindles Nigeria World Cup hopes,20251001T063000Z,English,nationalaccordnewspaper.com,Nigeria,2025-10-01,2025-10,Oct 2025,A FIFA ruling against South Africa has given Nigeria’s 2026 World Cup qualification campaign a fresh lifeline — but football stakeholders are warning that it will mean nothing unless the Super Eagles rise to the occasion.,FIFA sanction against South Africa rekindles Nigeria World Cup hopes. A FIFA ruling against South Africa has given Nigeria’s 2026 World Cup qualification campaign a fresh lifeline — but football stakeholders are warning that it will mean nothing unless the Super Eagles rise to the occasion.,titre+description,Negative,1,0,0,0.7327
https://www.philstar.com/music/2025/10/01/2476723/clara-benin-hold-2-night-concert-celebrating-1st-releases,Clara Benin to hold 2 - night concert celebrating 1st releases,20251001T063000Z,English,philstar.com,Philippines,2025-10-01,2025-10,Oct 2025,Clara Benin is returning to the big stage with a heartfelt celebration of the records that shaped her artistic journey.,Clara Benin to hold 2 - night concert celebrating 1st releases. Clara Benin is returning to the big stage with a heartfelt celebration of the records that shaped her artistic journey.,titre+description,Positive,0,0,1,0.8814
https://www.philstar.com/entertainment/music/2025/10/01/2476723/clara-benin-hold-2-night-concert-celebrating-1st-releases,Clara Benin to hold 2 - night concert celebrating 1st releases,20251001T063000Z,English,philstar.com,Philippines,2025-10-01,2025-10,Oct 2025,Clara Benin is returning to the big stage with a heartfelt celebration of the records that shaped her artistic journey.,Clara Benin to hold 2 - night concert celebrating 1st releases. Clara Benin is returning to the big stage with a heartfelt celebration of the records that shaped her artistic journey.,titre+description,Positive,0,0,1,0.8814
https://www.themarketsdaily.com/2025/10/01/fy2025-eps-estimates-for-starbucks-lowered-by-william-blair.html,FY2025 EPS Estimates for Starbucks Lowered by William Blair,20251001T060000Z,English,themarketsdaily.com,United States,2025-10-01,2025-10,Oct 2025,,FY2025 EPS Estimates for Starbucks Lowered by William Blair,titre seul,Neutral,0,1,0,0.8423
https://charter97.org/ru/news/2025/10/1/657669/,Во Франции задержали танкер из « теневого флота » РФ,20251001T060000Z,Russian,charter97.org,Belarus,2025-10-01,2025-10,Oct 2025,20 сентября он вышел из российского порта Приморск.,Во Франции задержали танкер из « теневого флота » РФ. 20 сентября он вышел из российского порта Приморск.,titre+description,Neutral,0,1,0,0.5957
https://www.journaldeleconomie.fr/polemique-en-france-des-etrangers-toucheraient-1-000-e-de-retraite-sans-avoir-cotise/,Polémique en France : des étrangers toucheraient 1 000 € de retraite sans avoir cotisé ? ,20251001T054500Z,French,journaldeleconomie.fr,France,2025-10-01,2025-10,Oct 2025,Saviez-vous que seulement 3 % des bénéficiaires de l'Allocation de solidarité aux personnes âgées en France sont des étrangers peu ou pas travaillés ?,Polémique en France : des étrangers toucheraient 1 000 € de retraite sans avoir cotisé ?. Saviez-vous que seulement 3 % des bénéficiaires de l'Allocation de solidarité aux personnes âgées en France sont des étrangers peu ou pas travaillés ?,titre+description,Negative,1,0,0,0.8641
https://globalvoices.org/2025/10/01/the-great-silence-surrounding-marital-rape-in-senegal/,The great silence surrounding marital rape in Senegal,20251001T053000Z,English,globalvoices.org,Russia,2025-10-01,2025-10,Oct 2025,"Women are most often abused by their husbands, with many suffering marital rape quietly at home.","The great silence surrounding marital rape in Senegal. Women are most often abused by their husbands, with many suffering marital rape quietly at home.",titre+description,Negative,1,0,0,0.7927
https://www.sowetanlive.co.za/opinion/columnists/2025-10-01-sowetan-says--spineless-safa-must-stop-misleading-sa/,SOWETAN SAYS | Spineless Safa must stop misleading SA,20251001T051500Z,English,sowetanlive.co.za,South Africa,2025-10-01,2025-10,Oct 2025,"Bafana Bafana are no longer in control of their World Cup destiny after Fifa finally acted on the Teboho Mokoena saga, deducting three points, which dropped the team into second place in their group behind Benin.","SOWETAN SAYS | Spineless Safa must stop misleading SA. Bafana Bafana are no longer in control of their World Cup destiny after Fifa finally acted on the Teboho Mokoena saga, deducting three points, which dropped the team into second place in their group behind Benin.",titre+description,Negative,1,0,0,0.7057
https://guardian.ng/news/nigeria/metro/commuters-motorists-lament-slow-pace-of-work-on-benin-asaba-road/,"Commuters , motorists lament slow pace of work on Benin - Asaba Road",20251001T051500Z,English,guardian.ng,Nigeria,2025-10-01,2025-10,Oct 2025,"Motorists, traders and residents along the Ikpoba-Okha/Uhumwonde Local Council boundary corridor on the Benin-Agbor Road","Commuters , motorists lament slow pace of work on Benin - Asaba Road. Motorists, traders and residents along the Ikpoba-Okha/Uhumwonde Local Council boundary corridor on the Benin-Agbor Road",titre+description,Negative,1,0,0,0.6119
https://www.naijanews.com/2025/10/01/top-nigerian-newspaper-headlines-for-today-wednesday-1st-october-2025/,"Top Nigerian Newspaper Headlines For Today , Wednesday , 1st October , 2025",20251001T043000Z,English,naijanews.com,Nigeria,2025-10-01,2025-10,Oct 2025,"Good morning Nigeria. Welcome to the Naija News roundup of top newspaper headlines in Nigeria for today, Wednesday, 1st October, 2025 1. The Worst Is","Top Nigerian Newspaper Headlines For Today , Wednesday , 1st October , 2025. Good morning Nigeria. Welcome to the Naija News roundup of top newspaper headlines in Nigeria for today, Wednesday, 1st October, 2025 1. The Worst Is",titre+description,Negative,1,0,0,0.884
http://french.peopledaily.com.cn/Afrique/n3/2025/1001/c96852-20373572.html,Zone UEMOA : forte hausse du volume des transactions en monnaie électronique entre 2014 et 2024,20251001T034500Z,French,french.peopledaily.com.cn,China,2025-10-01,2025-10,Oct 2025,"Le volume des transactions en monnaie Ã©lectronique dans la zone de l'Union Ã©conomique monÃ©taire ouest-africaine (UEMOA) a connu une forte hausse, passant de 260 millions de FCFA (environ 465 224 dollars) Ã  11 milliards de FCFA (prÃ¨s de 19,6 millions de dollars) entre 2014 et 2024, a rÃ©vÃ©lÃ©, mardi Ã  Dakar, le gouverneur de la Banque centrale des Etats de l'Afrique de l'Ouest (BCEAO), Jean-Claude Kassi Brou.","Zone UEMOA : forte hausse du volume des transactions en monnaie électronique entre 2014 et 2024. Le volume des transactions en monnaie Ã©lectronique dans la zone de l'Union Ã©conomique monÃ©taire ouest-africaine (UEMOA) a connu une forte hausse, passant de 260 millions de FCFA (environ 465 224 dollars) Ã  11 milliards de FCFA (prÃ¨s de 19,6 millions de dollars) entre 2014 et 2024, a rÃ©vÃ©lÃ©, mardi Ã  Dakar, le gouverneur de la Banque centrale des Etats de l'Afrique de l'Ouest (BCEAO), Jean-Claude Kassi Br",titre+description,Neutral,0,1,0,0.5827
https://www.maliweb.net/communique-391/contributions-retenues-pour-lanthologie-de-nouvelle-africaine-et-afro-descendante-3109785.html,Contributions retenues pour lAnthologie de Nouvelle africaine et afro - descendante - Actualités au Mali en temps réel et info en direct,20251001T021500Z,French,maliweb.net,Mali,2025-10-01,2025-10,Oct 2025,,Contributions retenues pour lAnthologie de Nouvelle africaine et afro - descendante - Actualités au Mali en temps réel et info en direct,titre seul,Neutral,0,1,0,0.8545
http://lecourrier-dalgerie.com/qualification-mondial-2026-lafrique-du-sud-sanctionnee/,Qualification Mondial 2026 : LAfrique du Sud sanctionnée | lecourrier - dalgerie . com,20251001T021500Z,French,lecourrier-dalgerie.com,Algeria,2025-10-01,2025-10,Oct 2025,,Qualification Mondial 2026 : LAfrique du Sud sanctionnée | lecourrier - dalgerie . com,titre seul,Negative,1,0,0,0.8865
https://www.thetidenewsonline.com/2025/10/2026-w-cup-fifa-docks-points-from-safrica-nigeria-still-in-jeopardy/,2026 W / Cup : FIFA Docks Points From SAfrica . Nigeria Still In Jeopardy – :::… The Tide News Online :::… ,20251001T014500Z,English,thetidenewsonline.com,Nigeria,2025-10-01,2025-10,Oct 2025,,2026 W / Cup : FIFA Docks Points From SAfrica . Nigeria Still In Jeopardy – :::… The Tide News Online :::…,titre seul,Neutral,0,1,0,0.5269
https://eldiariony.com/2025/09/30/sudafrica-podria-quedar-fuera-del-mundial-2026-tras-sancion-de-la-fifa-por-alineacion-indebida/,FIFA sancionó a Sudáfrica - El Diario NY,20251001T014500Z,Spanish,eldiariony.com,United States,2025-10-01,2025-10,Oct 2025,"Le habían ganado 2-0 a Lesoto, pero la casa madre del fútbol le dio por perdido el partido 3-0 por la inclusión indebida de Teboho Mokoena","FIFA sancionó a Sudáfrica - El Diario NY. Le habían ganado 2-0 a Lesoto, pero la casa madre del fútbol le dio por perdido el partido 3-0 por la inclusión indebida de Teboho Mokoena",titre+description,Negative,1,0,0,0.9376
https://www.5-tv.ru/news/5039206/tenevoj-flot-rossii-francuzy-tretij-den-uderzivaut-tanker-vvodah-atlantiki/,Французы третий день удерживают танкер видео,20251001T013000Z,Russian,5-tv.ru,Russia,2025-10-01,2025-10,Oct 2025,Власти Франции третий день удерживают нефтяной танкер в водах Атлантики. Почему — смотрите в видео на сайте 5-tv.ru,Французы третий день удерживают танкер видео. Власти Франции третий день удерживают нефтяной танкер в водах Атлантики. Почему — смотрите в видео на сайте 5-tv.ru,titre+description,Neutral,0,1,0,0.693
https://www.5-tv.ru/news/5039204/morskaa-provokacia-vnato-posli-naeskalaciu-votnoseniah-srossiej/,Что случилось с танкером во Франции видео,20251001T013000Z,Russian,5-tv.ru,Russia,2025-10-01,2025-10,Oct 2025,Политолог прокомментировал задержание танкера Borасау властями Франции. Подробнее — смотрите в видео на сайте 5-tv.ru,Что случилось с танкером во Франции видео. Политолог прокомментировал задержание танкера Borасау властями Франции. Подробнее — смотрите в видео на сайте 5-tv.ru,titre+description,Neutral,0,1,0,0.7114
https://www.5-tv.ru/news/5039214/cast-bolsoj-ekonomiceskoj-vojny-cem-neugodili-zapadu-tankery-srossijskoj-neftu/,Провокации с нефтяными танкерами на Западе видео,20251001T013000Z,Russian,5-tv.ru,Russia,2025-10-01,2025-10,Oct 2025,Чем не угодили Западу танкеры с российской нефтью — смотрите в видео на сайте 5-tv.ru,Провокации с нефтяными танкерами на Западе видео. Чем не угодили Западу танкеры с российской нефтью — смотрите в видео на сайте 5-tv.ru,titre+description,Negative,1,0,0,0.663
https://lanouvelletribune.info/2025/09/controle-des-vitres-opaque-au-benin-ce-qui-se-passera-ce-mercredi/,Contrôle des vitres opaque au Bénin : Ce qui se passera ce mercredi,20251001T001500Z,French,lanouvelletribune.info,Benin,2025-10-01,2025-10,Oct 2025,"À partir de ce mercredi 1er octobre 2025, la Police républicaine entame l’application du décret N°2017-546 du 22 novembre 2017 interdisant la circulation des véhicules dotés de vitres opaques à l’avant. L’opération débutera par une phase de sensibilisation, au cours de laquelle les contrevenants ser","Contrôle des vitres opaque au Bénin : Ce qui se passera ce mercredi. À partir de ce mercredi 1er octobre 2025, la Police républicaine entame l’application du décret N°2017-546 du 22 novembre 2017 interdisant la circulation des véhicules dotés de vitres opaques à l’avant. L’opération débutera par une phase de sensibilisation, au cours de laquelle les contrevenants ser",titre+description,Positive,0,0,1,0.52
https://www.lejecos.com/BRVM-Le-titre-Filtisac-Cote-d-Ivoire-realise-la-meilleure-performance-pour-la-seconde-journee-consecutive_a29617.html,BRVM : Le titre Filtisac Côte dIvoire réalise la meilleure performance pour la seconde journée consécutive . ,20250930T223000Z,French,lejecos.com,Senegal,2025-09-30,2025-09,Sep 2025,"A l’issue de la séance de cotation de ce mardi 30 septembre 2025 de la Bourse Régionale des Valeurs Mobilières (BRVM), le titre Filtisac Côte d’Ivoire a réalisé pour la seconde journée consécutive l...","BRVM : Le titre Filtisac Côte dIvoire réalise la meilleure performance pour la seconde journée consécutive .. A l’issue de la séance de cotation de ce mardi 30 septembre 2025 de la Bourse Régionale des Valeurs Mobilières (BRVM), le titre Filtisac Côte d’Ivoire a réalisé pour la seconde journée consécutive l...",titre+description,Positive,0,0,1,0.8355
https://www.christianpost.com/news/bible-translation-work-accelerates-as-millions-more-gain-access.html,Bible translation work accelerates as millions more gain access,20250930T223000Z,English,christianpost.com,United States,2025-09-30,2025-09,Sep 2025,,Bible translation work accelerates as millions more gain access,titre seul,Positive,0,0,1,0.7222
https://sofrep.com/news/sofrep-daily-2025-sep-30-pm/,"Evening Brief : Hegseth Declares End to  Woke  Pentagon Policies , Ukraine Shares Drone Warfare Expertise",20250930T221500Z,English,sofrep.com,United States,2025-09-30,2025-09,Sep 2025,,"Evening Brief : Hegseth Declares End to  Woke  Pentagon Policies , Ukraine Shares Drone Warfare Expertise",titre seul,Neutral,0,1,0,0.6044
https://malaya.com.ph/special-features/nigeria-at-65-a-nations-journey-from-independence-to-aspiration/,Nigeria at 65 : A nation journey from independence to aspiration,20250930T200000Z,English,malaya.com.ph,Philippines,2025-09-30,2025-09,Sep 2025,,Nigeria at 65 : A nation journey from independence to aspiration,titre seul,Neutral,0,1,0,0.5683
https://www.cadena3.com/noticia/mundo/sudafrica-apelara-tras-perder-victoria-en-eliminatorias-mundialistas-por-alineacion-indebida_469841,Sudáfrica apelará tras perder victoria en eliminatorias mundialistas por alineación indebida,20250930T184500Z,Spanish,cadena3.com,Argentina,2025-09-30,2025-09,Sep 2025,La selecciÃ³n sudafricana se vio despojada de una victoria en su camino al Mundial 2026 debido a una alineaciÃ³n incorrecta. Planea apelar la decisiÃ³n de la FIFA en medio de la incertidumbre del grupo.,Sudáfrica apelará tras perder victoria en eliminatorias mundialistas por alineación indebida. La selecciÃ³n sudafricana se vio despojada de una victoria en su camino al Mundial 2026 debido a una alineaciÃ³n incorrecta. Planea apelar la decisiÃ³n de la FIFA en medio de la incertidumbre del grupo.,titre+description,Negative,1,0,0,0.9399
https://libero.pe:443/futbol-internacional/2025/09/30/fifa-resto-puntos-historica-seleccion-se-movio-tabla-de-eliminatorias-2026-2577300,FIFA restó puntos a histórica selección y se movió la tabla de las Eliminatorias 2026,20250930T180000Z,Spanish,libero.pe,Peru,2025-09-30,2025-09,Sep 2025,La tabla de posiciones de las Eliminatorias 2026 sufrió una modificación luego de que la FIFA le reste puntaje a una emblemática selección. ¿Qué pasó?,FIFA restó puntos a histórica selección y se movió la tabla de las Eliminatorias 2026. La tabla de posiciones de las Eliminatorias 2026 sufrió una modificación luego de que la FIFA le reste puntaje a una emblemática selección. ¿Qué pasó?,titre+description,Neutral,0,1,0,0.5502
https://thesun.ng/nigeria-65-time-to-build-not-just-celebrate-edo-dg-idahosa/,"Nigeria 65 : Time to build , not just celebrate – Edo DG Idahosa",20250930T174500Z,English,thesun.ng,,2025-09-30,2025-09,Sep 2025,"Edo Deputy Governor Dennis Idahosa urges Nigerians to build, not just celebrate, on Nigeria’s 65th Independence.","Nigeria 65 : Time to build , not just celebrate – Edo DG Idahosa. Edo Deputy Governor Dennis Idahosa urges Nigerians to build, not just celebrate, on Nigeria’s 65th Independence.",titre+description,Positive,0,0,1,0.5312
https://dailypost.ng/2025/09/30/2026-wcq-fifas-decision-to-deduct-points-from-south-africa-came-very-late-rohr/,2026 WCQ : FIFA decision to deduct points from South Africa came very late – Rohr,20250930T171500Z,English,dailypost.ng,Nigeria,2025-09-30,2025-09,Sep 2025,"The head coach of Benin Republic, Gernot Rohr, has claimed FIFA’s decision to deduct three points from South Africa is coming very late. On Monday, the","2026 WCQ : FIFA decision to deduct points from South Africa came very late – Rohr. The head coach of Benin Republic, Gernot Rohr, has claimed FIFA’s decision to deduct three points from South Africa is coming very late. On Monday, the",titre+description,Negative,1,0,0,0.7287
https://www.naijanews.com/2025/09/30/golden-eaglets-stars-shine-as-nigeria-set-for-semi-final-showdown-with-ghana/,Golden Eaglets Stars Shine As Nigeria Set For Semi - Final Showdown With Ghana,20250930T170000Z,English,naijanews.com,Nigeria,2025-09-30,2025-09,Sep 2025,Four players from Nigeria’s Golden Eaglets have been named in the WAFU B U-17 Championship Group Stage Best XI.,Golden Eaglets Stars Shine As Nigeria Set For Semi - Final Showdown With Ghana. Four players from Nigeria’s Golden Eaglets have been named in the WAFU B U-17 Championship Group Stage Best XI.,titre+description,Positive,0,0,1,0.7262
https://gcaptain.com/france-probes-sanctioned-russian-linked-tanker-off-atlantic-coast/,France Probes Sanctioned Russian - Linked Tanker Off Atlantic Coast,20250930T164500Z,English,gcaptain.com,United States,2025-09-30,2025-09,Sep 2025,"PARIS, Sept 30 (Reuters) – The French Navy on Tuesday said authorities were investigating a suspected infraction by the Benin-flagged oil tanker Boracay, a vessel which is listed under British and European Union sanctions...","France Probes Sanctioned Russian - Linked Tanker Off Atlantic Coast. PARIS, Sept 30 (Reuters) – The French Navy on Tuesday said authorities were investigating a suspected infraction by the Benin-flagged oil tanker Boracay, a vessel which is listed under British and European Union sanctions...",titre+description,Negative,1,0,0,0.7831
https://www.zazoom.it/2025-09-30/incursioni-di-droni-in-danimarca-parigi-indaga-su-petroliera-fantasma-russa-vertice-ue-a-copenaghen-arrivano-esperti-ucraini-e-sistemi-di-difesa-alleati/17852557/,Incursioni di droni in Danimarca Parigi indaga su petroliera fantasma russa Vertice Ue a Copenaghen arrivano esperti ucraini e sistemi di difesa alleati,20250930T163000Z,Italian,zazoom.it,Italy,2025-09-30,2025-09,Sep 2025,,Incursioni di droni in Danimarca Parigi indaga su petroliera fantasma russa Vertice Ue a Copenaghen arrivano esperti ucraini e sistemi di difesa alleati,titre seul,Negative,1,0,0,0.6551
https://www.omanobserver.om/article/1177374/features/lifestyle/sought-by-luxury-labels-nigerian-leather-reclaims-home-market,"Sought by luxury labels , Nigerian leather reclaims home market",20250930T163000Z,English,omanobserver.om,Oman,2025-09-30,2025-09,Sep 2025,"Most Nigerian leather, often semi-finished, is exported to Europe and Asia and turned into luxury items bearing international brand labels, with zero...","Sought by luxury labels , Nigerian leather reclaims home market. Most Nigerian leather, often semi-finished, is exported to Europe and Asia and turned into luxury items bearing international brand labels, with zero...",titre+description,Positive,0,0,1,0.5297
https://www.semana.com/deportes/articulo/fifa-implacable-quito-triunfo-a-seleccion-que-iba-al-mundial-2026-y-la-hace-penar-con-su-cupo/202513/,"FIFA , implacable : quitó triunfo a selección que iba al Mundial 2026 y la hace penar con su cupo",20250930T160000Z,Spanish,semana.com,Colombia,2025-09-30,2025-09,Sep 2025,"Por una mal proceder de dicho combinado, este cayó en la tabla de posiciones donde solo se clasifica el primero de cada grupo de manera directa.","FIFA , implacable : quitó triunfo a selección que iba al Mundial 2026 y la hace penar con su cupo. Por una mal proceder de dicho combinado, este cayó en la tabla de posiciones donde solo se clasifica el primero de cada grupo de manera directa.",titre+description,Negative,1,0,0,0.9441
https://www.letelegramme.fr/france/un-petrolier-russe-stationne-au-large-de-saint-nazaire-une-enquete-ouverte-6900484.php,Un pétrolier russe stationné au large de Saint - Nazaire  : une enquête ouverte,20250930T154500Z,French,letelegramme.fr,France,2025-09-30,2025-09,Sep 2025,"Un pétrolier appartenant à la flotte fantôme russe est stationné, depuis lundi, au large de Saint-Nazaire. Une enquête a été ouverte.","Un pétrolier russe stationné au large de Saint - Nazaire  : une enquête ouverte. Un pétrolier appartenant à la flotte fantôme russe est stationné, depuis lundi, au large de Saint-Nazaire. Une enquête a été ouverte.",titre+description,Neutral,0,1,0,0.4381
https://www.stiripesurse.ro/romania-gazduieste-pentru-prima-data-finala-internationala-a-concursului-francofon-teza-mea-de-doctorat-in-180-de-secunde_3816235,România găzduiește pentru prima dată finala internațională a concursului francofon  Teza mea de doctorat în 180 de secunde  ,20250930T154500Z,Romanian,stiripesurse.ro,Romania,2025-09-30,2025-09,Sep 2025,"România devine, pentru câteva zile, capitala mondială a științei francofone. Țara noastră găzduiește în premieră finala internațională a concursului „Teza mea de doctorat în 180 de secunde” (MT180), un eveniment organizat de Agenția Universitară a Fr...","România găzduiește pentru prima dată finala internațională a concursului francofon  Teza mea de doctorat în 180 de secunde. România devine, pentru câteva zile, capitala mondială a științei francofone. Țara noastră găzduiește în premieră finala internațională a concursului „Teza mea de doctorat în 180 de secunde” (MT180), un eveniment organizat de Agenția Universitară a Fr...",titre+description,Neutral,0,1,0,0.6347
https://allafrica.com/stories/202509300468.html,Zimbabwe : Khama Set to Bounce Back . . . Nees Picks His Men for SA Showdown,20250930T150000Z,English,allafrica.com,Nigeria,2025-09-30,2025-09,Sep 2025,Khawa Billiat looks set to bounce back into the Warriors squad ahead of the two World Cup 2026 qualifying matches against South Africa and Lesotho.,Zimbabwe : Khama Set to Bounce Back . . . Nees Picks His Men for SA Showdown. Khawa Billiat looks set to bounce back into the Warriors squad ahead of the two World Cup 2026 qualifying matches against South Africa and Lesotho.,titre+description,Neutral,0,1,0,0.4893
https://www.globalmedia.mx/articles/sudafrica_podria_quedar_fuera_del_mundial_2026_tras_alineacion_indebida,Sudáfrica podría quedar fuera del Mundial 2026 tras alineación indebida,20250930T143000Z,Spanish,globalmedia.mx,Mexico,2025-09-30,2025-09,Sep 2025,Teboho Mokoena fue alineado indebidamente por S...,Sudáfrica podría quedar fuera del Mundial 2026 tras alineación indebida. Teboho Mokoena fue alineado indebidamente por S...,titre+description,Negative,1,0,0,0.8126
https://www.dcnews.ro/romania-va-gazdui-a-11-a-finala-a-concursului-international-teza-mea-in-180-de-secunde_1010376.html,România va găzdui a 11 - a finală a concursului internațional „ Teza mea în 180 de secunde  ,20250930T143000Z,Romanian,dcnews.ro,Romania,2025-09-30,2025-09,Sep 2025,"Pentru prima dată în istoria sa, România va găzdui finala internațională a concursului francofon de popularizare a științei „Teza mea în 180 de secunde” (MT180).","România va găzdui a 11 - a finală a concursului internațional „ Teza mea în 180 de secunde. Pentru prima dată în istoria sa, România va găzdui finala internațională a concursului francofon de popularizare a științei „Teza mea în 180 de secunde” (MT180).",titre+description,Neutral,0,1,0,0.6678
https://www.kickoff.com/sa-news/bafana/benin-international-speaks-on-teboho-mokoena-sanction,EXCLUSIVE : Benin international reaction to qualification advantage,20250930T141500Z,English,kickoff.com,South Africa,2025-09-30,2025-09,Sep 2025,"With the FIFA sanctions on SAFA affecting the standings in Group C of the 2026 World Cup qualifiers, one of Benin’s stars based in Europe has spoken to KickOff. | SA-National-Teams","EXCLUSIVE : Benin international reaction to qualification advantage. With the FIFA sanctions on SAFA affecting the standings in Group C of the 2026 World Cup qualifiers, one of Benin’s stars based in Europe has spoken to KickOff. | SA-National-Teams",titre+description,Negative,1,0,0,0.4459
https://allafrica.com/stories/202509300410.html,South Africa : Safa Says Sorry As It Fights Ruling Against Bafana,20250930T133000Z,English,allafrica.com,Nigeria,2025-09-30,2025-09,Sep 2025,"Safa admitted an ""administrative oversight"" after playing suspended midfielder Teboho Mokoena against Lesotho in March.   The association has 10 days to appeal Fifa's ruling, which it called ""deeply disappointing"" and unfair.","South Africa : Safa Says Sorry As It Fights Ruling Against Bafana. Safa admitted an ""administrative oversight"" after playing suspended midfielder Teboho Mokoena against Lesotho in March.   The association has 10 days to appeal Fifa's ruling, which it called ""deeply disappointing"" and unfair.",titre+description,Negative,1,0,0,0.9416
https://www.forbes.com/sites/sindiswamabunda/2025/09/30/fifa-sanction-reopens-africas-group-c-world-cup-qualifiers-race/,FIFA Sanction Reopens Africa Group C World Cup Qualifiers Race,20250930T133000Z,English,forbes.com,United States,2025-09-30,2025-09,Sep 2025,"South Africa’s point deduction for fielding an ineligible player shakes up Group C, leaving the 2026 World Cup qualifiers wide open and fiercely competitive.","FIFA Sanction Reopens Africa Group C World Cup Qualifiers Race. South Africa’s point deduction for fielding an ineligible player shakes up Group C, leaving the 2026 World Cup qualifiers wide open and fiercely competitive.",titre+description,Negative,1,0,0,0.9049
https://www.gouv.bj/article/3280/alerte-sanitaire-abssa-garde-contre-produit-alimentaire-dangereux-enfants/,Alerte sanitaire : LABSSA met en garde contre un produit alimentaire dangereux pour enfants | Gouvernement de la République du Bénin,20250930T133000Z,French,gouv.bj,Benin,2025-09-30,2025-09,Sep 2025,,Alerte sanitaire : LABSSA met en garde contre un produit alimentaire dangereux pour enfants | Gouvernement de la République du Bénin,titre seul,Negative,1,0,0,0.6008
https://www.rfi.fr/fr/podcasts/priorit%C3%A9-sant%C3%A9/20250930-sant%C3%A9-mentale-vaincre-sa-peur-du-psy,Santé mentale  : vaincre sa peur du psy - Priorité santé,20250930T131500Z,French,rfi.fr,France,2025-09-30,2025-09,Sep 2025,"Si les troubles psychologiques touchent une grande partie de la population, le fait de passer la porte d’un cabinet peut s’avérer compliqué.","Santé mentale  : vaincre sa peur du psy - Priorité santé. Si les troubles psychologiques touchent une grande partie de la population, le fait de passer la porte d’un cabinet peut s’avérer compliqué.",titre+description,Negative,1,0,0,0.9133
https://fr.allafrica.com/stories/202509300437.html,Afrique : Initiative First Foods Africa à Cotonou - Un engagement pour la nutrition infantile et lautonomisation des communautés africaines,20250930T131500Z,French,fr.allafrica.com,Nigeria,2025-09-30,2025-09,Sep 2025,"Cotonou, Bénin - 29 septembre 2025 - L'UNICEF, en collaboration avec l'Union Africaine, le gouvernement béninois, et de nombreux partenaires internationaux, a lancé, le dimanche 28 septembre 2025, à la place de l'Amazone, First Foods Africa, une initiative ambitieuse visant à combattre la malnutrition infantile en Afrique et à promouvoir des systèmes alimentaires résilients et durables sur le continent.","Afrique : Initiative First Foods Africa à Cotonou - Un engagement pour la nutrition infantile et lautonomisation des communautés africaines. Cotonou, Bénin - 29 septembre 2025 - L'UNICEF, en collaboration avec l'Union Africaine, le gouvernement béninois, et de nombreux partenaires internationaux, a lancé, le dimanche 28 septembre 2025, à la place de l'Amazone, First Foods Africa, une initiative ambitieuse visant à combattre la malnutrition infantile en Afrique et à promouvoir des systèmes alimentaires résil",titre+description,Positive,0,0,1,0.7184
https://tribune.com.pk/story/2569809/s-africa-lose-world-cup-qualifying-points-over-ineligible-player,S . Africa lose World Cup qualifying points over ineligible player,20250930T130000Z,English,tribune.com.pk,Pakistan,2025-09-30,2025-09,Sep 2025,,S . Africa lose World Cup qualifying points over ineligible player,titre seul,Negative,1,0,0,0.8099
https://www.cameroun24.net/actualite-cameroun-info-Kerawa_sous_le_feu_de_Boko_Haram___La_resistance_c-70804.html,cameroun :: Lutte contre Boko Haram Kerawa sous le feu de Boko Haram : La résistance citoyenne face à la terreur :: ,20250930T123000Z,French,cameroun24.net,Cameroon,2025-09-30,2025-09,Sep 2025,La nuit du lundi ? mardi a ?t? le th??tre d'une nouvelle attaque d'une violence gla?ante perp?tr?e par la secte terroriste Boko Haram.,cameroun :: Lutte contre Boko Haram Kerawa sous le feu de Boko Haram : La résistance citoyenne face à la terreur ::. La nuit du lundi ? mardi a ?t? le th??tre d'une nouvelle attaque d'une violence gla?ante perp?tr?e par la secte terroriste Boko Haram.,titre+description,Negative,1,0,0,0.8451
https://www.cameroun24.net/actualite-cameroun-info-Thailande__Europe__Lufthansa___entre_pardon_royal_-70802.html,"cameroon :: International Thaïlande , Europe , Lufthansa : entre pardon royal , alerte climatique et virage numérique :: ",20250930T123000Z,French,cameroun24.net,Cameroon,2025-09-30,2025-09,Sep 2025,"L'actualit? internationale balance entre r?demption politique, urgence climatique et mutation économique. Trois ?v?nements majeurs retiennent l?attention : la...","cameroon :: International Thaïlande , Europe , Lufthansa : entre pardon royal , alerte climatique et virage numérique ::. L'actualit? internationale balance entre r?demption politique, urgence climatique et mutation économique. Trois ?v?nements majeurs retiennent l?attention : la...",titre+description,Negative,1,0,0,0.4594
https://www.blagoevgrad24.bg/novini/interesno/Selena-Gomes-razocharova-maika-si-2725731,Селена Гомес разочарова майка си,20250930T113000Z,Bulgarian,blagoevgrad24.bg,Bulgaria,2025-09-30,2025-09,Sep 2025,"Селена Гомес се омъжи за музикалния продуцент Бени Бланко в грандиозна церемония през уикенда, но празникът беше помрачен от семейна драма след изненадващо решение на певицата за това кой да я заведе до олтара.","Селена Гомес разочарова майка си. Селена Гомес се омъжи за музикалния продуцент Бени Бланко в грандиозна церемония през уикенда, но празникът беше помрачен от семейна драма след изненадващо решение на певицата за това кой да я заведе до олтара.",titre+description,Negative,1,0,0,0.6708
https://dailypost.ng/2025/09/30/sundry-markets-limited-clarifies-issue-regarding-its-sapele-road-benin-store-operations/,"Sundry Markets Limited clarifies issue regarding its Sapele Road , Benin store operations",20250930T110000Z,English,dailypost.ng,Nigeria,2025-09-30,2025-09,Sep 2025,"Sundry Markets Limited, owners of Marketsquare Supermarkets, wishes to clarify recent reports regarding the temporary sealing of our Sapele Road, Benin","Sundry Markets Limited clarifies issue regarding its Sapele Road , Benin store operations. Sundry Markets Limited, owners of Marketsquare Supermarkets, wishes to clarify recent reports regarding the temporary sealing of our Sapele Road, Benin",titre+description,Neutral,0,1,0,0.6222
https://tvn24.pl/polska/karol-nawrocki-nie-chce-zamkniecia-baltyku-zbyt-wczesnie-na-takie-deklaracje-st8674950,Karol Nawrocki nie chce zamknięcia Bałtyku .  Zbyt wcześnie na takie deklaracje  ,20250930T104500Z,Polish,tvn24.pl,Poland,2025-09-30,2025-09,Sep 2025,,Karol Nawrocki nie chce zamknięcia Bałtyku .  Zbyt wcześnie na takie deklaracje,titre seul,Negative,1,0,0,0.8031
https://lanouvelletribune.info/2025/09/80eme-ag-de-lonu-le-benin-signe-plusieurs-accords-bilateraux/,80ème AG de lONU : Le Bénin signe plusieurs accords bilatéraux – La Nouvelle Tribune,20250930T101500Z,French,lanouvelletribune.info,Benin,2025-09-30,2025-09,Sep 2025,"Le Bénin a pris part à la 80ᵉ session de l’Assemblée générale des Nations Unies à New York. La délégation béninoise, conduite par le ministre des Affaires étrangères, Olushegun Adjadi Bakari, a participé à plusieurs rencontres officielles et conclu divers accords de coopération.







Parmi les eng","80ème AG de lONU : Le Bénin signe plusieurs accords bilatéraux – La Nouvelle Tribune. Le Bénin a pris part à la 80ᵉ session de l’Assemblée générale des Nations Unies à New York. La délégation béninoise, conduite par le ministre des Affaires étrangères, Olushegun Adjadi Bakari, a participé à plusieurs rencontres officielles et conclu divers accords de coopération.







Parmi les eng",titre+description,Positive,0,0,1,0.5972
https://borgenproject.org/cepi/,Innovative Ways CEPI is Fighting Lassa Fever - The Borgen Project,20250930T101500Z,English,borgenproject.org,United States,2025-09-30,2025-09,Sep 2025,The Innovative ways CEPI is fighting Lassa Fever offer a blueprint for how the world can prepare for other epidemic threats....,Innovative Ways CEPI is Fighting Lassa Fever - The Borgen Project. The Innovative ways CEPI is fighting Lassa Fever offer a blueprint for how the world can prepare for other epidemic threats....,titre+description,Positive,0,0,1,0.4525
https://www.naijanews.com/2025/09/30/2026-world-cup-qualifiers-south-africa-to-appeal-fifa-sanction-over-mokoena-eligibility-row/,2026 World Cup Qualifiers : South Africa To Appeal FIFA Sanction Over Mokoena Eligibility Row,20250930T101500Z,English,naijanews.com,Nigeria,2025-09-30,2025-09,Sep 2025,The South African Football Association (SAFA) has confirmed it will challenge FIFA’s decision to deduct three points and impose a fine.,2026 World Cup Qualifiers : South Africa To Appeal FIFA Sanction Over Mokoena Eligibility Row. The South African Football Association (SAFA) has confirmed it will challenge FIFA’s decision to deduct three points and impose a fine.,titre+description,Negative,1,0,0,0.7475
https://www.varna24.bg/novini/interesno/Selena-Gomes-razbi-surceto-na-maika-si-2725728,Селена Гомес разби сърцето на майка си,20250930T094500Z,Bulgarian,varna24.bg,Bulgaria,2025-09-30,2025-09,Sep 2025,"Селена Гомес се омъжи за музикалния продуцент Бени Бланко в грандиозна церемония през уикенда, но празникът беше помрачен от семейна драма след изненадващо решение на певицата за това кой да я заведе до олтара.","Селена Гомес разби сърцето на майка си. Селена Гомес се омъжи за музикалния продуцент Бени Бланко в грандиозна церемония през уикенда, но празникът беше помрачен от семейна драма след изненадващо решение на певицата за това кой да я заведе до олтара.",titre+description,Neutral,0,1,0,0.4864
https://www.pleinevie.fr/sante/rhume-cette-astuce-toute-simple-validee-par-des-chercheurs-reduit-la-duree-de-2-jours-173201.html,Rhume : cette astuce toute simple validée par des chercheurs réduit la durée de 2 jours,20250930T094500Z,French,pleinevie.fr,France,2025-09-30,2025-09,Sep 2025,Une astuce simple validée par des chercheurs permet de réduire la durée du rhume de 2 jours grâce à un geste naturel et accessible à tous.,Rhume : cette astuce toute simple validée par des chercheurs réduit la durée de 2 jours. Une astuce simple validée par des chercheurs permet de réduire la durée du rhume de 2 jours grâce à un geste naturel et accessible à tous.,titre+description,Positive,0,0,1,0.7976
https://www.jeuneafrique.com/1726075/politique/comment-madiambal-diagne-patron-de-presse-influent-est-devenu-lun-des-hommes-les-plus-recherches-du-senegal/,"Comment Madiambal Diagne , patron de presse influent , est devenu lun des hommes les plus recherchés du Sénégal",20250930T091500Z,French,jeuneafrique.com,France,2025-09-30,2025-09,Sep 2025,Ce proche de Macky Sall a réussi à fuir le pays malgré une interdiction de sortie du territoire émise dans le cadre d’une enquête sur des transactions financières jugées suspectes. Sa femme et ses deux fils ont été arrêtés.,"Comment Madiambal Diagne , patron de presse influent , est devenu lun des hommes les plus recherchés du Sénégal. Ce proche de Macky Sall a réussi à fuir le pays malgré une interdiction de sortie du territoire émise dans le cadre d’une enquête sur des transactions financières jugées suspectes. Sa femme et ses deux fils ont été arrêtés.",titre+description,Negative,1,0,0,0.8938
https://www.tvanouvelles.ca/2025/09/30/bourses-pierre-peladeau-on-va-faire-des-merveilles-lintelligence-artificielle-va-aider-les-medecins,"Bourses Pierre - Péladeau : « On va faire des merveilles , lintelligence artificielle va aider les médecins » ",20250930T091500Z,French,tvanouvelles.ca,Canada,2025-09-30,2025-09,Sep 2025,Une Québécoise marquée par le deuil a créé un algorithme pour détecter les risques de cancer du poumon avant qu’il ne soit trop tard.,"Bourses Pierre - Péladeau : « On va faire des merveilles , lintelligence artificielle va aider les médecins ». Une Québécoise marquée par le deuil a créé un algorithme pour détecter les risques de cancer du poumon avant qu’il ne soit trop tard.",titre+description,Positive,0,0,1,0.789
https://leadership.ng/fgm-human-rights-issue-affecting-girl-child-women-unicef/,"FGM , Human Rights Issue Affecting Girl Child , Women – UNICEF",20250930T091500Z,English,leadership.ng,Nigeria,2025-09-30,2025-09,Sep 2025,,"FGM , Human Rights Issue Affecting Girl Child , Women – UNICEF",titre seul,Negative,1,0,0,0.5901
https://www.power-technology.com/news/premier-energies-solar-systems-benin/,"Premier Energies to install solar systems across Benin , West Africa",20250930T090000Z,English,power-technology.com,United Kingdom,2025-09-30,2025-09,Sep 2025,"Premier Energies has won contracts to supply and install solar power systems in the Republic of Benin, West Africa.","Premier Energies to install solar systems across Benin , West Africa. Premier Energies has won contracts to supply and install solar power systems in the Republic of Benin, West Africa.",titre+description,Positive,0,0,1,0.6401
https://leadership.ng/world-cup-hope-for-benin-nigeria-as-fifa-sanctions-south-africa/,"World Cup : Hope For Benin , Nigeria As FIFA Sanctions South Africa",20250930T084500Z,English,leadership.ng,Nigeria,2025-09-30,2025-09,Sep 2025,,"World Cup : Hope For Benin , Nigeria As FIFA Sanctions South Africa",titre seul,Negative,1,0,0,0.7705
https://thenationonlineng.net/world-cup-26-nigeria-benin-welcome-south-africa-sanction-as-mundial-race-opens-up/,"World Cup 26 :  Nigeria ,  Benin  welcome South Africa sanction as Mundial race opens up",20250930T084500Z,English,thenationonlineng.net,Nigeria,2025-09-30,2025-09,Sep 2025,"The Nation Newspaper World Cup 26: Nigeria,  Benin  welcome South Africa sanction as Mundial race opens up","World Cup 26 :  Nigeria ,  Benin  welcome South Africa sanction as Mundial race opens up. The Nation Newspaper World Cup 26: Nigeria,  Benin  welcome South Africa sanction as Mundial race opens up",titre+description,Neutral,0,1,0,0.5605
https://www.cameroun24.net/actualite-cameroun-info-Coup_de_tonnerre_sur_les_eliminatoires___L_Afrique-70796.html,"cameroun :: Coupe du Monde 2026 Coup de tonnerre sur les éliminatoires ! LAfrique du Sud foudroyée par la FIFA , le groupe B sens dessus dessous :: ",20250930T083000Z,French,cameroun24.net,Cameroon,2025-09-30,2025-09,Sep 2025,"Alignement d'un joueur suspendu, victoire transform?e en cauchemar, et le Bénin qui se frotte les mains : le coup de massue de la Commission de discipline fait...","cameroun :: Coupe du Monde 2026 Coup de tonnerre sur les éliminatoires ! LAfrique du Sud foudroyée par la FIFA , le groupe B sens dessus dessous ::. Alignement d'un joueur suspendu, victoire transform?e en cauchemar, et le Bénin qui se frotte les mains : le coup de massue de la Commission de discipline fait...",titre+description,Negative,1,0,0,0.7398
https://allafrica.com/stories/202509300023.html,South Africa : FIFA Deducts Three Points From Bafana Over Mokoena Debacle,20250930T083000Z,English,allafrica.com,Nigeria,2025-09-30,2025-09,Sep 2025,FIFA has stripped South Africa of three points and awarded Lesotho a 3-0 victory after Bafana Bafana fielded an ineligible player in a World Cup qualifier.,South Africa : FIFA Deducts Three Points From Bafana Over Mokoena Debacle. FIFA has stripped South Africa of three points and awarded Lesotho a 3-0 victory after Bafana Bafana fielded an ineligible player in a World Cup qualifier.,titre+description,Positive,0,0,1,0.3754
https://www.cameroun24.net/actualite-cameroun-info-Drame_sur_le_terrain___Le_jeune_gardien_Raul_Ramir-70797.html,cameroon :: Football Drame sur le terrain : Le jeune gardien Raul Ramirez succombe à une terrible blessure en plein match :: ,20250930T083000Z,French,cameroun24.net,Cameroon,2025-09-30,2025-09,Sep 2025,"La famille du football en deuil après le d?c?s du portier du club Colindres, fauch? en pleine fleur de l'âge lors d'un choc fatal.","cameroon :: Football Drame sur le terrain : Le jeune gardien Raul Ramirez succombe à une terrible blessure en plein match ::. La famille du football en deuil après le d?c?s du portier du club Colindres, fauch? en pleine fleur de l'âge lors d'un choc fatal.",titre+description,Negative,1,0,0,0.9177
https://allafrica.com/stories/202509300109.html,"Africa : All of Africa Today - September 30 , 2025",20250930T083000Z,English,allafrica.com,Nigeria,2025-09-30,2025-09,Sep 2025,,"Africa : All of Africa Today - September 30 , 2025",titre seul,Neutral,0,1,0,0.8883
https://www.africanews.com/2025/09/30/fifa-strips-south-africa-of-world-cup-qualifying-points-over-ineligible-player/,FIFA strips South Africa of World Cup qualifying points over ineligible player,20250930T083000Z,English,africanews.com,Nigeria,2025-09-30,2025-09,Sep 2025,,FIFA strips South Africa of World Cup qualifying points over ineligible player,titre seul,Negative,1,0,0,0.7395
https://businessdayghana.com/ghana-joins-international-charge-to-end-energy-poverty/,Ghana Joins International Charge to End Energy Poverty,20250930T083000Z,English,businessdayghana.com,Ghana,2025-09-30,2025-09,Sep 2025,"Ghana and sixteen other nations have signed onto Mission 300, a sweeping initiative led by the World Bank Group and the African Development Bank Group to","Ghana Joins International Charge to End Energy Poverty. Ghana and sixteen other nations have signed onto Mission 300, a sweeping initiative led by the World Bank Group and the African Development Bank Group to",titre+description,Positive,0,0,1,0.5338
https://www.bursa.ro/cm2026-africa-de-sud-a-pierdut-un-meci-la-masa-verde-41531752,CM2026 : Africa de Sud a pierdut un meci la masa verde,20250930T074500Z,Romanian,bursa.ro,Romania,2025-09-30,2025-09,Sep 2025,"Africa de Sud a fost sancÅ£ionatÄ, luni, cu o Ã®nfrÃ¢ngere la masa verde pentru cÄ a aliniat un jucÄtor suspendat Ã®n meciul Ã®mpotriva Lesotho din martie, calificativ pentru Cupa MondialÄ din 2026, a anunÅ£at FIFA","CM2026 : Africa de Sud a pierdut un meci la masa verde. Africa de Sud a fost sancÅ£ionatÄ, luni, cu o Ã®nfrÃ¢ngere la masa verde pentru cÄ a aliniat un jucÄtor suspendat Ã®n meciul Ã®mpotriva Lesotho din martie, calificativ pentru Cupa MondialÄ din 2026, a anunÅ£at FIFA",titre+description,Neutral,0,1,0,0.5264
https://time.mk/c/4808f7549d/foto-dua-lipa-e-na-odmor-vo-majami-nejzinite-novi-paparaco-fotografii-brzo-stanaa-ogromna-senzacija.html, ( Фото ) Дуа Липа е на одмор во Мајами : нејзините нови папарацо фотографии брзо станаа огромна сензација,20250930T074500Z,Macedonian,time.mk,Macedonia,2025-09-30,2025-09,Sep 2025,"ÐÐµÑÐ°ÑÐºÐ°ÑÐ° ÐÑÐ° ÐÐ¸Ð¿Ð° Ð¼Ð¾Ð¼ÐµÐ½ÑÐ°Ð»Ð½Ð¾ Ðµ Ð½Ð° Ð¾Ð´Ð¼Ð¾Ñ Ð²Ð¾ ÐÐ°ÑÐ°Ð¼Ð¸, Ð¸ÑÐºÐ¾ÑÐ¸ÑÑÑÐ²Ð°ÑÑÐ¸ ÑÐ° ÐºÑÐ°ÑÐºÐ°ÑÐ° Ð¿Ð°ÑÐ·Ð° ÑÑÐ¾ ÑÐ° Ð¸Ð¼Ð° Ð¿Ð¾Ð¼ÐµÑÑ Ð½Ð°ÑÑÐ°Ð¿Ð¸ÑÐµ. Ð¡ÐµÐºÐ°ÐºÐ¾, Ð¿Ð°Ð¿Ð°ÑÐ°ÑÐ¸ÑÐµ ÑÐ° ÑÐ»ÐµÐ´Ð°Ñ Ð²Ð½Ð¸Ð¼Ð°ÑÐµÐ»Ð½Ð¾, Ð¿Ð° Ð²ÐµÐ´Ð½Ð°Ñ Ð½Ð°Ð¿ÑÐ°Ð²Ð¸ÑÐ° Ð½ÐµÐºÐ¾Ð»ÐºÑ ÑÐ½Ð¸Ð¼ÐºÐ¸ Ð¾Ð´ Ð±Ð°Ð·ÐµÐ½Ð¾Ñ Ð´Ð¾Ð´ÐµÐºÐ° Ð¿ÐµÑÐ°ÑÐºÐ°ÑÐ° ÑÐµ ÑÐ¾Ð½ÑÐ°ÑÐµ Ð¸ ÑÐ¶Ð¸Ð²Ð°ÑÐµ.","( Фото ) Дуа Липа е на одмор во Мајами : нејзините нови папарацо фотографии брзо станаа огромна сензација. ÐÐµÑÐ°ÑÐºÐ°ÑÐ° ÐÑÐ° ÐÐ¸Ð¿Ð° Ð¼Ð¾Ð¼ÐµÐ½ÑÐ°Ð»Ð½Ð¾ Ðµ Ð½Ð° Ð¾Ð´Ð¼Ð¾Ñ Ð²Ð¾ ÐÐ°ÑÐ°Ð¼Ð¸, Ð¸ÑÐºÐ¾ÑÐ¸ÑÑÑÐ²Ð°ÑÑÐ¸ ÑÐ° ÐºÑÐ°ÑÐºÐ°ÑÐ° Ð¿Ð°ÑÐ·Ð° ÑÑÐ¾ ÑÐ° Ð¸Ð¼Ð° Ð¿Ð¾Ð¼ÐµÑÑ Ð½Ð°ÑÑÐ°Ð¿Ð¸ÑÐµ. Ð¡ÐµÐºÐ°ÐºÐ¾, Ð¿Ð°Ð¿Ð°ÑÐ°ÑÐ¸ÑÐµ ÑÐ° ÑÐ»ÐµÐ´Ð°Ñ Ð²Ð½Ð¸Ð¼Ð°ÑÐµÐ»Ð½Ð¾, Ð¿Ð° Ð²ÐµÐ´Ð½Ð°Ñ Ð½Ð°Ð¿ÑÐ°Ð²Ð¸ÑÐ° Ð½ÐµÐºÐ¾Ð»ÐºÑ ÑÐ½Ð¸Ð¼ÐºÐ¸ Ð¾Ð´ Ð±Ð°Ð·ÐµÐ½Ð¾Ñ Ð´Ð¾Ð´ÐµÐºÐ° Ð¿ÐµÑÐ°ÑÐºÐ°ÑÐ° ÑÐµ ",titre+description,Neutral,0,1,0,0.4526
https://dailytrust.com/2-abducted-in-kogi-communities/,2 abducted in Kogi communities,20250930T074500Z,English,dailytrust.com,Niger,2025-09-30,2025-09,Sep 2025,Hoodlums suspected to be kidnappers have reportedly abducted two people between Akpanya and Magajia villages along the Lokoja-Abuja highway in the Kogi Local...,2 abducted in Kogi communities. Hoodlums suspected to be kidnappers have reportedly abducted two people between Akpanya and Magajia villages along the Lokoja-Abuja highway in the Kogi Local...,titre+description,Negative,1,0,0,0.7878
https://plusinfo.mk/tramp-go-povika-hamas-da-go-prifati-mirovniot-plan-edna-od-kluchnite-tochki-e-razoruzhuva-e-na-hamas/,ТРАМП ГО ПОВИКА ХАМАС ДА ГО ПРИФАТИ МИРОВНИОТ ПЛАН Една од клучните точки е разоружување на Хамас,20250930T073000Z,Macedonian,plusinfo.mk,Macedonia,2025-09-30,2025-09,Sep 2025,"Нетанјаху порача дека Израел го прифаќа планот, оценувајќи дека со него се постигнуваат воените цели – враќање на сите израелски заложници, уништување на воените капацитети на Хамас, крај на неговото политичко управување и гаранција дека Газа никогаш повеќе нема да биде закана за Израел.","ТРАМП ГО ПОВИКА ХАМАС ДА ГО ПРИФАТИ МИРОВНИОТ ПЛАН Една од клучните точки е разоружување на Хамас. Нетанјаху порача дека Израел го прифаќа планот, оценувајќи дека со него се постигнуваат воените цели – враќање на сите израелски заложници, уништување на воените капацитети на Хамас, крај на неговото политичко управување и гаранција дека Газа никогаш повеќе нема да биде закана за Израел.",titre+description,Neutral,0,1,0,0.5205
https://kurir.mk/vesti/svet/tramp-vreme-e-hamas-da-go-prifati-mirovniot-plan-za-gaza/,Трамп : Време е Хамас да го прифати мировниот план за Газа,20250930T070000Z,Macedonian,kurir.mk,Macedonia,2025-09-30,2025-09,Sep 2025,"Американскиот претседател Доналд Трамп изјави дека е време палестинското исламистичко движење Хамас да го прифати мировниот план за иднината на Газа, кој тој го усогласи со израелскиот премиер Бенјамин Нетанјаху.","Трамп : Време е Хамас да го прифати мировниот план за Газа. Американскиот претседател Доналд Трамп изјави дека е време палестинското исламистичко движење Хамас да го прифати мировниот план за иднината на Газа, кој тој го усогласи со израелскиот премиер Бенјамин Нетанјаху.",titre+description,Neutral,0,1,0,0.6639
https://www.vesti.bg/lyubopitno/30-septemvri-ot-pergamenta-kym-pechata-knigata-koiato-promeni-istoriiata-6239365,"30 септември : От пергамента към печата – книгата , която промени историята",20250930T063000Z,Bulgarian,vesti.bg,Bulgaria,2025-09-30,2025-09,Sep 2025,На 30 септември 1452 г. в германския град Майнц излиза първата печатана книга в света – прочутата Библия на Гутенберг. Това събитие бележи началото на нова... Прочетете цялата новина тук на Vesti.bg,"30 септември : От пергамента към печата – книгата , която промени историята. На 30 септември 1452 г. в германския град Майнц излиза първата печатана книга в света – прочутата Библия на Гутенберг. Това събитие бележи началото на нова... Прочетете цялата новина тук на Vesti.bg",titre+description,Neutral,0,1,0,0.7771
https://www.vesti.bg/sviat/trymp-prizova-hamas-da-prieme-mirnoto-predlozhenie-za-gaza-kakvo-otvyrna-isliamistkoto-dvizhenie-6239582,Тръмп призова  Хамас  да приеме мирното предложение за Газа,20250930T063000Z,Bulgarian,vesti.bg,Bulgaria,2025-09-30,2025-09,Sep 2025,"Президентът на САЩ Доналд Тръмп заяви, че е време палестинското ислямистко движение &amp;quotХамас&amp;quot да приеме мирното предложение за бъдещето на ... Прочетете цялата новина тук на Vesti.bg","Тръмп призова  Хамас  да приеме мирното предложение за Газа. Президентът на САЩ Доналд Тръмп заяви, че е време палестинското ислямистко движение &amp;quotХамас&amp;quot да приеме мирното предложение за бъдещето на ... Прочетете цялата новина тук на Vesti.bg",titre+description,Neutral,0,1,0,0.779
https://allafrica.com/stories/202509300073.html,Nigeria : Peter Obi Is Labour Party Problem - Factional Edo Chair,20250930T063000Z,English,allafrica.com,Nigeria,2025-09-30,2025-09,Sep 2025,"A factional Chairman of the Edo State chapter of the Labour Party, Elizabeth Ativie, has accused the party's presidential candidate in the 2023 general election, Peter Obi, of being the party's problem.","Nigeria : Peter Obi Is Labour Party Problem - Factional Edo Chair. A factional Chairman of the Edo State chapter of the Labour Party, Elizabeth Ativie, has accused the party's presidential candidate in the 2023 general election, Peter Obi, of being the party's problem.",titre+description,Negative,1,0,0,0.7751
https://time.mk/c/505dd15728/foto-uste-edna-ozempik-kralica-racete-i-se-kako-grancinja-sto-se-sluci.html," ( Фото ) Уште една Оземпик кралица ? „ Рацете ѝ се како гранчиња , што се случи ? ",20250930T054500Z,Macedonian,time.mk,Macedonia,2025-09-30,2025-09,Sep 2025,"ÐÐ¾Ð·Ð½Ð°ÑÐ°ÑÐ° Ð¿ÐµÑÐ°ÑÐºÐ° ÐÐ´ÐµÐ» Ð±ÐµÑÐµ ÐµÐ´Ð½Ð° Ð¾Ð´ Ð³Ð¾ÑÑÐ¸Ð½ÐºÐ¸ÑÐµ Ð½Ð° ÑÐ²Ð°Ð´Ð±Ð°ÑÐ° Ð½Ð° Ð¡ÐµÐ»ÐµÐ½Ð° ÐÐ¾Ð¼ÐµÐ· Ð¸ ÐÐµÐ½Ð¸ ÐÐ»Ð°Ð½ÐºÐ¾. ÐÐ²Ð¾ÑÐºÐ°ÑÐ° ÑÃ¨ Ð¾ÑÐ³Ð°Ð½Ð¸Ð·Ð¸ÑÐ°ÑÐµ ÑÐ°ÐºÐ° ÑÑÐ¾ Ð¼Ð½Ð¾Ð³Ñ Ð¼Ð°Ð»ÐºÑ Ð¸Ð½ÑÐ¾ÑÐ¼Ð°ÑÐ¸Ð¸ Ð¿ÑÐ¾ÑÐµÐºÐ¾Ð° Ð²Ð¾ ÑÐ°Ð²Ð½Ð¾ÑÑÐ°, Ð½Ð¾ ÑÐµÐ¿Ð°Ðº, Ð½ÐµÐºÐ¾Ð¸ ÑÐ¾ÑÐ¾Ð³ÑÐ°ÑÐ¸Ð¸ ÑÐµ Ð¿Ð¾ÑÐ°Ð²Ð¸ÑÐ° Ð½Ð° ÑÐ¾ÑÐ¸ÑÐ°Ð»Ð½Ð¸ÑÐµ Ð¼ÑÐµÐ¶Ð¸.","( Фото ) Уште една Оземпик кралица ? „ Рацете ѝ се како гранчиња , што се случи ?. ÐÐ¾Ð·Ð½Ð°ÑÐ°ÑÐ° Ð¿ÐµÑÐ°ÑÐºÐ° ÐÐ´ÐµÐ» Ð±ÐµÑÐµ ÐµÐ´Ð½Ð° Ð¾Ð´ Ð³Ð¾ÑÑÐ¸Ð½ÐºÐ¸ÑÐµ Ð½Ð° ÑÐ²Ð°Ð´Ð±Ð°ÑÐ° Ð½Ð° Ð¡ÐµÐ»ÐµÐ½Ð° ÐÐ¾Ð¼ÐµÐ· Ð¸ ÐÐµÐ½Ð¸ ÐÐ»Ð°Ð½ÐºÐ¾. ÐÐ²Ð¾ÑÐºÐ°ÑÐ° ÑÃ¨ Ð¾ÑÐ³Ð°Ð½Ð¸Ð·Ð¸ÑÐ°ÑÐµ ÑÐ°ÐºÐ° ÑÑÐ¾ Ð¼Ð½Ð¾Ð³Ñ Ð¼Ð°Ð»ÐºÑ Ð¸Ð½ÑÐ¾ÑÐ¼Ð°ÑÐ¸Ð¸ Ð¿ÑÐ¾ÑÐµÐºÐ¾Ð° Ð²Ð¾ ÑÐ°Ð²Ð½Ð¾ÑÑÐ°, Ð½Ð¾ ÑÐµÐ¿Ð°Ðº, Ð½ÐµÐºÐ¾Ð¸ ÑÐ¾ÑÐ¾Ð³ÑÐ°ÑÐ¸Ð¸ ÑÐµ Ð¿Ð¾ÑÐ°Ð²Ð¸ÑÐ° Ð½Ð° ÑÐ¾ÑÐ¸ÑÐ°Ð»Ð½Ð¸ÑÐµ Ð¼ÑÐµÐ¶Ð¸.",titre+description,Neutral,0,1,0,0.4522
https://dailypost.ng/2025/09/30/outrage-among-ex-super-eagles-players-as-nff-blames-troost-ekong-dessers-for-south-africa-draw/,"Outrage among ex - Super Eagles players as NFF blames Troost - Ekong , Dessers for South Africa draw",20250930T054500Z,English,dailypost.ng,Nigeria,2025-09-30,2025-09,Sep 2025,"In the aftermath of Nigeria's recent disappointing 2026 FIFA World Cup qualifier 1-1 draw against South Africa, the Nigeria Football Federation, NFF,","Outrage among ex - Super Eagles players as NFF blames Troost - Ekong , Dessers for South Africa draw. In the aftermath of Nigeria's recent disappointing 2026 FIFA World Cup qualifier 1-1 draw against South Africa, the Nigeria Football Federation, NFF,",titre+description,Negative,1,0,0,0.9301
https://www.record.com.mx/futbol/futbol-internacional/internacionales/fifa-sanciona-sudafrica-y-su-clasificacion-rumbo-la,FIFA sanciona a Sudáfrica y su clasificación rumbo a la Copa del Mundo peligra,20250930T053000Z,Spanish,record.com.mx,Mexico,2025-09-30,2025-09,Sep 2025,"A falta de menos de un año, la Seguir leyendo.","FIFA sanciona a Sudáfrica y su clasificación rumbo a la Copa del Mundo peligra. A falta de menos de un año, la Seguir leyendo.",titre+description,Neutral,0,1,0,0.5467
https://www.ecofinagency.com/news-industry/3009-49107-benin-bets-on-private-sector-to-reach-universal-electricity-by-2030,Benin bets on private sector to reach universal electricity by 2030,20250930T053000Z,English,ecofinagency.com,Nigeria,2025-09-30,2025-09,Sep 2025,"National plan targets universal electricity and 50% clean cooking by 2030
€816 mln investment planned, with private sector covering 76%
Strategy","Benin bets on private sector to reach universal electricity by 2030. National plan targets universal electricity and 50% clean cooking by 2030
€816 mln investment planned, with private sector covering 76%
Strategy",titre+description,Positive,0,0,1,0.5662
https://www.nationalaccordnewspaper.com/fifa-sanction-south-africa-for-fielding-ineligible-player-in-world-cup-qualifier/,FIFA sanctions South Africa for fielding ineligible player in World Cup qualifier,20250930T051500Z,English,nationalaccordnewspaper.com,Nigeria,2025-09-30,2025-09,Sep 2025,"South Africa have forfeited a World Cup qualifying match against Lesotho for fielding an ineligible player, world football governing body FIFA announced on","FIFA sanctions South Africa for fielding ineligible player in World Cup qualifier. South Africa have forfeited a World Cup qualifying match against Lesotho for fielding an ineligible player, world football governing body FIFA announced on",titre+description,Negative,1,0,0,0.8866
https://www.actualno.com/curious/kakvo-e-tikvata-plod-ili-zelenchuk-news_2497830.html,Какво е тиквата – плод или зеленчук ? ,20250930T044500Z,Bulgarian,actualno.com,Bulgaria,2025-09-30,2025-09,Sep 2025,"Тиквите, както и други американски растения, първоначално са били приемани с повишено внимание и са били използвани като храна за свине. Но с течение на ...","Какво е тиквата – плод или зеленчук ?. Тиквите, както и други американски растения, първоначално са били приемани с повишено внимание и са били използвани като храна за свине. Но с течение на ...",titre+description,Neutral,0,1,0,0.7897
https://www.myjoyonline.com/south-africas-2026-world-cup-hopes-hit-by-forfeit-2/,South Africa 2026 World Cup hopes hit by forfeit,20250930T044500Z,English,myjoyonline.com,Ghana,2025-09-30,2025-09,Sep 2025,South Africa's hopes of qualifying for the 2026 FIFA World Cup have suffered a major blow after they were sanctioned for fielding an ineligible player.,South Africa 2026 World Cup hopes hit by forfeit. South Africa's hopes of qualifying for the 2026 FIFA World Cup have suffered a major blow after they were sanctioned for fielding an ineligible player.,titre+description,Negative,1,0,0,0.9318
https://peoplesdailyng.com/2026-world-cup-race-nigeria-gets-lifeline-as-fifa-deducts-south-africa-3-points/,2026 World Cup Race : Nigeria Gets Lifeline as FIFA Deducts South Africa 3 Points,20250930T041500Z,English,peoplesdailyng.com,Nigeria,2025-09-30,2025-09,Sep 2025,"Oops, looks like the page is lost.","2026 World Cup Race : Nigeria Gets Lifeline as FIFA Deducts South Africa 3 Points. Oops, looks like the page is lost.",titre+description,Negative,1,0,0,0.8497
https://peoplesdailyng.com/npfl-matchday-6-10-man-insurance-draw-against-bayelsa-utd/,NPFL Matchday 6 : 10 - man Insurance Draw Against Bayelsa Utd,20250930T041500Z,English,peoplesdailyng.com,Nigeria,2025-09-30,2025-09,Sep 2025,"Oops, looks like the page is lost.","NPFL Matchday 6 : 10 - man Insurance Draw Against Bayelsa Utd. Oops, looks like the page is lost.",titre+description,Negative,1,0,0,0.6894
https://www.thisdaylive.com/2025/09/30/world-cup-qualifiers-safrica-to-challenge-fifa-on-points-deduction/,World Cup Qualifiers : SAfrica to Challenge FIFA on Points Deduction – THISDAYLIVE,20250930T040000Z,English,thisdaylive.com,Nigeria,2025-09-30,2025-09,Sep 2025,,World Cup Qualifiers : SAfrica to Challenge FIFA on Points Deduction – THISDAYLIVE,titre seul,Neutral,0,1,0,0.7769
https://www.naijanews.com/2025/09/30/top-nigerian-newspaper-headlines-for-today-tuesday-30th-september-2025/,"Top Nigerian Newspaper Headlines For Today , Tuesday , 30th September , 2025",20250930T034500Z,English,naijanews.com,Nigeria,2025-09-30,2025-09,Sep 2025,"Good morning Nigeria. Welcome to the Naija News roundup of top newspaper headlines in Nigeria for today, Tuesday, 30th September, 2025 1. FG Cancels","Top Nigerian Newspaper Headlines For Today , Tuesday , 30th September , 2025. Good morning Nigeria. Welcome to the Naija News roundup of top newspaper headlines in Nigeria for today, Tuesday, 30th September, 2025 1. FG Cancels",titre+description,Neutral,0,1,0,0.4878
http://www.zimbabwestar.com/news/278608840/south-africa-docked-three-world-cup-qualifying-points-over-ineligible-player,South Africa docked three World Cup qualifying points over ineligible player,20250930T034500Z,English,zimbabwestar.com,Zimbabwe,2025-09-30,2025-09,Sep 2025,"CAPE TOWN, Sept. 29 (Xinhua) -- South Africa has been deducted three points in the 2026 World Cup qualifiers after fielding an ineligible player, the .....","South Africa docked three World Cup qualifying points over ineligible player. CAPE TOWN, Sept. 29 (Xinhua) -- South Africa has been deducted three points in the 2026 World Cup qualifiers after fielding an ineligible player, the .....",titre+description,Neutral,0,1,0,0.4633
https://leadership.ng/nigeria-at-65-tinubus-reforms-are-delivering-results-federal-govt/,Nigeria At 65 : Tinubu Reforms Are Delivering Results – Federal Govt,20250930T033000Z,English,leadership.ng,Nigeria,2025-09-30,2025-09,Sep 2025,,Nigeria At 65 : Tinubu Reforms Are Delivering Results – Federal Govt,titre seul,Positive,0,0,1,0.5413
https://time.mk/ai/3393173813/mk/,Time Aнализа,20250930T031500Z,Macedonian,time.mk,Macedonia,2025-09-30,2025-09,Sep 2025,,Time Aнализа,titre seul,Neutral,0,1,0,0.6466
https://dailytrust.com/nigerias-world-cup-hopes-revived-as-fifa-sanctions-south-africa/,Nigeria World Cup hopes revived as FIFA sanctions South Africa – Daily Trust,20250930T031500Z,English,dailytrust.com,Niger,2025-09-30,2025-09,Sep 2025,Nigeria’s chances of reaching the 2026 FIFA World Cup have been handed a major boost after FIFA sanctioned South Africa for fielding an ineligible player...,Nigeria World Cup hopes revived as FIFA sanctions South Africa – Daily Trust. Nigeria’s chances of reaching the 2026 FIFA World Cup have been handed a major boost after FIFA sanctioned South Africa for fielding an ineligible player...,titre+description,Positive,0,0,1,0.7298
https://economictimes.indiatimes.com/markets/stocks/news/stocks-in-news-lt-mm-tata-motors-reliance-power-bel/articleshow/124217150.cms,"stocks in news : Stocks in news : L & T , M & M , Tata Motors , Reliance Power , BEL",20250930T031500Z,English,economictimes.indiatimes.com,India,2025-09-30,2025-09,Sep 2025,Markets saw volatility but ended flat after a recent slide. L&T secured a $700 million facility. M&M sold its Sampo Rosenlew stake. Premier Energies won $19.95 million solar contracts. Reliance Power sold Indonesian coal entities. BEL secured Rs 1092 crore orders. IRFC inked two loan agreements. Tata Motors faced a rating downgrade. Godrej Agrovet received a Sebi warning.,"stocks in news : Stocks in news : L & T , M & M , Tata Motors , Reliance Power , BEL. Markets saw volatility but ended flat after a recent slide. L&T secured a $700 million facility. M&M sold its Sampo Rosenlew stake. Premier Energies won $19.95 million solar contracts. Reliance Power sold Indonesian coal entities. BEL secured Rs 1092 crore orders. IRFC inked two loan agreements. Tata Motors faced a rating downgrade. Godrej Agrovet received a Sebi warning.",titre+description,Neutral,0,1,0,0.5135
https://www.unoentrerios.com.ar/ovacion/la-fifa-sanciono-sudafrica-y-puso-peligro-su-clasificacion-al-mundial-2026-n10221613.html,La FIFA sancionó a Sudáfrica y puso en peligro su clasificación al Mundial 2026,20250930T024500Z,Spanish,unoentrerios.com.ar,Argentina,2025-09-30,2025-09,Sep 2025,La Capital,La FIFA sancionó a Sudáfrica y puso en peligro su clasificación al Mundial 2026. La Capital,titre+description,Negative,1,0,0,0.9181
https://www.arise.tv/2026-wcq-fifa-strips-south-africa-of-three-points-for-fielding-ineligible-player/,2026 WCQ : FIFA Strips South Africa Of Three Points For Fielding Ineligible Player,20250930T020000Z,English,arise.tv,,2025-09-30,2025-09,Sep 2025,"South Africa drop from first to second in Group C after FIFA sanctions, boosting Benin, Nigeria, and Rwanda’s qualification hopes.","2026 WCQ : FIFA Strips South Africa Of Three Points For Fielding Ineligible Player. South Africa drop from first to second in Group C after FIFA sanctions, boosting Benin, Nigeria, and Rwanda’s qualification hopes.",titre+description,Neutral,0,1,0,0.4394
https://fakti.bg/world/1003667-svetat-privetstva-plana-na-tramp-za-gaza-chaka-se-otgovorat-na-hamas,"Светът приветства плана на Тръмп за Газа , чака се отговорът на Хамас ᐉ Новини от Fakti . bg - Свят",20250930T020000Z,Bulgarian,fakti.bg,Bulgaria,2025-09-30,2025-09,Sep 2025,"Много страни по света, начело с арабски и мюсюлмански държави, приветстваха вчера мирния план, представен от американския президент Доналд Тръмп за прекратяване на войната в ивицата Газа, о","Светът приветства плана на Тръмп за Газа , чака се отговорът на Хамас ᐉ Новини от Fakti . bg - Свят. Много страни по света, начело с арабски и мюсюлмански държави, приветстваха вчера мирния план, представен от американския президент Доналд Тръмп за прекратяване на войната в ивицата Газа, о",titre+description,Neutral,0,1,0,0.749
http://www.bignewsnetwork.com/news/278608840/south-africa-docked-three-world-cup-qualifying-points-over-ineligible-player,South Africa docked three World Cup qualifying points over ineligible player,20250930T014500Z,English,bignewsnetwork.com,United States,2025-09-30,2025-09,Sep 2025,"CAPE TOWN, Sept. 29 (Xinhua) -- South Africa has been deducted three points in the 2026 World Cup qualifiers after fielding an ineligible player, the .....","South Africa docked three World Cup qualifying points over ineligible player. CAPE TOWN, Sept. 29 (Xinhua) -- South Africa has been deducted three points in the 2026 World Cup qualifiers after fielding an ineligible player, the .....",titre+description,Neutral,0,1,0,0.4633
https://www.thehindubusinessline.com/markets/share-market-nifty-sensex-live-updates-30-september-2025/article70108651.ece,Stock Market Live Updates 30th Sept 2025 : Stock to buy today : Indian Oil Corporation,20250930T014500Z,English,thehindubusinessline.com,India,2025-09-30,2025-09,Sep 2025,"Stock Market today | Share Market Highlights - Find here all the Highlights related to Sensex, Nifty, BSE, NSE, share prices and Indian stock markets for 30th September 2025.","Stock Market Live Updates 30th Sept 2025 : Stock to buy today : Indian Oil Corporation. Stock Market today | Share Market Highlights - Find here all the Highlights related to Sensex, Nifty, BSE, NSE, share prices and Indian stock markets for 30th September 2025.",titre+description,Neutral,0,1,0,0.8249
https://akhbarlibya24.net/2025/09/29/%D8%A7%D9%84%D8%A3%D9%87%D9%84%D9%8A-%D8%B7%D8%B1%D8%A7%D8%A8%D9%84%D8%B3-%D9%8A%D9%88%D8%A7%D8%B5%D9%84-%D8%A7%D9%84%D9%85%D8%B4%D9%88%D8%A7%D8%B1-%D8%A7%D9%84%D9%82%D8%A7%D8%B1%D9%8A,الأهلي طرابلس يواصل المشوار القاري والأخضر يودّع مبكراً,20250930T013000Z,Arabic,akhbarlibya24.net,Libya,2025-09-30,2025-09,Sep 2025,,الأهلي طرابلس يواصل المشوار القاري والأخضر يودّع مبكراً,titre seul,Positive,0,0,1,0.808
https://lanouvelletribune.info/2025/09/benin-daniel-edah-alerte-sur-une-tentative-de-manipulation/,Bénin : Daniel Edah alerte sur une tentative de manipulation,20250930T011500Z,French,lanouvelletribune.info,Benin,2025-09-30,2025-09,Sep 2025,"Daniel Edah, candidat déclaré à la présidentielle de 2026 et nouvel adhérent du parti Les Démocrates (LD), a réagi ce lundi 29 septembre 2025 à ce qu’il présente comme une tentative d’atteinte à son image. Dans une déclaration publique diffusée sur sa page Facebook, il affirme avoir été approché dan","Bénin : Daniel Edah alerte sur une tentative de manipulation. Daniel Edah, candidat déclaré à la présidentielle de 2026 et nouvel adhérent du parti Les Démocrates (LD), a réagi ce lundi 29 septembre 2025 à ce qu’il présente comme une tentative d’atteinte à son image. Dans une déclaration publique diffusée sur sa page Facebook, il affirme avoir été approché dan",titre+description,Negative,1,0,0,0.6702
https://lanouvelletribune.info/2025/09/benin-que-se-passe-t-il-au-sein-de-la-federation-daviron/,Bénin : Que se passe - t - il au sein de la Fédération dAviron ? – La Nouvelle Tribune,20250930T003000Z,French,lanouvelletribune.info,Benin,2025-09-30,2025-09,Sep 2025,"Le Championnat National d’Aviron 2025, annoncé comme un temps fort du calendrier sportif, aurait tourné au fiasco. Là où l’on attendait une mobilisation générale, seules deux formations ont répondu présentes tandis qu’une majorité de clubs, d’arbitres et de membres du comité exécutif n’étaient pas p","Bénin : Que se passe - t - il au sein de la Fédération dAviron ? – La Nouvelle Tribune. Le Championnat National d’Aviron 2025, annoncé comme un temps fort du calendrier sportif, aurait tourné au fiasco. Là où l’on attendait une mobilisation générale, seules deux formations ont répondu présentes tandis qu’une majorité de clubs, d’arbitres et de membres du comité exécutif n’étaient pas p",titre+description,Negative,1,0,0,0.8312
https://timesofindia.indiatimes.com/city/noida/from-handicrafts-to-textile-foreign-buyers-weave-new-ties-at-third-international-trade-show/articleshow/124220347.cms,"From handicrafts to textile , foreign buyers weave new ties at third international trade show | Noida News",20250930T001500Z,English,timesofindia.indiatimes.com,India,2025-09-30,2025-09,Sep 2025,"Noida: The third edition of UP International Trade Show (UPITS) emerged as a bridge between Indian exporters and new global markets, thanks to a surge.","From handicrafts to textile , foreign buyers weave new ties at third international trade show | Noida News. Noida: The third edition of UP International Trade Show (UPITS) emerged as a bridge between Indian exporters and new global markets, thanks to a surge.",titre+description,Neutral,0,1,0,0.5003
https://www.gouv.bj/article/3279/amelioration-climat-affaires-afrique-cotonou-accueille-premiere-edition-saajic/,Amélioration du climat des affaires en Afrique : Cotonou accueille la première édition de la SAAJIC,20250929T234500Z,French,gouv.bj,Benin,2025-09-29,2025-09,Sep 2025,,Amélioration du climat des affaires en Afrique : Cotonou accueille la première édition de la SAAJIC,titre seul,Positive,0,0,1,0.8682
https://www.gouv.bj:443/article/3279/amelioration-climat-affaires-afrique-cotonou-accueille-premiere-edition-saajic/,Amélioration du climat des affaires en Afrique : Cotonou accueille la première édition de la SAAJIC,20250929T234500Z,French,gouv.bj,Benin,2025-09-29,2025-09,Sep 2025,,Amélioration du climat des affaires en Afrique : Cotonou accueille la première édition de la SAAJIC,titre seul,Positive,0,0,1,0.8682
https://www.elpais.com.uy/ovacion/futbol/de-no-creer-fifa-sanciono-a-sudafrica-por-poner-a-un-jugador-suspendido-y-peligra-su-chance-de-ir-al-mundial,De no creer : FIFA sancionó a Sudáfrica por poner a un jugador suspendido y peligra su chance de ir al Mundial,20250929T231500Z,Spanish,elpais.com.uy,Uruguay,2025-09-29,2025-09,Sep 2025,"Los Bafana banafa violaron el artículo 19 del Comité Disciplinario al alinear a Teboho Mokoena, tras haber acumulado dos amarillas, declaró la casa madre del fútbol internacional.","De no creer : FIFA sancionó a Sudáfrica por poner a un jugador suspendido y peligra su chance de ir al Mundial. Los Bafana banafa violaron el artículo 19 del Comité Disciplinario al alinear a Teboho Mokoena, tras haber acumulado dos amarillas, declaró la casa madre del fútbol internacional.",titre+description,Negative,1,0,0,0.9429
https://www.biobiochile.cl/noticias/deportes/futbol-internacional/notas-futbol-internacional/2025/09/29/sudafrica-recibe-sancion-de-fifa-por-alineacion-indebida-en-duelo-de-eliminatoria-a-norteamerica-2026.shtml,Sudáfrica recibe sanción de FIFA por alineación indebida en duelo de Eliminatoria a Norteamérica 2026 | Fútbol,20250929T214500Z,Spanish,biobiochile.cl,Chile,2025-09-29,2025-09,Sep 2025,"SudÃ¡frica ve complicada sus opciones de clasificar al Mundial NorteamÃ©rica 2026, luego de ser sancionada por la FIFA acusada de...","Sudáfrica recibe sanción de FIFA por alineación indebida en duelo de Eliminatoria a Norteamérica 2026 | Fútbol. SudÃ¡frica ve complicada sus opciones de clasificar al Mundial NorteamÃ©rica 2026, luego de ser sancionada por la FIFA acusada de...",titre+description,Negative,1,0,0,0.874
https://www.elobservador.com.uy/futbol-internacional/la-fifa-le-saco-tres-puntos-una-seleccion-alineacion-indebida-y-peligra-su-clasificacion-al-mundial-2026-n6018900,La FIFA le sacó tres puntos a una selección por alineación indebida y peligra su clasificación al Mundial 2026,20250929T214500Z,Spanish,elobservador.com.uy,Uruguay,2025-09-29,2025-09,Sep 2025,Una fuerte decisión de la FIFA que complica a un seleccionado en las Eliminatorias para la Copa del Mundo de 2026,La FIFA le sacó tres puntos a una selección por alineación indebida y peligra su clasificación al Mundial 2026. Una fuerte decisión de la FIFA que complica a un seleccionado en las Eliminatorias para la Copa del Mundo de 2026,titre+description,Negative,1,0,0,0.8331
https://www.namibian.com.na/south-africas-2026-world-cup-hopes-hit-by-forfeit/,South Africa 2026 World Cup hopes hit by forfeit - News,20250929T211500Z,English,namibian.com.na,Namibia,2025-09-29,2025-09,Sep 2025,South Africa's hopes of qualifying for the 2026 Fifa World Cup have suffered a major blow after they were sanctioned for fielding an ineligible player. Teboho […],South Africa 2026 World Cup hopes hit by forfeit - News. South Africa's hopes of qualifying for the 2026 Fifa World Cup have suffered a major blow after they were sanctioned for fielding an ineligible player. Teboho […],titre+description,Negative,1,0,0,0.9124
https://www.pulzo.com/deportes/futbol/fifa-sanciono-sudafrica-alinear-teboho-mokoena-indebidamente-que-paso-PP4816083A,Fifa sancionó a Sudáfrica por alinear a Teboho Mokoena indebidamente : qué pasó,20250929T200000Z,Spanish,pulzo.com,Colombia,2025-09-29,2025-09,Sep 2025,Fifa sancionó a la selección de Sudáfrica por alinear indebidamente a Teboho Mokoena en triunfo ante Lesoto en Eliminatorias: detalles y qué pasó,Fifa sancionó a Sudáfrica por alinear a Teboho Mokoena indebidamente : qué pasó. Fifa sancionó a la selección de Sudáfrica por alinear indebidamente a Teboho Mokoena en triunfo ante Lesoto en Eliminatorias: detalles y qué pasó,titre+description,Neutral,0,1,0,0.5062
https://www.aqlame.com/node/39907,شـبكات النفوذ والتحالفات التي أوصلت سيدي ولد التاه إلى رئاسة البنك الإفريقي للتنمية,20250929T193000Z,Arabic,aqlame.com,Mauritania,2025-09-29,2025-09,Sep 2025,أقلام - من تعبئة الدبلوماسية الموريتانية إلى ثقل أبيدجان ودعم الخليج، يكشف هذا الملف كيف تداخلت دوائر النفوذ الإفريقية والعربية لصناعة فوز تاريخي لرجل وُصف بأنه مهندس شراكات الجنوب–جنوب في القارة.,شـبكات النفوذ والتحالفات التي أوصلت سيدي ولد التاه إلى رئاسة البنك الإفريقي للتنمية. أقلام - من تعبئة الدبلوماسية الموريتانية إلى ثقل أبيدجان ودعم الخليج، يكشف هذا الملف كيف تداخلت دوائر النفوذ الإفريقية والعربية لصناعة فوز تاريخي لرجل وُصف بأنه مهندس شراكات الجنوب–جنوب في القارة.,titre+description,Positive,0,0,1,0.5058
https://www.unian.net/world/chvk-vagner-wsj-uznalo-o-planah-pentagona-zanyat-mesto-rossiyskih-naemnikov-v-afrike-13146678.html,ЧВК Вагнер - WSJ узнало о планах Пентагона занять место российских наемников в Африке УНИАН,20250929T193000Z,Russian,unian.net,Ukraine,2025-09-29,2025-09,Sep 2025,"Правительства африканский стран начинают обращаться к США за помощью, ведь после распада российского Вагнера они сталкиваются с проблемами из-за повстанцев.","ЧВК Вагнер - WSJ узнало о планах Пентагона занять место российских наемников в Африке УНИАН. Правительства африканский стран начинают обращаться к США за помощью, ведь после распада российского Вагнера они сталкиваются с проблемами из-за повстанцев.",titre+description,Negative,1,0,0,0.5152
http://www.asiabulletin.com/news/278607822/ningbo-in-light-and-shadow-special-exhibition-opened-in-madrid,  Ningbo in Light and Shadow  Special Exhibition Opened in Madrid,20250929T193000Z,English,asiabulletin.com,China,2025-09-29,2025-09,Sep 2025,"NINGBO, China, Sept. 29, 2025 /PRNewswire/ -- The year 2025 marks both the 50th anniversary of diplomatic relations between China and the European Union and the 20th anniversary of the Comprehensive Strategic Partnership between China and Spain. On 26 September 2025, the ""Ningbo in Light and Shadow"" Special Exhibition opened at the China Cultural Center in Madrid (Centro Cultural de China en Madrid). The exhibition, which has toured 19 countries and attracted wide attention, arrives in Madrid as the show's first presentation in Western Europe and as an important initiative responding to the Action Plan for Strengthening the Comprehensive Strategic Partnership between the People's Republic of China and the Kingdom of Spain (2025-2028). VIPs from China, the UN World Tourism Organization, the Chinese Embassy in Spain, and other entities inaugurated the exhibition. The exhibition is organized by the Ningbo International Communication Center, with strong support from the China Cultural Center in Madrid and the China National Tourism Office in Madrid (Oficina Nacional de Turismo de China en Madrid). It is divided into four chapters - ""Shared Beauty of China and Spain,"" ""Happiness and Harmony,"" ""Urban and Rural Charm,"" and ""Dynamic Growth"" - and each photograph is accompanied by bilingual captions in Chinese and Spanish, showcasing cultural exchange and mutual learning between China and Spain as well as Ningbo's urban development journey and landscape. The opening ceremony drew more than 100 guests, including representatives from the UN World Tourism Organization (UNWTO), Chinese institutions in Spain, Spanish government officials and representatives from various sectors, Chinese business associations in Spain, and members of the media. The ""Ningbo in Light and Shadow"" exhibition uses the art of photography to tell the story of Ningbo, a major eastern port city, and its history of international exchange; it stands as a model for promoting dialogue that moves beyond material exchange to spiritual engagement, highlighting interaction between East and West. Since its inaugural launch in Cambodia in May 2024, the exhibition has toured 19 countries - including Bangladesh, the United States, Canada, and Benin - attracting nearly 460,000 visitors and receiving widespread acclaim. The official social media account of the Office of the Prime Minister of Cambodia liked and shared related posts twice, and the Chinese Embassy in Canada posted on its overseas account: ""Ningbo has showcased its unparalleled beauty and charm to Canadian audiences. While the city's name means 'a peaceful sea with calm waves,' its passion for international exchange is as vibrant as splashing water."" ""Ningbo's history, told through light, shadow and photography, symbolizes China's opening-up and stands as a testament to the city's journey alongside the world,"" said Marcel Leijzar, Deputy Director of the Department of International Development and Cooperation at the UN World Tourism Organization. Scene from the opening ceremony.","Ningbo in Light and Shadow  Special Exhibition Opened in Madrid. NINGBO, China, Sept. 29, 2025 /PRNewswire/ -- The year 2025 marks both the 50th anniversary of diplomatic relations between China and the European Union and the 20th anniversary of the Comprehensive Strategic Partnership between China and Spain. On 26 September 2025, the ""Ningbo in Light and Shadow"" Special Exhibition opened at the China Cultural Center in Madrid (Centro Cultural de China en Madrid). The exhibition, which has toured 19 countri",titre+description,Neutral,0,1,0,0.7307
https://www.20minutos.es/mujer/moda/londres-albergara-su-propia-met-gala-este-octubre-museo-britanico_6401667_0.html,Londres albergará su propia  MET Gala  este octubre en el Museo Británico,20250929T191500Z,Spanish,20minutos.es,Spain,2025-09-29,2025-09,Sep 2025,El Museo Británico albergará un evento benéfico al estilo de la 'MET Gala' neoyorquina a mediados de octubre.,Londres albergará su propia  MET Gala  este octubre en el Museo Británico. El Museo Británico albergará un evento benéfico al estilo de la 'MET Gala' neoyorquina a mediados de octubre.,titre+description,Neutral,0,1,0,0.6372
http://www.sydneysun.com/news/278607822/ningbo-in-light-and-shadow-special-exhibition-opened-in-madrid,  Ningbo in Light and Shadow  Special Exhibition Opened in Madrid,20250929T191500Z,English,sydneysun.com,Australia,2025-09-29,2025-09,Sep 2025,"NINGBO, China, Sept. 29, 2025 /PRNewswire/ -- The year 2025 marks both the 50th anniversary of diplomatic relations between China and the European Union and the 20th anniversary of the Comprehensive Strategic Partnership between China and Spain. On 26 September 2025, the ""Ningbo in Light and Shadow"" Special Exhibition opened at the China Cultural Center in Madrid (Centro Cultural de China en Madrid). The exhibition, which has toured 19 countries and attracted wide attention, arrives in Madrid as the show's first presentation in Western Europe and as an important initiative responding to the Action Plan for Strengthening the Comprehensive Strategic Partnership between the People's Republic of China and the Kingdom of Spain (2025-2028). VIPs from China, the UN World Tourism Organization, the Chinese Embassy in Spain, and other entities inaugurated the exhibition. The exhibition is organized by the Ningbo International Communication Center, with strong support from the China Cultural Center in Madrid and the China National Tourism Office in Madrid (Oficina Nacional de Turismo de China en Madrid). It is divided into four chapters - ""Shared Beauty of China and Spain,"" ""Happiness and Harmony,"" ""Urban and Rural Charm,"" and ""Dynamic Growth"" - and each photograph is accompanied by bilingual captions in Chinese and Spanish, showcasing cultural exchange and mutual learning between China and Spain as well as Ningbo's urban development journey and landscape. The opening ceremony drew more than 100 guests, including representatives from the UN World Tourism Organization (UNWTO), Chinese institutions in Spain, Spanish government officials and representatives from various sectors, Chinese business associations in Spain, and members of the media. The ""Ningbo in Light and Shadow"" exhibition uses the art of photography to tell the story of Ningbo, a major eastern port city, and its history of international exchange; it stands as a model for promoting dialogue that moves beyond material exchange to spiritual engagement, highlighting interaction between East and West. Since its inaugural launch in Cambodia in May 2024, the exhibition has toured 19 countries - including Bangladesh, the United States, Canada, and Benin - attracting nearly 460,000 visitors and receiving widespread acclaim. The official social media account of the Office of the Prime Minister of Cambodia liked and shared related posts twice, and the Chinese Embassy in Canada posted on its overseas account: ""Ningbo has showcased its unparalleled beauty and charm to Canadian audiences. While the city's name means 'a peaceful sea with calm waves,' its passion for international exchange is as vibrant as splashing water."" ""Ningbo's history, told through light, shadow and photography, symbolizes China's opening-up and stands as a testament to the city's journey alongside the world,"" said Marcel Leijzar, Deputy Director of the Department of International Development and Cooperation at the UN World Tourism Organization. Scene from the opening ceremony.","Ningbo in Light and Shadow  Special Exhibition Opened in Madrid. NINGBO, China, Sept. 29, 2025 /PRNewswire/ -- The year 2025 marks both the 50th anniversary of diplomatic relations between China and the European Union and the 20th anniversary of the Comprehensive Strategic Partnership between China and Spain. On 26 September 2025, the ""Ningbo in Light and Shadow"" Special Exhibition opened at the China Cultural Center in Madrid (Centro Cultural de China en Madrid). The exhibition, which has toured 19 countri",titre+description,Neutral,0,1,0,0.7307
https://www.portalaz.com.br/colunas/39/direto-da-redacao/58072/vietna-ja-passa-do-brasil-na-producao-de-cafe-e-castanha-de-caju/,Vietnã já passa do Brasil na produo de café e castanha de caju | Direto da Redao,20250929T191500Z,Portuguese,portalaz.com.br,Brazil,2025-09-29,2025-09,Sep 2025,Surra do VietnãEstá hoje na Folha de S. Paulo que o Brasil toma surra do Vietnã em diversas áreas entre as quais o agronegócio.Cultivando café há muito menos …,Vietnã já passa do Brasil na produo de café e castanha de caju | Direto da Redao. Surra do VietnãEstá hoje na Folha de S. Paulo que o Brasil toma surra do Vietnã em diversas áreas entre as quais o agronegócio.Cultivando café há muito menos …,titre+description,Neutral,0,1,0,0.4881
https://www.okay.ng/fifa-hands-south-africa-3-0-defeat-for-using-ineligible-player-in-world-cup-qualifier/,FIFA Hands South Africa 3 - 0 Defeat for Using Ineligible Player in World Cup Qualifier • Okay . ng,20250929T191500Z,English,okay.ng,Nigeria,2025-09-29,2025-09,Sep 2025,The Fédération Internationale de Football Association (FIFA) has nullified South Africa’s victory over Lesotho in the 2026 World Cup qualifying series after it was discovered that an ineligible player was fielded in the match....,FIFA Hands South Africa 3 - 0 Defeat for Using Ineligible Player in World Cup Qualifier • Okay . ng. The Fédération Internationale de Football Association (FIFA) has nullified South Africa’s victory over Lesotho in the 2026 World Cup qualifying series after it was discovered that an ineligible player was fielded in the match....,titre+description,Negative,1,0,0,0.5406
https://ziare.com/fifa/decizie-controversata-preliminarii-campionatul-mondial-1967214,"Decizie controversată luată de FIFA , în preliminariile Campionatului Mondial",20250929T180000Z,Romanian,ziare.com,Romania,2025-09-29,2025-09,Sep 2025,"Echipa națională de fotbal a Africii de Sud a fost penalizată cu trei puncte de către FIFA pentru folosirea unui jucător neeligibil în timpul unui meci din preliminariile Cupei Mondiale de anul viitor, reducând astfel șansele calificării la turneul final, conform agenției Reuters.","Decizie controversată luată de FIFA , în preliminariile Campionatului Mondial. Echipa națională de fotbal a Africii de Sud a fost penalizată cu trei puncte de către FIFA pentru folosirea unui jucător neeligibil în timpul unui meci din preliminariile Cupei Mondiale de anul viitor, reducând astfel șansele calificării la turneul final, conform agenției Reuters.",titre+description,Neutral,0,1,0,0.7694
https://saharareporters.com/2025/09/29/asuu-issues-14-day-ultimatum-tinubu-govt-threatens-fresh-strike-over-neglect-nigerian,"ASUU Issues 14 - Day Ultimatum To Tinubu Govt , Threatens Fresh Strike Over Neglect Of Nigerian Universities",20250929T180000Z,English,saharareporters.com,Nigeria,2025-09-29,2025-09,Sep 2025,"The Academic Staff Union of Universities (ASUU) has threatened to embark on strike action within the next two weeks. This decision by the lecturers was reached at its National Executive Council (NEC) meeting held in Abuja on Sunday. Following the meeting, the Union issued a 14-day ultimatum to the Federal Government of Nigeria. According to the National President of the Union, Prof. Chris Piwuna, the government has failed to meet its expectations.","ASUU Issues 14 - Day Ultimatum To Tinubu Govt , Threatens Fresh Strike Over Neglect Of Nigerian Universities. The Academic Staff Union of Universities (ASUU) has threatened to embark on strike action within the next two weeks. This decision by the lecturers was reached at its National Executive Council (NEC) meeting held in Abuja on Sunday. Following the meeting, the Union issued a 14-day ultimatum to the Federal Government of Nigeria. According to the National President of the Union, Prof. Chris Piwuna, th",titre+description,Negative,1,0,0,0.6546
http://www.australiannews.net/news/278607822/ningbo-in-light-and-shadow-special-exhibition-opened-in-madrid,  Ningbo in Light and Shadow  Special Exhibition Opened in Madrid,20250929T180000Z,English,australiannews.net,Australia,2025-09-29,2025-09,Sep 2025,"NINGBO, China, Sept. 29, 2025 /PRNewswire/ -- The year 2025 marks both the 50th anniversary of diplomatic relations between China and the European Union and the 20th anniversary of the Comprehensive Strategic Partnership between China and Spain. On 26 September 2025, the Ningbo in Light and Shadow Special Exhibition opened at the China Cultural Center in Madrid (Centro Cultural de China en Madrid). The exhibition, which has toured 19 countries and attracted wide attention, arrives in Madrid as the show's first presentation in Western Europe and as an important initiative responding to the Action Plan for Strengthening the Comprehensive Strategic Partnership between the People's Republic of China and the Kingdom of Spain (2025-2028). VIPs from China, the UN World Tourism Organization, the Chinese Embassy in Spain, and other entities inaugurated the exhibition. The exhibition is organized by the Ningbo International Communication Center, with strong support from the China Cultural Center in Madrid and the China National Tourism Office in Madrid (Oficina Nacional de Turismo de China en Madrid). It is divided into four chapters - Shared Beauty of China and Spain, Happiness and Harmony, Urban and Rural Charm, and Dynamic Growth - and each photograph is accompanied by bilingual captions in Chinese and Spanish, showcasing cultural exchange and mutual learning between China and Spain as well as Ningbo's urban development journey and landscape. The opening ceremony drew more than 100 guests, including representatives from the UN World Tourism Organization (UNWTO), Chinese institutions in Spain, Spanish government officials and representatives from various sectors, Chinese business associations in Spain, and members of the media. The Ningbo in Light and Shadow exhibition uses the art of photography to tell the story of Ningbo, a major eastern port city, and its history of international exchange; it stands as a model for promoting dialogue that moves beyond material exchange to spiritual engagement, highlighting interaction between East and West. Since its inaugural launch in Cambodia in May 2024, the exhibition has toured 19 countries - including Bangladesh, the United States, Canada, and Benin - attracting nearly 460,000 visitors and receiving widespread acclaim. The official social media account of the Office of the Prime Minister of Cambodia liked and shared related posts twice, and the Chinese Embassy in Canada posted on its overseas account: Ningbo has showcased its unparalleled beauty and charm to Canadian audiences. While the city's name means 'a peaceful sea with calm waves,' its passion for international exchange is as vibrant as splashing water. Ningbo's history, told through light, shadow and photography, symbolizes China's opening-up and stands as a testament to the city's journey alongside the world, said Marcel Leijzar, Deputy Director of the Department of International Development and Cooperation at the UN World Tourism Organization. Scene from the opening ceremony.","Ningbo in Light and Shadow  Special Exhibition Opened in Madrid. NINGBO, China, Sept. 29, 2025 /PRNewswire/ -- The year 2025 marks both the 50th anniversary of diplomatic relations between China and the European Union and the 20th anniversary of the Comprehensive Strategic Partnership between China and Spain. On 26 September 2025, the Ningbo in Light and Shadow Special Exhibition opened at the China Cultural Center in Madrid (Centro Cultural de China en Madrid). The exhibition, which has toured 19 countries",titre+description,Neutral,0,1,0,0.7383
https://kawowo.com/2025/09/29/how-fifa-sanction-on-south-africa-affects-group-c-in-the-world-cup-qualifiers/,Benin takes charge in Group C after South Africa are docked points,20250929T180000Z,English,kawowo.com,Uganda,2025-09-29,2025-09,Sep 2025,,Benin takes charge in Group C after South Africa are docked points,titre seul,Neutral,0,1,0,0.6171
https://www.afrik-foot.com/coupe-du-monde-2026-q-la-fifa-sanctionne-lafrique-du-sud-changement-de-leader-dans-le-groupe-c-officiel,"Coupe du monde 2026 ( Q ) : la FIFA sanctionne lAfrique du Sud , changement de leader dans le groupe C ! ( officiel ) ",20250929T180000Z,French,afrik-foot.com,Morocco,2025-09-29,2025-09,Sep 2025,"Comme pressenti, la course au Mondial 2026 est complètement relancée avec la sanction qui vient de s’abattre sur l’Afrique du Sud.","Coupe du monde 2026 ( Q ) : la FIFA sanctionne lAfrique du Sud , changement de leader dans le groupe C ! ( officiel ). Comme pressenti, la course au Mondial 2026 est complètement relancée avec la sanction qui vient de s’abattre sur l’Afrique du Sud.",titre+description,Negative,1,0,0,0.512
https://saharareporters.com/2025/09/29/fifa-deducts-3-points-3-goals-south-africa-fielding-ineligible-player-during-world-cup,"FIFA Deducts 3 Points , 3 Goals From South Africa For Fielding Ineligible Player During World Cup Qualifier",20250929T180000Z,English,saharareporters.com,Nigeria,2025-09-29,2025-09,Sep 2025,"South Africa’s hopes of qualifying for the 2026 FIFA World Cup have been thrown into chaos after world football governing body, FIFA, slammed heavy sanctions on the country’s football body for fielding an ineligible player. In a decision announced on Monday, FIFA’s Disciplinary Committee ruled that midfielder Teboho Mokoena, who should have been serving a suspension for accumulated yellow cards, was illegally fielded in the March 21 clash against Lesotho. South Africa had won the game 2-0.","FIFA Deducts 3 Points , 3 Goals From South Africa For Fielding Ineligible Player During World Cup Qualifier. South Africa’s hopes of qualifying for the 2026 FIFA World Cup have been thrown into chaos after world football governing body, FIFA, slammed heavy sanctions on the country’s football body for fielding an ineligible player. In a decision announced on Monday, FIFA’s Disciplinary Committee ruled that midfielder Teboho Mokoena, who should have been serving a suspension for accumulated yellow cards, was ",titre+description,Negative,1,0,0,0.8089
https://saharareporters.com/2025/09/29/tinubu-government-begin-new-tax-policies-nigerians-january-2026,Tinubu Government To Begin New Tax Policies For Nigerians In January 2026,20250929T174500Z,English,saharareporters.com,Nigeria,2025-09-29,2025-09,Sep 2025,"The President Bola Tinubu-led Nigerian government has announced that it will commence the implementation of four new tax laws, dubbed the “Tax Acts quartet”, in January 2026, a move it claims will expand the country’s revenue base while reducing the burden of taxation on citizens. The Minister of Information and National Orientation, Mohammed Idris, disclosed this during a press conference in Abuja on Monday to mark Nigeria’s 65th Independence anniversary.","Tinubu Government To Begin New Tax Policies For Nigerians In January 2026. The President Bola Tinubu-led Nigerian government has announced that it will commence the implementation of four new tax laws, dubbed the “Tax Acts quartet”, in January 2026, a move it claims will expand the country’s revenue base while reducing the burden of taxation on citizens. The Minister of Information and National Orientation, Mohammed Idris, disclosed this during a press conference in Abuja on Monday to mark Nigeria’s 65th In",titre+description,Neutral,0,1,0,0.4958
https://hallmarknews.com/2026-wcq-nigeria-handed-lifeline-as-fifa-penalises-south-africa-for-ineligible-player/,2026 WCQ : Nigeria handed lifeline as FIFA penalises South Africa for ineligible player,20250929T163000Z,English,hallmarknews.com,Nigeria,2025-09-29,2025-09,Sep 2025,Nigeria,2026 WCQ : Nigeria handed lifeline as FIFA penalises South Africa for ineligible player. Nigeria,titre+description,Negative,1,0,0,0.7472
https://fr.allafrica.com/stories/202509290361.html,Congo - Brazzaville : Carrousel international de la mode - La 12e édition tenue dans la ville océane,20250929T163000Z,French,fr.allafrica.com,Nigeria,2025-09-29,2025-09,Sep 2025,"En présence de Philippe Mboumba Madiela, conseiller socio-culturel du maire de Pointe-Noire et de plusieurs autorités, la douzième édition du Carrousel international de la mode s'est déroulée du 25 au 27 septembre. Un rendez-vous culturel de la mode africaine qui célèbre chaque année à Pointe-Noire la créativité et le génie africain dans l'art vestimentaire et l'habillement.","Congo - Brazzaville : Carrousel international de la mode - La 12e édition tenue dans la ville océane. En présence de Philippe Mboumba Madiela, conseiller socio-culturel du maire de Pointe-Noire et de plusieurs autorités, la douzième édition du Carrousel international de la mode s'est déroulée du 25 au 27 septembre. Un rendez-vous culturel de la mode africaine qui célèbre chaque année à Pointe-Noire la créativité et le génie africain dans l'art vestimentaire et l'habillement.",titre+description,Positive,0,0,1,0.4642
http://www.philippinetimes.com/news/278607822/ningbo-in-light-and-shadow-special-exhibition-opened-in-madrid,  Ningbo in Light and Shadow  Special Exhibition Opened in Madrid,20250929T161500Z,English,philippinetimes.com,Philippines,2025-09-29,2025-09,Sep 2025,"NINGBO, China, Sept. 29, 2025 /PRNewswire/ -- The year 2025 marks both the 50th anniversary of diplomatic relations between China and the European Union and the 20th anniversary of the Comprehensive Strategic Partnership between China and Spain. On 26 September 2025, the ""Ningbo in Light and Shadow"" Special Exhibition opened at the China Cultural Center in Madrid (Centro Cultural de China en Madrid). The exhibition, which has toured 19 countries and attracted wide attention, arrives in Madrid as the show's first presentation in Western Europe and as an important initiative responding to the Action Plan for Strengthening the Comprehensive Strategic Partnership between the People's Republic of China and the Kingdom of Spain (2025-2028). VIPs from China, the UN World Tourism Organization, the Chinese Embassy in Spain, and other entities inaugurated the exhibition. The exhibition is organized by the Ningbo International Communication Center, with strong support from the China Cultural Center in Madrid and the China National Tourism Office in Madrid (Oficina Nacional de Turismo de China en Madrid). It is divided into four chapters - ""Shared Beauty of China and Spain,"" ""Happiness and Harmony,"" ""Urban and Rural Charm,"" and ""Dynamic Growth"" - and each photograph is accompanied by bilingual captions in Chinese and Spanish, showcasing cultural exchange and mutual learning between China and Spain as well as Ningbo's urban development journey and landscape. The opening ceremony drew more than 100 guests, including representatives from the UN World Tourism Organization (UNWTO), Chinese institutions in Spain, Spanish government officials and representatives from various sectors, Chinese business associations in Spain, and members of the media. The ""Ningbo in Light and Shadow"" exhibition uses the art of photography to tell the story of Ningbo, a major eastern port city, and its history of international exchange; it stands as a model for promoting dialogue that moves beyond material exchange to spiritual engagement, highlighting interaction between East and West. Since its inaugural launch in Cambodia in May 2024, the exhibition has toured 19 countries - including Bangladesh, the United States, Canada, and Benin - attracting nearly 460,000 visitors and receiving widespread acclaim. The official social media account of the Office of the Prime Minister of Cambodia liked and shared related posts twice, and the Chinese Embassy in Canada posted on its overseas account: ""Ningbo has showcased its unparalleled beauty and charm to Canadian audiences. While the city's name means 'a peaceful sea with calm waves,' its passion for international exchange is as vibrant as splashing water."" ""Ningbo's history, told through light, shadow and photography, symbolizes China's opening-up and stands as a testament to the city's journey alongside the world,"" said Marcel Leijzar, Deputy Director of the Department of International Development and Cooperation at the UN World Tourism Organization. Scene from the opening ceremony.","Ningbo in Light and Shadow  Special Exhibition Opened in Madrid. NINGBO, China, Sept. 29, 2025 /PRNewswire/ -- The year 2025 marks both the 50th anniversary of diplomatic relations between China and the European Union and the 20th anniversary of the Comprehensive Strategic Partnership between China and Spain. On 26 September 2025, the ""Ningbo in Light and Shadow"" Special Exhibition opened at the China Cultural Center in Madrid (Centro Cultural de China en Madrid). The exhibition, which has toured 19 countri",titre+description,Neutral,0,1,0,0.7307
https://www.chronicle.lu/category/abroad/57048-luxembourg-signs-new-bilateral-international-agreements-at-unga80,Luxembourg Signs New Bilateral & International Agreements at UNGA80,20250929T160000Z,English,chronicle.lu,Luxembourg,2025-09-29,2025-09,Sep 2025,"On Saturday 27 September 2025, Luxembourg’s Ministry of Foreign and European Affairs, Defence, Cooperation... }}","Luxembourg Signs New Bilateral & International Agreements at UNGA80. On Saturday 27 September 2025, Luxembourg’s Ministry of Foreign and European Affairs, Defence, Cooperation... }}",titre+description,Neutral,0,1,0,0.8752
https://www.naijanews.com/2025/09/29/super-eagles-2025-world-cup-hopes-ignite-as-fifa-strips-south-africa-of-win/,Super Eagle 2025 World Cup Hopes Ignite As FIFA Strips South Africa Of Win,20250929T160000Z,English,naijanews.com,Nigeria,2025-09-29,2025-09,Sep 2025,South Africa’s hopes of returning to the FIFA World Cup have taken a heavy blow after football’s governing body stripped the team of a win.,Super Eagle 2025 World Cup Hopes Ignite As FIFA Strips South Africa Of Win. South Africa’s hopes of returning to the FIFA World Cup have taken a heavy blow after football’s governing body stripped the team of a win.,titre+description,Negative,1,0,0,0.607
https://www.thecable.ng/breaking-south-africa-docked-three-points-for-fielding-ineligible-player-in-w-cup-qualifier/,WCQ : Hope for Eagles as South Africa get points deduction for fielding ineligible player,20250929T160000Z,English,thecable.ng,Nigeria,2025-09-29,2025-09,Sep 2025,FIFA has finally sanctioned the Bafana Bafana of South Africa for fielding an ineligible player in one of their qualifying matches.,WCQ : Hope for Eagles as South Africa get points deduction for fielding ineligible player. FIFA has finally sanctioned the Bafana Bafana of South Africa for fielding an ineligible player in one of their qualifying matches.,titre+description,Positive,0,0,1,0.5612
https://www.ewn.co.za/2025/09/29/s-africa-lose-world-cup-qualifying-points-over-ineligible-player,South Africa lose World Cup qualifying points over ineligible player,20250929T160000Z,English,ewn.co.za,South Africa,2025-09-29,2025-09,Sep 2025,"South Africa's 2-0 victory on March 21 in Polokwane has been replaced with a 3-0 defeat meaning they drop to second place in Group C of the African qualifiers, behind Benin on goal difference, while Lesotho remain fifth.","South Africa lose World Cup qualifying points over ineligible player. South Africa's 2-0 victory on March 21 in Polokwane has been replaced with a 3-0 defeat meaning they drop to second place in Group C of the African qualifiers, behind Benin on goal difference, while Lesotho remain fifth.",titre+description,Negative,1,0,0,0.3962
http://www.malaysiasun.com/news/278607822/ningbo-in-light-and-shadow-special-exhibition-opened-in-madrid,  Ningbo in Light and Shadow  Special Exhibition Opened in Madrid,20250929T154500Z,English,malaysiasun.com,Malaysia,2025-09-29,2025-09,Sep 2025,"NINGBO, China, Sept. 29, 2025 /PRNewswire/ -- The year 2025 marks both the 50th anniversary of diplomatic relations between China and the European Union and the 20th anniversary of the Comprehensive Strategic Partnership between China and Spain. On 26 September 2025, the ""Ningbo in Light and Shadow"" Special Exhibition opened at the China Cultural Center in Madrid (Centro Cultural de China en Madrid). The exhibition, which has toured 19 countries and attracted wide attention, arrives in Madrid as the show's first presentation in Western Europe and as an important initiative responding to the Action Plan for Strengthening the Comprehensive Strategic Partnership between the People's Republic of China and the Kingdom of Spain (2025-2028). VIPs from China, the UN World Tourism Organization, the Chinese Embassy in Spain, and other entities inaugurated the exhibition. The exhibition is organized by the Ningbo International Communication Center, with strong support from the China Cultural Center in Madrid and the China National Tourism Office in Madrid (Oficina Nacional de Turismo de China en Madrid). It is divided into four chapters - ""Shared Beauty of China and Spain,"" ""Happiness and Harmony,"" ""Urban and Rural Charm,"" and ""Dynamic Growth"" - and each photograph is accompanied by bilingual captions in Chinese and Spanish, showcasing cultural exchange and mutual learning between China and Spain as well as Ningbo's urban development journey and landscape. The opening ceremony drew more than 100 guests, including representatives from the UN World Tourism Organization (UNWTO), Chinese institutions in Spain, Spanish government officials and representatives from various sectors, Chinese business associations in Spain, and members of the media. The ""Ningbo in Light and Shadow"" exhibition uses the art of photography to tell the story of Ningbo, a major eastern port city, and its history of international exchange; it stands as a model for promoting dialogue that moves beyond material exchange to spiritual engagement, highlighting interaction between East and West. Since its inaugural launch in Cambodia in May 2024, the exhibition has toured 19 countries - including Bangladesh, the United States, Canada, and Benin - attracting nearly 460,000 visitors and receiving widespread acclaim. The official social media account of the Office of the Prime Minister of Cambodia liked and shared related posts twice, and the Chinese Embassy in Canada posted on its overseas account: ""Ningbo has showcased its unparalleled beauty and charm to Canadian audiences. While the city's name means 'a peaceful sea with calm waves,' its passion for international exchange is as vibrant as splashing water."" ""Ningbo's history, told through light, shadow and photography, symbolizes China's opening-up and stands as a testament to the city's journey alongside the world,"" said Marcel Leijzar, Deputy Director of the Department of International Development and Cooperation at the UN World Tourism Organization. Scene from the opening ceremony.","Ningbo in Light and Shadow  Special Exhibition Opened in Madrid. NINGBO, China, Sept. 29, 2025 /PRNewswire/ -- The year 2025 marks both the 50th anniversary of diplomatic relations between China and the European Union and the 20th anniversary of the Comprehensive Strategic Partnership between China and Spain. On 26 September 2025, the ""Ningbo in Light and Shadow"" Special Exhibition opened at the China Cultural Center in Madrid (Centro Cultural de China en Madrid). The exhibition, which has toured 19 countri",titre+description,Neutral,0,1,0,0.7307
http://www.vietnamtribune.com/news/278607822/ningbo-in-light-and-shadow-special-exhibition-opened-in-madrid,  Ningbo in Light and Shadow  Special Exhibition Opened in Madrid,20250929T154500Z,English,vietnamtribune.com,Vietnam,2025-09-29,2025-09,Sep 2025,"NINGBO, China, Sept. 29, 2025 /PRNewswire/ -- The year 2025 marks both the 50th anniversary of diplomatic relations between China and the European Union and the 20th anniversary of the Comprehensive Strategic Partnership between China and Spain. On 26 September 2025, the ""Ningbo in Light and Shadow"" Special Exhibition opened at the China Cultural Center in Madrid (Centro Cultural de China en Madrid). The exhibition, which has toured 19 countries and attracted wide attention, arrives in Madrid as the show's first presentation in Western Europe and as an important initiative responding to the Action Plan for Strengthening the Comprehensive Strategic Partnership between the People's Republic of China and the Kingdom of Spain (2025-2028). VIPs from China, the UN World Tourism Organization, the Chinese Embassy in Spain, and other entities inaugurated the exhibition. The exhibition is organized by the Ningbo International Communication Center, with strong support from the China Cultural Center in Madrid and the China National Tourism Office in Madrid (Oficina Nacional de Turismo de China en Madrid). It is divided into four chapters - ""Shared Beauty of China and Spain,"" ""Happiness and Harmony,"" ""Urban and Rural Charm,"" and ""Dynamic Growth"" - and each photograph is accompanied by bilingual captions in Chinese and Spanish, showcasing cultural exchange and mutual learning between China and Spain as well as Ningbo's urban development journey and landscape. The opening ceremony drew more than 100 guests, including representatives from the UN World Tourism Organization (UNWTO), Chinese institutions in Spain, Spanish government officials and representatives from various sectors, Chinese business associations in Spain, and members of the media. The ""Ningbo in Light and Shadow"" exhibition uses the art of photography to tell the story of Ningbo, a major eastern port city, and its history of international exchange; it stands as a model for promoting dialogue that moves beyond material exchange to spiritual engagement, highlighting interaction between East and West. Since its inaugural launch in Cambodia in May 2024, the exhibition has toured 19 countries - including Bangladesh, the United States, Canada, and Benin - attracting nearly 460,000 visitors and receiving widespread acclaim. The official social media account of the Office of the Prime Minister of Cambodia liked and shared related posts twice, and the Chinese Embassy in Canada posted on its overseas account: ""Ningbo has showcased its unparalleled beauty and charm to Canadian audiences. While the city's name means 'a peaceful sea with calm waves,' its passion for international exchange is as vibrant as splashing water."" ""Ningbo's history, told through light, shadow and photography, symbolizes China's opening-up and stands as a testament to the city's journey alongside the world,"" said Marcel Leijzar, Deputy Director of the Department of International Development and Cooperation at the UN World Tourism Organization. Scene from the opening ceremony.","Ningbo in Light and Shadow  Special Exhibition Opened in Madrid. NINGBO, China, Sept. 29, 2025 /PRNewswire/ -- The year 2025 marks both the 50th anniversary of diplomatic relations between China and the European Union and the 20th anniversary of the Comprehensive Strategic Partnership between China and Spain. On 26 September 2025, the ""Ningbo in Light and Shadow"" Special Exhibition opened at the China Cultural Center in Madrid (Centro Cultural de China en Madrid). The exhibition, which has toured 19 countri",titre+description,Neutral,0,1,0,0.7307
https://www.lemauricien.com/week-end/techno-lia-une-opportunite-de-developpement-pour-lafrique/685866/,"Techno : LIA , une opportunité de développement pour lAfrique  ? ",20250929T154500Z,French,lemauricien.com,Mauritius,2025-09-29,2025-09,Sep 2025,"Bien que de nombreux dÃ©fis de lâIntelligence artificielle (IA) restent Ã  relever, les investissements rÃ©alisÃ©s par les gouvernements africains, le secteur privÃ© et les gÃ©ants mondiaux sâaccÃ...","Techno : LIA , une opportunité de développement pour lAfrique  ?. Bien que de nombreux dÃ©fis de lâIntelligence artificielle (IA) restent Ã  relever, les investissements rÃ©alisÃ©s par les gouvernements africains, le secteur privÃ© et les gÃ©ants mondiaux sâaccÃ...",titre+description,Positive,0,0,1,0.5302
https://plusinfo.mk/detali-od-svadbata-na-selena-gomez-osven-roditelite-govori-odrzhale-i-ed-shiran-i-te-lor-svift/,"ДЕТАЛИ ОД СВАДБАТА НА СЕЛЕНА ГОМЕЗ Освен родителите , говори одржале и Ед Ширан и Тејлор Свифт",20250929T151500Z,Macedonian,plusinfo.mk,Macedonia,2025-09-29,2025-09,Sep 2025,"Според најновите информации, покрај родителите на Селена и на Бени, за време на прославата одржале говори и двете големи музички ѕвезди, Ед Ширан и Тејлор Свифт, а забавата траела до доцна во ноќта","ДЕТАЛИ ОД СВАДБАТА НА СЕЛЕНА ГОМЕЗ Освен родителите , говори одржале и Ед Ширан и Тејлор Свифт. Според најновите информации, покрај родителите на Селена и на Бени, за време на прославата одржале говори и двете големи музички ѕвезди, Ед Ширан и Тејлор Свифт, а забавата траела до доцна во ноќта",titre+description,Neutral,0,1,0,0.7297
https://www.ridus.ru/fifa-prisudila-yuar-tehnicheskoe-porazhenie-i-shtraf-10-tys--frankov-704577.html,ФИФА присудила ЮАР техническое поражение и штраф 10 тыс . франков,20250929T150000Z,Russian,ridus.ru,Russia,2025-09-29,2025-09,Sep 2025,,ФИФА присудила ЮАР техническое поражение и штраф 10 тыс . франков,titre seul,Neutral,0,1,0,0.6818
https://www.europapress.es/comunicados/empresas-00908/noticia-comunicado-centro-cultural-chino-presenta-ningbo-entreluces-sombras-exposicion-especial-fotografiaenespana-20250929141414.html,Centro Cultural Chino presenta  Ningbo entreluces y sombras - Exposición especial de fotografía en España  ,20250929T130000Z,Spanish,europapress.es,Spain,2025-09-29,2025-09,Sep 2025,"Madrid, 29 de septiembre.- El Centro Cultural Chino de Madrid acogió ayer viernes la inauguración de la...","Centro Cultural Chino presenta  Ningbo entreluces y sombras - Exposición especial de fotografía en España. Madrid, 29 de septiembre.- El Centro Cultural Chino de Madrid acogió ayer viernes la inauguración de la...",titre+description,Neutral,0,1,0,0.7768
https://www.elconfidencial.com/cultura/2025-09-29/deberias-decir-alo-cuando-coges-el-telefono-aunque-edison-no-estaria-de-acuerdo_4200050/,Por qué deberías decir  aló  cuando coges el teléfono ( aunque Edison no estaría de acuerdo ) ,20250929T130000Z,Spanish,elconfidencial.com,Spain,2025-09-29,2025-09,Sep 2025,"La palabra más extendida para indicar que se ha establecido contacto telefónico es aló, con diversas grafías y usualmente en tono interrogativo, del que aquí prescindimos","Por qué deberías decir  aló  cuando coges el teléfono ( aunque Edison no estaría de acuerdo ). La palabra más extendida para indicar que se ha establecido contacto telefónico es aló, con diversas grafías y usualmente en tono interrogativo, del que aquí prescindimos",titre+description,Negative,1,0,0,0.5863
https://www.premiumtimesng.com/news/top-news/824545-uniben-to-bar-5000-students-from-exams-over-unpaid-fees.html,"UNIBEN to bar 5 , 000 students from exams over unpaid fees",20250929T130000Z,English,premiumtimesng.com,Nigeria,2025-09-29,2025-09,Sep 2025,The registrar said all efforts to encourage the affected students to either pay their fees or access the NELFUND facility had yielded no positive response,"UNIBEN to bar 5 , 000 students from exams over unpaid fees. The registrar said all efforts to encourage the affected students to either pay their fees or access the NELFUND facility had yielded no positive response",titre+description,Neutral,0,1,0,0.5249
https://agerpres.ro/ots/ningbo-in-light-and-shadow-special-exhibition-opened-in-madrid--658153,  Ningbo in Light and Shadow  Special Exhibition Opened in Madrid,20250929T120000Z,English,agerpres.ro,Romania,2025-09-29,2025-09,Sep 2025,"Cele mai noi ştiri interne, externe şi multimedia oferite de Agenţia Natională de Presa AGERPRES.","Ningbo in Light and Shadow  Special Exhibition Opened in Madrid. Cele mai noi ştiri interne, externe şi multimedia oferite de Agenţia Natională de Presa AGERPRES.",titre+description,Neutral,0,1,0,0.7821
https://www.tempostretto.it/news/65-bimbi-operati-in-africa-grazie-al-ccpm-di-taormina-e-una-voce-per-padre-pio.html,65 bimbi operati in Africa grazie al Ccpm di Taormina e a  Una voce per Padre Pio  ,20250929T104500Z,Italian,tempostretto.it,Italy,2025-09-29,2025-09,Sep 2025,Il progetto,65 bimbi operati in Africa grazie al Ccpm di Taormina e a  Una voce per Padre Pio. Il progetto,titre+description,Neutral,0,1,0,0.5252
https://www.informationng.com/2025/09/police-arrest-wanted-beninese-fugitive-in-ogun-over-cross-border-crimes.html,Police Arrest Wanted Beninese Fugitive In Ogun Over Cross - Border Crimes,20250929T104500Z,English,informationng.com,Nigeria,2025-09-29,2025-09,Sep 2025,"The Nigeria Police Force has apprehended a notorious fugitive from the Benin Republic, Sunday Kotin, and handed him over to authorities in Cotonou after a covert operation in Ogun State.","Police Arrest Wanted Beninese Fugitive In Ogun Over Cross - Border Crimes. The Nigeria Police Force has apprehended a notorious fugitive from the Benin Republic, Sunday Kotin, and handed him over to authorities in Cotonou after a covert operation in Ogun State.",titre+description,Negative,1,0,0,0.8303
https://energy.economictimes.indiatimes.com/news/renewable/premier-energies-secures-20-mn-solar-contracts-in-west-africa/124209799,Premier Energies secures $20 mn solar contracts in West Africa,20250929T101500Z,English,energy.economictimes.indiatimes.com,India,2025-09-29,2025-09,Sep 2025,"Premier Energies secures multiple solar contracts worth $19.95 million in West Africa, contributing to clean energy expansion in the region. Find out more about this renewable energy initiative by Premier Energies in the Republic of Benin.","Premier Energies secures $20 mn solar contracts in West Africa. Premier Energies secures multiple solar contracts worth $19.95 million in West Africa, contributing to clean energy expansion in the region. Find out more about this renewable energy initiative by Premier Energies in the Republic of Benin.",titre+description,Positive,0,0,1,0.7782
https://fakti.bg/life/1003484-bed-bani-shte-e-zvezdata-s-izpalnenie-na-poluvremeto-na-superboul-2026,Бед Бъни ще е звездата с изпълнение на полувремето на Супербоул 2026 ᐉ Новини от Fakti . bg - Любопитно,20250929T101500Z,Bulgarian,fakti.bg,Bulgaria,2025-09-29,2025-09,Sep 2025,"Пуерториканският рапър и носител на награди Грами Бед Бъни (Bad Bunny) ще бъде главната звезда на шоуто на полувремето на Super Bowl 2025. Новината беше официално обявена от NFL,","Бед Бъни ще е звездата с изпълнение на полувремето на Супербоул 2026 ᐉ Новини от Fakti . bg - Любопитно. Пуерториканският рапър и носител на награди Грами Бед Бъни (Bad Bunny) ще бъде главната звезда на шоуто на полувремето на Super Bowl 2025. Новината беше официално обявена от NFL,",titre+description,Neutral,0,1,0,0.6882
https://www.moneycontrol.com/news/business/markets/premier-energies-secures-19-95-million-solar-electrification-orders-alpha-article-13587595.html,Premier Energies Secures $19 . 95 Million Solar Electrification Orders,20250929T101500Z,English,moneycontrol.com,India,2025-09-29,2025-09,Sep 2025,Premier Energies Secures $19.95 Million Solar Electrification Orders,Premier Energies Secures $19 . 95 Million Solar Electrification Orders. Premier Energies Secures $19.95 Million Solar Electrification Orders,titre+description,Neutral,0,1,0,0.6486
https://www.okay.ng/uniben-to-bar-5000-students-from-second-semester-exams-over-unpaid-fees/,"UNIBEN to Bar 5 , 000 Students from Second - Semester Exams over Unpaid Fees • Okay . ng",20250929T101500Z,English,okay.ng,Nigeria,2025-09-29,2025-09,Sep 2025,"The University of Benin (UNIBEN) has announced that more than 5,000 students may be prevented from participating in the upcoming second-semester examinations scheduled to commence on Monday, September 29, 2025, due to non-payment of...","UNIBEN to Bar 5 , 000 Students from Second - Semester Exams over Unpaid Fees • Okay . ng. The University of Benin (UNIBEN) has announced that more than 5,000 students may be prevented from participating in the upcoming second-semester examinations scheduled to commence on Monday, September 29, 2025, due to non-payment of...",titre+description,Neutral,0,1,0,0.6783
https://www.devdiscourse.com/article/headlines/3645558-premier-energies-secures-1995-million-solar-contracts-in-benin,Premier Energies Secures $19 . 95 Million Solar Contracts in Benin,20250929T101500Z,English,devdiscourse.com,China,2025-09-29,2025-09,Sep 2025,Premier Energies secures USD 19.95 million solar contracts in Benin. The projects aim to expand access to sustainable energy. They include rooftop solar systems and streetlights. The venture is financed by EXIM Bank and EBID. Premier Energies aims to enhance energy sustainability and community welfare in Benin.,Premier Energies Secures $19 . 95 Million Solar Contracts in Benin. Premier Energies secures USD 19.95 million solar contracts in Benin. The projects aim to expand access to sustainable energy. They include rooftop solar systems and streetlights. The venture is financed by EXIM Bank and EBID. Premier Energies aims to enhance energy sustainability and community welfare in Benin.,titre+description,Positive,0,0,1,0.6266
https://www.freepressjournal.in/business/homegrown-premier-energies-secures-multiple-solar-contracts-worth-177-crore-in-republic-of-benin-west-africa,"Homegrown Premier Energies Secures Multiple Solar Contracts Worth ₹177 Crore In Republic Of Benin , West Africa",20250929T100000Z,English,freepressjournal.in,India,2025-09-29,2025-09,Sep 2025,"Implementation will be carried out by Premier Energies in collaboration with the General Directorate of Energy Planning and Rural Electrification, under the Ministry of Energy, Water and Mines, Republic of Benin.","Homegrown Premier Energies Secures Multiple Solar Contracts Worth ₹177 Crore In Republic Of Benin , West Africa. Implementation will be carried out by Premier Energies in collaboration with the General Directorate of Energy Planning and Rural Electrification, under the Ministry of Energy, Water and Mines, Republic of Benin.",titre+description,Neutral,0,1,0,0.5003
https://www.myjoyonline.com/a-triumph-for-botswana-a-victory-for-africa-the-trans-africa-tourism-and-unity-campaign-celebrates-in-gaborone/,"A Triumph for Botswana , A Victory for Africa : The Trans Africa Tourism and Unity Campaign celebrates in Gaborone",20250929T100000Z,English,myjoyonline.com,Ghana,2025-09-29,2025-09,Sep 2025,"As Botswana prepares to mark its 59th Independence Anniversary on September 30, 2025, the nation is already awash in jubilation. The streets may be quiet, with Botswanans retreating to their villages to celebrate with kith and kin, but the air hums with pride and possibility. This euphoria stems not only from the upcoming national milestone […]","A Triumph for Botswana , A Victory for Africa : The Trans Africa Tourism and Unity Campaign celebrates in Gaborone. As Botswana prepares to mark its 59th Independence Anniversary on September 30, 2025, the nation is already awash in jubilation. The streets may be quiet, with Botswanans retreating to their villages to celebrate with kith and kin, but the air hums with pride and possibility. This euphoria stems not only from the upcoming national milestone […]",titre+description,Positive,0,0,1,0.4304
https://www.graphic.com.gh/news/general-news/ghana-news-energy-committee-insists-on-revenue-recovery-before-any-power-price-adjustment.html,Energy Committee insists on revenue recovery before any power price adjustment,20250929T100000Z,English,graphic.com.gh,Ghana,2025-09-29,2025-09,Sep 2025,"The Chairman of Parliament’s Select Committee on Energy, Emmanuel Kwasi Bedzrah, has stressed that the House will not approve any electricity tariff increment until power sector agencies demonstrate significant improvements in revenue collection and efficiency","Energy Committee insists on revenue recovery before any power price adjustment. The Chairman of Parliament’s Select Committee on Energy, Emmanuel Kwasi Bedzrah, has stressed that the House will not approve any electricity tariff increment until power sector agencies demonstrate significant improvements in revenue collection and efficiency",titre+description,Neutral,0,1,0,0.4108
https://m.tech.china.com/redian/2025/0929/092025_1742164.html,钟景维 ： 新会陈皮药膳非遗第一人的味觉使命 _ 中华网,20250929T090000Z,Chinese,m.tech.china.com,China,2025-09-29,2025-09,Sep 2025,,钟景维 ： 新会陈皮药膳非遗第一人的味觉使命 _ 中华网,titre seul,Neutral,0,1,0,0.4465
https://www.jeuneafrique.com/1723077/economie-entreprises/pourquoi-lafrique-a-plus-a-gagner-avec-des-hommes-daffaires-quavec-des-hommes-en-treillis-par-aurelie-mbida/,Pourquoi lAfrique a plus à gagner avec des hommes daffaires quavec des hommes en treillis – par Aurélie MBida,20250929T084500Z,French,jeuneafrique.com,France,2025-09-29,2025-09,Sep 2025,"Souvent portés aux nues par une population désabusée, les coups d’État ne résorbent pas plus les déficits qu’ils ne résolvent le manque d’infrastructures. Et si la véritable stabilité passait par l’accession au pouvoir de dirigeants capables de présenter un (business) plan crédible ?","Pourquoi lAfrique a plus à gagner avec des hommes daffaires quavec des hommes en treillis – par Aurélie MBida. Souvent portés aux nues par une population désabusée, les coups d’État ne résorbent pas plus les déficits qu’ils ne résolvent le manque d’infrastructures. Et si la véritable stabilité passait par l’accession au pouvoir de dirigeants capables de présenter un (business) plan crédible ?",titre+description,Negative,1,0,0,0.8576
https://time.mk/c/06a41a9574/fotografii-od-svadbata-od-bajkite-na-selena-gomez-mladozenecot-veli-deka-se-ozenil-so-princeza.html,"Џастин Бибер мета на шеги за објавите по свадбата на Селена Гомез : „ Ја изгуби , засекогаш  ",20250929T081500Z,Macedonian,time.mk,Macedonia,2025-09-29,2025-09,Sep 2025,"ÐÐ¸ÐºÐµÐ½Ð´Ð¾Ð² Ð¡ÐµÐ»ÐµÐ½Ð° ÐÐ¾Ð¼ÐµÐ· ÑÐµ Ð¾Ð¼Ð°Ð¶Ð¸ Ð·Ð° ÐÐµÐ½Ð¸ ÐÐ»Ð°Ð½ÐºÐ¾, Ð° Ð½Ð° ÐÐ½ÑÑÐ°Ð³ÑÐ°Ð¼, ÐÐ°ÑÑÐ¸Ð½ ÐÐ¸Ð±ÐµÑ ÑÐ° ÑÐ¿Ð¾Ð´ÐµÐ»Ð¸ Ð½ÐµÐ³Ð¾Ð²Ð°ÑÐ° Ð¿ÐµÑÐ½Ð° I Do, Ð¿Ð¾ÑÐ²ÐµÑÐµÐ½Ð° Ð½Ð° Ð±ÑÐ°ÐºÐ¾Ñ ÑÐ¾ Ð¥ÐµÑÐ»Ð¸. ÐÐ¸ÐºÐµÐ½Ð´Ð¾Ð² Ð¿ÐµÑÐ°ÑÐ¾Ñ ÑÐ¿Ð¾Ð´ÐµÐ»Ð¸ Ð½Ð°Ð´ 20 Ð½Ð¾Ð²Ð¸ Ð¾Ð±ÑÐ°Ð²Ð¸ ÑÐ¾ ÑÐ¾ÑÐºÐ¸ Ð¸ Ð²Ð¸Ð´ÐµÐ° Ð¸ Ð½ÐµÐºÐ¾Ð¸ ÑÐµ ÑÐµÐ³ÑÐ²Ð°Ð°Ñ Ð´ÐµÐºÐ° ÑÐ¾ Ð¾Ð²Ð° ÑÐ°ÐºÐ° Ð´Ð° Ñ Ð³Ð¾ ...","Џастин Бибер мета на шеги за објавите по свадбата на Селена Гомез : „ Ја изгуби , засекогаш. ÐÐ¸ÐºÐµÐ½Ð´Ð¾Ð² Ð¡ÐµÐ»ÐµÐ½Ð° ÐÐ¾Ð¼ÐµÐ· ÑÐµ Ð¾Ð¼Ð°Ð¶Ð¸ Ð·Ð° ÐÐµÐ½Ð¸ ÐÐ»Ð°Ð½ÐºÐ¾, Ð° Ð½Ð° ÐÐ½ÑÑÐ°Ð³ÑÐ°Ð¼, ÐÐ°ÑÑÐ¸Ð½ ÐÐ¸Ð±ÐµÑ ÑÐ° ÑÐ¿Ð¾Ð´ÐµÐ»Ð¸ Ð½ÐµÐ³Ð¾Ð²Ð°ÑÐ° Ð¿ÐµÑÐ½Ð° I Do, Ð¿Ð¾ÑÐ²ÐµÑÐµÐ½Ð° Ð½Ð° Ð±ÑÐ°ÐºÐ¾Ñ ÑÐ¾ Ð¥ÐµÑÐ»Ð¸. ÐÐ¸ÐºÐµÐ½Ð´Ð¾Ð² Ð¿ÐµÑÐ°ÑÐ¾Ñ ÑÐ¿Ð¾Ð´ÐµÐ»Ð¸ Ð½Ð°Ð´ 20 Ð½Ð¾Ð²Ð¸ Ð¾Ð±ÑÐ°Ð²Ð¸ ÑÐ¾ ÑÐ¾ÑÐºÐ¸ Ð¸ Ð²Ð¸Ð´ÐµÐ° Ð¸ Ð½ÐµÐºÐ¾Ð¸ ÑÐµ ÑÐµÐ³ÑÐ²Ð°Ð°Ñ Ð´ÐµÐºÐ° ÑÐ¾ Ð¾Ð²Ð° ÑÐ°ÐºÐ°",titre+description,Neutral,0,1,0,0.4287
https://promptnewsonline.com/uniben-threatens-to-bar-5000-students-from-writing-exams/,"UNIBEN threatens to bar 5 , 000 students from writing exams",20250929T080000Z,English,promptnewsonline.com,Nigeria,2025-09-29,2025-09,Sep 2025,,"UNIBEN threatens to bar 5 , 000 students from writing exams",titre seul,Negative,1,0,0,0.8457
https://promptnewsonline.com/kidnappers-demand-%E2%82%A640m-ransom-for-newly-called-lawyer-sister-in-kogi/,"Kidnappers demand ₦40m ransom for newly called lawyer , sister in Kogi",20250929T080000Z,English,promptnewsonline.com,Nigeria,2025-09-29,2025-09,Sep 2025,"The family of Peace Onyesom, a lawyer recently called to the bar, and her sister, Gift Onyesom, have raised alarm after the sisters","Kidnappers demand ₦40m ransom for newly called lawyer , sister in Kogi. The family of Peace Onyesom, a lawyer recently called to the bar, and her sister, Gift Onyesom, have raised alarm after the sisters",titre+description,Negative,1,0,0,0.6536
http://www.em.com.br/politica/platobr/2025/09/7258410-novo-foro-privilegiado-leva-ao-stf-mais-um-caso-contra-cunha-agora-sobre-odebrecht.html,"Novo foro privilegiado leva ao STF mais um caso contra Cunha , agora sobre Odebrecht",20250929T074500Z,Portuguese,em.com.br,Brazil,2025-09-29,2025-09,Sep 2025,Cunha e deputado do PT foram denunciados pela PGR em 2021 por supostas propinas da Odebrecht em troca de atuaÃ§Ã£o por projetos no Rio Madeira,"Novo foro privilegiado leva ao STF mais um caso contra Cunha , agora sobre Odebrecht. Cunha e deputado do PT foram denunciados pela PGR em 2021 por supostas propinas da Odebrecht em troca de atuaÃ§Ã£o por projetos no Rio Madeira",titre+description,Negative,1,0,0,0.4868
https://time.mk/c/06a41a9574/dzastin-biber-meta-na-segi-za-objavite-po-svadbata-na-selena-gomez-ja-izgubi-zasekogas.html,"Џастин Бибер мета на шеги за објавите по свадбата на Селена Гомез : „ Ја изгуби , засекогаш  ",20250929T073000Z,Macedonian,time.mk,Macedonia,2025-09-29,2025-09,Sep 2025,"ÐÐ¸ÐºÐµÐ½Ð´Ð¾Ð² Ð¡ÐµÐ»ÐµÐ½Ð° ÐÐ¾Ð¼ÐµÐ· ÑÐµ Ð¾Ð¼Ð°Ð¶Ð¸ Ð·Ð° ÐÐµÐ½Ð¸ ÐÐ»Ð°Ð½ÐºÐ¾, Ð° Ð½Ð° ÐÐ½ÑÑÐ°Ð³ÑÐ°Ð¼, ÐÐ°ÑÑÐ¸Ð½ ÐÐ¸Ð±ÐµÑ ÑÐ° ÑÐ¿Ð¾Ð´ÐµÐ»Ð¸ Ð½ÐµÐ³Ð¾Ð²Ð°ÑÐ° Ð¿ÐµÑÐ½Ð° I Do, Ð¿Ð¾ÑÐ²ÐµÑÐµÐ½Ð° Ð½Ð° Ð±ÑÐ°ÐºÐ¾Ñ ÑÐ¾ Ð¥ÐµÑÐ»Ð¸. ÐÐ¸ÐºÐµÐ½Ð´Ð¾Ð² Ð¿ÐµÑÐ°ÑÐ¾Ñ ÑÐ¿Ð¾Ð´ÐµÐ»Ð¸ Ð½Ð°Ð´ 20 Ð½Ð¾Ð²Ð¸ Ð¾Ð±ÑÐ°Ð²Ð¸ ÑÐ¾ ÑÐ¾ÑÐºÐ¸ Ð¸ Ð²Ð¸Ð´ÐµÐ° Ð¸ Ð½ÐµÐºÐ¾Ð¸ ÑÐµ ÑÐµÐ³ÑÐ²Ð°Ð°Ñ Ð´ÐµÐºÐ° ÑÐ¾ Ð¾Ð²Ð° ÑÐ°ÐºÐ° Ð´Ð° Ñ Ð³Ð¾ ...","Џастин Бибер мета на шеги за објавите по свадбата на Селена Гомез : „ Ја изгуби , засекогаш. ÐÐ¸ÐºÐµÐ½Ð´Ð¾Ð² Ð¡ÐµÐ»ÐµÐ½Ð° ÐÐ¾Ð¼ÐµÐ· ÑÐµ Ð¾Ð¼Ð°Ð¶Ð¸ Ð·Ð° ÐÐµÐ½Ð¸ ÐÐ»Ð°Ð½ÐºÐ¾, Ð° Ð½Ð° ÐÐ½ÑÑÐ°Ð³ÑÐ°Ð¼, ÐÐ°ÑÑÐ¸Ð½ ÐÐ¸Ð±ÐµÑ ÑÐ° ÑÐ¿Ð¾Ð´ÐµÐ»Ð¸ Ð½ÐµÐ³Ð¾Ð²Ð°ÑÐ° Ð¿ÐµÑÐ½Ð° I Do, Ð¿Ð¾ÑÐ²ÐµÑÐµÐ½Ð° Ð½Ð° Ð±ÑÐ°ÐºÐ¾Ñ ÑÐ¾ Ð¥ÐµÑÐ»Ð¸. ÐÐ¸ÐºÐµÐ½Ð´Ð¾Ð² Ð¿ÐµÑÐ°ÑÐ¾Ñ ÑÐ¿Ð¾Ð´ÐµÐ»Ð¸ Ð½Ð°Ð´ 20 Ð½Ð¾Ð²Ð¸ Ð¾Ð±ÑÐ°Ð²Ð¸ ÑÐ¾ ÑÐ¾ÑÐºÐ¸ Ð¸ Ð²Ð¸Ð´ÐµÐ° Ð¸ Ð½ÐµÐºÐ¾Ð¸ ÑÐµ ÑÐµÐ³ÑÐ²Ð°Ð°Ñ Ð´ÐµÐºÐ° ÑÐ¾ Ð¾Ð²Ð° ÑÐ°ÐºÐ°",titre+description,Neutral,0,1,0,0.4287
https://www.afrik.com/niger-orano-une-decision-d-arbitrage-qui-attise-les-tensions-sur-l-uranium,Niger - Orano : une décision darbitrage qui attise les tensions sur luranium,20250929T073000Z,French,afrik.com,France,2025-09-29,2025-09,Sep 2025,,Niger - Orano : une décision darbitrage qui attise les tensions sur luranium,titre seul,Negative,1,0,0,0.5716
https://www.africaguinee.com/guinee-nigeria-senegalcote-divoire-260-escrocs-presumes-mis-aux-arrets/,"Guinée , Nigéria , Sénégal … Côte dIvoire : 260 escrocs présumés mis aux arrêts ! – Africa Guinee",20250929T064500Z,French,africaguinee.com,Guinea,2025-09-29,2025-09,Sep 2025,,"Guinée , Nigéria , Sénégal … Côte dIvoire : 260 escrocs présumés mis aux arrêts ! – Africa Guinee",titre seul,Negative,1,0,0,0.9008
https://baijiahao.baidu.com/s?id=1844494656485520697,推开车窗见万象 大巴车行进式全景展现新疆发展成就,20250929T063000Z,Chinese,baijiahao.baidu.com,China,2025-09-29,2025-09,Sep 2025,,推开车窗见万象 大巴车行进式全景展现新疆发展成就,titre seul,Positive,0,0,1,0.6417
https://panampost.com/jose-gregorio-martinez/2025/09/28/poder-blando-china-ha-conquistado-el-90-de-africa-con-su-idioma-y-cultura/,Poder blando : China ha conquistado el 90 % de África con su idioma y cultura,20250929T063000Z,Spanish,panampost.com,Venezuela,2025-09-29,2025-09,Sep 2025,"China se ha propuesto consolidar su presencia en África con el llamado ""poder blando"" mediante el Instituto Confucio.","Poder blando : China ha conquistado el 90 % de África con su idioma y cultura. China se ha propuesto consolidar su presencia en África con el llamado ""poder blando"" mediante el Instituto Confucio.",titre+description,Positive,0,0,1,0.4974
https://www.jagranjosh.com/general-knowledge/largest-man-made-lake-in-the-world-1820002686-1,List of Largest Man - Made Lakes In The World,20250929T060000Z,English,jagranjosh.com,India,2025-09-29,2025-09,Sep 2025,"Lake Kariba, which sits between Zambia and Zimbabwe, is the largest man-made lake in the world by the total amount of water it holds.","List of Largest Man - Made Lakes In The World. Lake Kariba, which sits between Zambia and Zimbabwe, is the largest man-made lake in the world by the total amount of water it holds.",titre+description,Neutral,0,1,0,0.4795
https://blueprint.ng/psc-losses-another-chairman-parry-osanyanse/,PSC losses another chairman Parry Osanyanse - Blueprint Newspapers Limited,20250929T060000Z,English,blueprint.ng,Nigeria,2025-09-29,2025-09,Sep 2025,"The Police Service Commission (PSC) has announced the death of former Chairman PSC, DIG Parry Osanyanse (retd.) after the death of immediate past Chairman of","PSC losses another chairman Parry Osanyanse - Blueprint Newspapers Limited. The Police Service Commission (PSC) has announced the death of former Chairman PSC, DIG Parry Osanyanse (retd.) after the death of immediate past Chairman of",titre+description,Negative,1,0,0,0.8637
https://www.thisdaylive.com/2025/09/29/icons-gone-with-the-wind/,Icons gone with the wind – THISDAYLIVE,20250929T051500Z,English,thisdaylive.com,Nigeria,2025-09-29,2025-09,Sep 2025,,Icons gone with the wind – THISDAYLIVE,titre seul,Neutral,0,1,0,0.6146
http://french.peopledaily.com.cn/Afrique/n3/2025/0929/c96852-20372603.html,Bénin : le gouvernement entend mobiliser plus de 300 millions de dollars pour un programme de nutrition infantile,20250929T034500Z,French,french.peopledaily.com.cn,China,2025-09-29,2025-09,Sep 2025,"Le gouvernement bÃ©ninois et ses partenaires techniques et financiers se sont retrouvÃ©s dimanche Ã  Cotonou autour d'une table ronde, en vue de discuter de la mobilisation des ressources nÃ©cessaires pour garantir la mise en Åuvre effective et durable du Programme supplÃ©mentaire nutritionnelle des 1.000 premiers jours de la petite enfance dans toutes les zones ciblÃ©es du pays.","Bénin : le gouvernement entend mobiliser plus de 300 millions de dollars pour un programme de nutrition infantile. Le gouvernement bÃ©ninois et ses partenaires techniques et financiers se sont retrouvÃ©s dimanche Ã  Cotonou autour d'une table ronde, en vue de discuter de la mobilisation des ressources nÃ©cessaires pour garantir la mise en Åuvre effective et durable du Programme supplÃ©mentaire nutritionnelle des 1.000 premiers jours de la petite enfance dans toutes les zones ciblÃ©es du pays.",titre+description,Positive,0,0,1,0.702
https://hea.china.com/hea/xinwen/2025/0929/092025_1741739.html,2025手扶犁推荐专业实力厂家 - 禹城恒兴机械有限公司 _ 中华网,20250929T033000Z,Chinese,hea.china.com,China,2025-09-29,2025-09,Sep 2025,,2025手扶犁推荐专业实力厂家 - 禹城恒兴机械有限公司 _ 中华网,titre seul,Neutral,0,1,0,0.6852
https://www.telanon.info/suplemento/opiniao/2026/01/01/51313/soberania-interrompida/,Soberania Interrompida,20260101T234500Z,Portuguese,telanon.info,Sao Tome and Principe,2026-01-01,2026-01,Jan 2026,"Por: Bacar CAMARÁ, Jornalista& Docente / Guiné Bissau A intervenção militar dos Estados Unidos no território nigeriano, justificada sob o pretexto de combate ao terrorismo islâmico, não é um ato isolado de solidariedade. Ela expõe não apenas a fragilidade da soberania africana, mas também a utopia de uma independência conquistada no papel, mas ainda não […]","Soberania Interrompida. Por: Bacar CAMARÁ, Jornalista& Docente / Guiné Bissau A intervenção militar dos Estados Unidos no território nigeriano, justificada sob o pretexto de combate ao terrorismo islâmico, não é um ato isolado de solidariedade. Ela expõe não apenas a fragilidade da soberania africana, mas também a utopia de uma independência conquistada no papel, mas ainda não […]",titre+description,Negative,1,0,0,0.5942
https://www.sdpnoticias.com/deportes/sudafrica-vs-camerun-hora-y-canal-para-ver-el-partido-del-rival-de-mexico-en-el-mundial-2026-juega-copa-africana/,Sudáfrica vs Camerún : Hora y canal para ver el partido del rival de México en el Mundial 2026 ? Juega Copa Africana,20260101T234500Z,Spanish,sdpnoticias.com,Mexico,2026-01-01,2026-01,Jan 2026,"Sudáfrica, rival de México en el Mundial 2026, enfrenta a Camerún en la Copa Africana. Conoce la hora y canal para ver el partido de octavos de final el domingo 4 de enero.","Sudáfrica vs Camerún : Hora y canal para ver el partido del rival de México en el Mundial 2026 ? Juega Copa Africana. Sudáfrica, rival de México en el Mundial 2026, enfrenta a Camerún en la Copa Africana. Conoce la hora y canal para ver el partido de octavos de final el domingo 4 de enero.",titre+description,Neutral,0,1,0,0.88
https://www.afrik-foot.com/can-2025-des-allegations-dont-le-but-est-de-destabiliser-lequipe-le-communique-tranchant-du-senegal-avant-le-soudan,"CAN 2025 :  des allégations dont le but est de déstabiliser l  équipe , le communiqué tranchant du Sénégal avant le Soudan",20260101T234500Z,French,afrik-foot.com,Morocco,2026-01-01,2026-01,Jan 2026,"Après une phase de groupes réussie, la Fédération Sénégalaise de Football (FSF) a tapé du poing sur la table ce jeudi pour démentir une rumeur qui circulait","CAN 2025 :  des allégations dont le but est de déstabiliser l  équipe , le communiqué tranchant du Sénégal avant le Soudan. Après une phase de groupes réussie, la Fédération Sénégalaise de Football (FSF) a tapé du poing sur la table ce jeudi pour démentir une rumeur qui circulait",titre+description,Negative,1,0,0,0.77
https://lanouvelletribune.info/2026/01/cinq-evenements-qui-ont-marque-le-benin-en-2025/,Cinq événements qui ont marqué le Bénin en 2025 - La Nouvelle Tribune,20260101T231500Z,French,lanouvelletribune.info,Benin,2026-01-01,2026-01,Jan 2026,"L’année 2025 s’inscrit comme une période particulièrement dense dans l’histoire récente du Bénin. Entre décisions judiciaires majeures, performances économiques saluées par les partenaires internationaux, évolutions institutionnelles et résultats sportifs notables, l’actualité nationale a été rythmé","Cinq événements qui ont marqué le Bénin en 2025 - La Nouvelle Tribune. L’année 2025 s’inscrit comme une période particulièrement dense dans l’histoire récente du Bénin. Entre décisions judiciaires majeures, performances économiques saluées par les partenaires internationaux, évolutions institutionnelles et résultats sportifs notables, l’actualité nationale a été rythmé",titre+description,Positive,0,0,1,0.866
https://export.shobserver.com/baijiahao/html/1045615.html,2025年超3000名巴西人被美国驱逐出境 ， 数量创新高,20260101T231500Z,Chinese,export.shobserver.com,China,2026-01-01,2026-01,Jan 2026,,2025年超3000名巴西人被美国驱逐出境 ， 数量创新高,titre seul,Neutral,0,1,0,0.4087
https://www.niedziela.pl/artykul/119751/Dziekczynienie-za-2025-rok,Dziękczynienie za 2025 rok,20260101T211500Z,Polish,niedziela.pl,Poland,2026-01-01,2026-01,Jan 2026,– Niech Nowy Rok który za kilka godzin rozpoczniemy mobilizuje nas nade wszystko do wzrastania w świętości czyli wysokiej miary zwyczajnego,Dziękczynienie za 2025 rok. – Niech Nowy Rok który za kilka godzin rozpoczniemy mobilizuje nas nade wszystko do wzrastania w świętości czyli wysokiej miary zwyczajnego,titre+description,Positive,0,0,1,0.8464
https://www.adiac-congo.com/content/can-2025-le-programme-des-huitiemes-de-finale-168527,"CAN 2025 , le programme des huitièmes de finale | adiac - congo . com : toute lactualité du Bassin du Congo",20260101T210000Z,French,adiac-congo.com,Congo,2026-01-01,2026-01,Jan 2026,,"CAN 2025 , le programme des huitièmes de finale | adiac - congo . com : toute lactualité du Bassin du Congo",titre seul,Neutral,0,1,0,0.7747
https://fr.allafrica.com/stories/202601010166.html,"Afrique de lOuest : Bourse - Le BRVM clôture lannée 2025 avec une progression de 25 , 26 % ",20260101T210000Z,French,fr.allafrica.com,Nigeria,2026-01-01,2026-01,Jan 2026,"La Bourse régionale des valeurs mobilières (Brvm), en dépit du contexte mondial toujours incertain et des défis persistants pour les économies africaines, termine l'année 2025 avec une progression de 25,26%.","Afrique de lOuest : Bourse - Le BRVM clôture lannée 2025 avec une progression de 25 , 26 %. La Bourse régionale des valeurs mobilières (Brvm), en dépit du contexte mondial toujours incertain et des défis persistants pour les économies africaines, termine l'année 2025 avec une progression de 25,26%.",titre+description,Positive,0,0,1,0.7222
http://www.rnanews.com/can-2025-les-leopards-de-la-rdc-ont-lamine-le-botswana-par-3-0-et-sont-qualifies-pour-les-huitiemes-des-finales/,CAN 2025  : Les Léopards de la RDC ont laminé le Botswana par 3 - 0 et sont qualifiés pour les huitièmes des finales,20260101T203000Z,French,rnanews.com,Rwanda,2026-01-01,2026-01,Jan 2026,"Devant la défense du Botswana, menace constante. Rabat: Les Léopards de la RDC ont laminé le Botswana par 3-0 sur le Stade El Medina de Rabat ce soir et ils sont qualifiés pour les huitièmes de fin…","CAN 2025  : Les Léopards de la RDC ont laminé le Botswana par 3 - 0 et sont qualifiés pour les huitièmes des finales. Devant la défense du Botswana, menace constante. Rabat: Les Léopards de la RDC ont laminé le Botswana par 3-0 sur le Stade El Medina de Rabat ce soir et ils sont qualifiés pour les huitièmes de fin…",titre+description,Positive,0,0,1,0.5567
"http://www.sitkasentinel.com/stories/lions-roar-and-eagles-fly-all-the-24-teams-nicknames-at-the-africa-cup-of-nations,106271",Lions roar and Eagles fly : All the 24 team nicknames at the Africa Cup of Nations,20260101T201500Z,English,sitkasentinel.com,United States,2026-01-01,2026-01,Jan 2026,"Cameroon, South Africa and Nigeria, also known as the Indomitable Lions, Bafana Bafana and the Super Eagles, have been competing at the 35th edition of the Africa Cup of Nations. All the 24 teams  &hellip;","Lions roar and Eagles fly : All the 24 team nicknames at the Africa Cup of Nations. Cameroon, South Africa and Nigeria, also known as the Indomitable Lions, Bafana Bafana and the Super Eagles, have been competing at the 35th edition of the Africa Cup of Nations. All the 24 teams  &hellip;",titre+description,Neutral,0,1,0,0.5407
https://alahalygate.com/archives/307281,مدرب بنين : مواجهة المنتخب المصرى اختبار صعب - جريدة الأهالي المصرية,20260101T194500Z,Arabic,alahalygate.com,Egypt,2026-01-01,2026-01,Jan 2026,اعترف المدرب المساعد لمنتخب بنين نبيل طرابلسي، بصعوبة المهمة التي تنتظر فريقه عندما يواجه المنتخب المصري في دور الـ16 من بطولة كأس الأمم الإفريقية 2025 المقامة في المغرب، مؤكدًا في الوقت نفسه أن لاعبي بنين سيبذلون أقصى ما لديهم لتقديم مباراة تليق باسم بلادهم. وقال طرابلسي، إن المنتخب المصري يتفوق نظريًا من حيث الخبرات والأسماء،,مدرب بنين : مواجهة المنتخب المصرى اختبار صعب - جريدة الأهالي المصرية. اعترف المدرب المساعد لمنتخب بنين نبيل طرابلسي، بصعوبة المهمة التي تنتظر فريقه عندما يواجه المنتخب المصري في دور الـ16 من بطولة كأس الأمم الإفريقية 2025 المقامة في المغرب، مؤكدًا في الوقت نفسه أن لاعبي بنين سيبذلون أقصى ما لديهم لتقديم مباراة تليق باسم بلادهم. وقال طرابلسي، إن المنتخب المصري يتفوق نظريًا من حيث الخبرات والأسماء،,titre+description,Positive,0,0,1,0.517
https://kawowo.com/2026/01/01/david-isabirye-low-key-celebrations-for-2026-in-rabat-uganda-cranes-depart-for-entebbe-my-afcon-2025-notes/,"DAVID ISABIRYE : Low key celebrations for 2026 in Rabat , Uganda Cranes depart for Entebbe",20260101T193000Z,English,kawowo.com,Uganda,2026-01-01,2026-01,Jan 2026,"A week after the Christmas and Boxing Day celebrations in Rabat city, Morocco; the focus turned to welcoming the virgin 2026.","DAVID ISABIRYE : Low key celebrations for 2026 in Rabat , Uganda Cranes depart for Entebbe. A week after the Christmas and Boxing Day celebrations in Rabat city, Morocco; the focus turned to welcoming the virgin 2026.",titre+description,Positive,0,0,1,0.4738
https://www.afrik-foot.com/can-2025-lequipe-type-de-la-phase-de-groupes-avec-le-maroc-lalgerie-le-senegal-et-le-nigeria-en-force,"CAN 2025 : l  équipe - type de la phase de groupes avec le Maroc , lAlgérie , le Sénégal et le Nigeria en force",20260101T190000Z,French,afrik-foot.com,Morocco,2026-01-01,2026-01,Jan 2026,"A l'issue de la phase de groupes de la CAN 2025, Afrik-Foot vous propose son équipe-type du premier tour, qui fait la part belle au Maroc, à l'Algérie, au","CAN 2025 : l  équipe - type de la phase de groupes avec le Maroc , lAlgérie , le Sénégal et le Nigeria en force. A l'issue de la phase de groupes de la CAN 2025, Afrik-Foot vous propose son équipe-type du premier tour, qui fait la part belle au Maroc, à l'Algérie, au",titre+description,Positive,0,0,1,0.5893
https://www.ghanamma.com/2026/01/01/singer-tiwa-savage-breaks-down-in-tears-during-performance-in-cotonou/,Singer Tiwa Savage Breaks Down In Tears During Performance In Cotonou,20260101T190000Z,English,ghanamma.com,Ghana,2026-01-01,2026-01,Jan 2026,,Singer Tiwa Savage Breaks Down In Tears During Performance In Cotonou,titre seul,Negative,1,0,0,0.8236
https://keyt.com/lifestyle/entertainment/cnn-style/2026/01/01/11-architecture-projects-set-to-shape-the-world-in-2026/,11 architecture projects set to shape the world in 2026,20260101T183000Z,English,keyt.com,United States,2026-01-01,2026-01,Jan 2026,"By Oscar Holland, CNN (CNN) — For American architecture, 2025 may be remembered for the deaths of icons Frank Gehry, Robert A. M. Stern and Ricardo","11 architecture projects set to shape the world in 2026. By Oscar Holland, CNN (CNN) — For American architecture, 2025 may be remembered for the deaths of icons Frank Gehry, Robert A. M. Stern and Ricardo",titre+description,Neutral,0,1,0,0.6038
https://www.almountakhab.com/node/13221315,كأس إفريقيا للأمم ( المغرب 2025 ).. حضور وازن للمنتخبات العربية في دور ثمن نهائي العرس القاري,20260101T183000Z,Arabic,almountakhab.com,Morocco,2026-01-01,2026-01,Jan 2026,,كأس إفريقيا للأمم ( المغرب 2025 ).. حضور وازن للمنتخبات العربية في دور ثمن نهائي العرس القاري,titre seul,Positive,0,0,1,0.5773
https://www.almountakhab.com/node/16221319,الأسود و الفراعنة .. هل هم في مأمن مقارنة بتونس والجزائر ؟ ,20260101T183000Z,Arabic,almountakhab.com,Morocco,2026-01-01,2026-01,Jan 2026,,الأسود و الفراعنة .. هل هم في مأمن مقارنة بتونس والجزائر ؟,titre seul,Negative,1,0,0,0.5816
https://www.channel3000.com/lifestyle/11-architecture-projects-set-to-shape-the-world-in-2026/article_dc022bda-7398-5373-a004-552dac16e4fe.html,11 architecture projects set to shape the world in 2026,20260101T181500Z,English,channel3000.com,United States,2026-01-01,2026-01,Jan 2026,,11 architecture projects set to shape the world in 2026,titre seul,Positive,0,0,1,0.5018
https://www.voria.gr/article/copa-africa-ta-zeygaria-sta-nok-aoyt-kai-oi-diastayroseis-os-ton-teliko,Copa Africa : Τα ζευγάρια στα νοκ - άουτ και οι διασταυρώσεις ως τον τελικό,20260101T181500Z,Greek,voria.gr,Greece,2026-01-01,2026-01,Jan 2026,"Ακτή Ελεφαντοστού, Καμερούν και Μοζαμβίκη συμπλήρωσαν το παζλ των νοκ-άουτ","Copa Africa : Τα ζευγάρια στα νοκ - άουτ και οι διασταυρώσεις ως τον τελικό. Ακτή Ελεφαντοστού, Καμερούν και Μοζαμβίκη συμπλήρωσαν το παζλ των νοκ-άουτ",titre+description,Neutral,0,1,0,0.5026
https://kvia.com/entertainment/cnn-style/2026/01/01/11-architecture-projects-set-to-shape-the-world-in-2026/,11 architecture projects set to shape the world in 2026,20260101T180000Z,English,kvia.com,United States,2026-01-01,2026-01,Jan 2026,"By Oscar Holland, CNN (CNN) — For American architecture, 2025 may be remembered for the deaths of icons Frank Gehry, Robert A. M. Stern and Ricardo Scofidio, a mastermind of New York’s High Line. More likely, however, it will go down as a year dominated by Donald Trump — his preference for classicism and disdain","11 architecture projects set to shape the world in 2026. By Oscar Holland, CNN (CNN) — For American architecture, 2025 may be remembered for the deaths of icons Frank Gehry, Robert A. M. Stern and Ricardo Scofidio, a mastermind of New York’s High Line. More likely, however, it will go down as a year dominated by Donald Trump — his preference for classicism and disdain",titre+description,Neutral,0,1,0,0.517
https://www.dailyjanakantha.com/national/news/892713,চলতি বছর বাংলাদেশসহ ৪০ দেশে ভোটের লড়াই,20260101T180000Z,Bengali,dailyjanakantha.com,Bangladesh,2026-01-01,2026-01,Jan 2026,,চলতি বছর বাংলাদেশসহ ৪০ দেশে ভোটের লড়াই,titre seul,Neutral,0,1,0,0.6223
https://www.nigerianeye.com/2026/01/benin-palace-denies-attack-on-pedro.html,"Benin palace denies attack on Pedro Obaseki - Latest News In Nigeria , Nigeria News Today , Your Online Nigerian Newspaper",20260101T174500Z,English,nigerianeye.com,Nigeria,2026-01-01,2026-01,Jan 2026,Responsive Blogger Template,"Benin palace denies attack on Pedro Obaseki - Latest News In Nigeria , Nigeria News Today , Your Online Nigerian Newspaper. Responsive Blogger Template",titre+description,Neutral,0,1,0,0.5867
https://historia.org.pl/2026/01/01/5-nowych-muzeow-w-polsce-ktore-warto-zobaczyc-w-2026-roku/,"5 nowych muzeów w Polsce , które warto zobaczyć w 2026 roku",20260101T174500Z,Polish,historia.org.pl,Poland,2026-01-01,2026-01,Jan 2026,"Z roku na rok rośnie znaczenie muzeów, które nie tylko prezentują zbiory, lecz także opowiadają historię w nowoczesny, pogłębiony sposób i osadzają ją w","5 nowych muzeów w Polsce , które warto zobaczyć w 2026 roku. Z roku na rok rośnie znaczenie muzeów, które nie tylko prezentują zbiory, lecz także opowiadają historię w nowoczesny, pogłębiony sposób i osadzają ją w",titre+description,Positive,0,0,1,0.8587
https://www.aol.co.uk/articles/senegal-vs-sudan-afcon-prediction-154106834.html,"Senegal vs Sudan : AFCON prediction , kick - off time , TV , live stream , team news , h2h results , odds",20260101T161500Z,English,aol.co.uk,United Kingdom,2026-01-01,2026-01,Jan 2026,The first AFCON round of 16 tie pits pre-tournament favourites Senegal against Sudan,"Senegal vs Sudan : AFCON prediction , kick - off time , TV , live stream , team news , h2h results , odds. The first AFCON round of 16 tie pits pre-tournament favourites Senegal against Sudan",titre+description,Neutral,0,1,0,0.7512
https://dailytrust.com/nigeria-to-face-mozambique-in-afcon-round-of-16/,Nigeria To Face Mozambique In AFCON Round Of 16,20260101T161500Z,English,dailytrust.com,Niger,2026-01-01,2026-01,Jan 2026,The Super Eagles of Nigeria will face the Mambas of Mozambique in the round of 16 stage of the Africa Cup of Nations AFCON 2025 ongoing in Morocco. This was...,Nigeria To Face Mozambique In AFCON Round Of 16. The Super Eagles of Nigeria will face the Mambas of Mozambique in the round of 16 stage of the Africa Cup of Nations AFCON 2025 ongoing in Morocco. This was...,titre+description,Neutral,0,1,0,0.7827
https://eahelqesa.com/news/%D8%A8%D8%AB-%D9%85%D8%A8%D8%A7%D8%B4%D8%B1-%D8%AA%D8%B1%D8%AF%D8%AF-%D8%A7%D9%84%D9%82%D9%86%D9%88%D8%A7%D8%AA-%D8%A7%D9%84%D9%86%D8%A7%D9%82%D9%84%D8%A9-%D9%84%D9%85%D8%A8%D8%A7%D8%B1%D8%A7%D8%A9-34,بث مباشر .. تردد القنوات الناقلة لمباراة منتخب مصر وبنين في أمم أفريقيا,20260101T154500Z,Arabic,eahelqesa.com,,2026-01-01,2026-01,Jan 2026,,بث مباشر .. تردد القنوات الناقلة لمباراة منتخب مصر وبنين في أمم أفريقيا,titre seul,Neutral,0,1,0,0.8572
https://www.ole.com.ar/futbol-internacional/pierre-emerick-aubameyang-afuera-seleccion-gabon-suspension-gobierno_0_Zus7RI2KhH.html,"Escándalo en Gabón : cuestión de Estado , el gobierno echó al cuerpo técnico y suspendió a la selección hasta nuevo aviso",20260101T154500Z,Spanish,ole.com.ar,Argentina,2026-01-01,2026-01,Jan 2026,Las Panteras también no podrán contar a futuro con su estrella Pierre-Emerick Aubameyang por decisión del Ministerio de Deportes.,"Escándalo en Gabón : cuestión de Estado , el gobierno echó al cuerpo técnico y suspendió a la selección hasta nuevo aviso. Las Panteras también no podrán contar a futuro con su estrella Pierre-Emerick Aubameyang por decisión del Ministerio de Deportes.",titre+description,Negative,1,0,0,0.898
https://www.dostor.org/5364593,جيرنوت رور مدرب بنين : مواجهة مصر ستكون رائعة .. ونمتلك حظوظًا للفوز بالمباراة ( خاص ) ,20260101T154500Z,Arabic,dostor.org,Egypt,2026-01-01,2026-01,Jan 2026,شدد الألماني جيرنوت رور، المدير الفني لمنتخب بنين، على أهمية وصعوبة المواجهة التي ستجمع فريقه أمام مصر، في ثمن نهائي كأس الأمم الإفريقية.,جيرنوت رور مدرب بنين : مواجهة مصر ستكون رائعة .. ونمتلك حظوظًا للفوز بالمباراة ( خاص ). شدد الألماني جيرنوت رور، المدير الفني لمنتخب بنين، على أهمية وصعوبة المواجهة التي ستجمع فريقه أمام مصر، في ثمن نهائي كأس الأمم الإفريقية.,titre+description,Positive,0,0,1,0.9078
https://www.leral.net/%E2%80%8ECAN-2025-Des-clubs-etrangers-a-fond-derriere-les-Lions-et-leurs-joueurs-africains_a393224.html,‎CAN 2025 : Des clubs étrangers à fond derrière les  Lions  et leurs joueurs africains,20260101T153000Z,French,leral.net,Senegal,2026-01-01,2026-01,Jan 2026,"Plusieurs clubs anglais, français et saoudiens ont publiquement affiché leur soutien, sur leurs réseaux sociaux, à l’endroit de leurs joueurs sénégalais et, plus largement, aux footballeurs africain...","‎CAN 2025 : Des clubs étrangers à fond derrière les  Lions  et leurs joueurs africains. Plusieurs clubs anglais, français et saoudiens ont publiquement affiché leur soutien, sur leurs réseaux sociaux, à l’endroit de leurs joueurs sénégalais et, plus largement, aux footballeurs africain...",titre+description,Positive,0,0,1,0.8283
https://www.namibian.com.na/hakimi-salah-and-osimhen-head-star-packed-afcon-last-16-cast/,"Hakimi , Salah and Osimhen head star - packed Afcon last - 16 cast",20260101T153000Z,English,namibian.com.na,Namibia,2026-01-01,2026-01,Jan 2026,"A star-studded cast led by Achraf Hakimi, Mohamed Salah and Victor Osimhen switch to knockout fare from Saturday, when the Africa Cup of Nations resumes in […]","Hakimi , Salah and Osimhen head star - packed Afcon last - 16 cast. A star-studded cast led by Achraf Hakimi, Mohamed Salah and Victor Osimhen switch to knockout fare from Saturday, when the Africa Cup of Nations resumes in […]",titre+description,Neutral,0,1,0,0.5495
https://www.namibian.com.na/all-the-big-elections-to-look-out-for-in-2026/,All the big elections to look out for in 2026,20260101T153000Z,English,namibian.com.na,Namibia,2026-01-01,2026-01,Jan 2026,"More than 40 countries, representing a combined population of 1.6 billion people, will hold national-level elections in 2026. These contests, including general, presidential, and parliamentary elections, […]","All the big elections to look out for in 2026. More than 40 countries, representing a combined population of 1.6 billion people, will hold national-level elections in 2026. These contests, including general, presidential, and parliamentary elections, […]",titre+description,Neutral,0,1,0,0.5717
https://kesq.com/entertainment/cnn-style/2026/01/01/11-architecture-projects-set-to-shape-the-world-in-2026/,11 architecture projects set to shape the world in 2026,20260101T153000Z,English,kesq.com,United States,2026-01-01,2026-01,Jan 2026,"By Oscar Holland, CNN (CNN) — For American architecture, 2025 may be remembered for the deaths of icons Frank Gehry, Robert A. M. Stern and Ricardo Scofidio, a mastermind of New York’s High Line. More likely, however, it will go down as a year dominated by Donald Trump — his preference for classicism and disdain","11 architecture projects set to shape the world in 2026. By Oscar Holland, CNN (CNN) — For American architecture, 2025 may be remembered for the deaths of icons Frank Gehry, Robert A. M. Stern and Ricardo Scofidio, a mastermind of New York’s High Line. More likely, however, it will go down as a year dominated by Donald Trump — his preference for classicism and disdain",titre+description,Neutral,0,1,0,0.517
https://www.leadertelegram.com/news/nation-world/lions-roar-and-eagles-fly-all-the-24-teams-nicknames-at-the-africa-cup-of/article_3734dfbb-fc7d-5861-9538-242a6865bd1c.html,Lions roar and Eagles fly : All the 24 team nicknames at the Africa Cup of Nations,20260101T153000Z,English,leadertelegram.com,United States,2026-01-01,2026-01,Jan 2026,,Lions roar and Eagles fly : All the 24 team nicknames at the Africa Cup of Nations,titre seul,Neutral,0,1,0,0.5202
https://www.kingfut.com/2026/01/01/egypt-face-a-loaded-afcon-knockout-en-route-to-the-final/,Egypt face a loaded AFCON knockout route to the final,20260101T144500Z,English,kingfut.com,Egypt,2026-01-01,2026-01,Jan 2026,,Egypt face a loaded AFCON knockout route to the final,titre seul,Positive,0,0,1,0.4554
https://www.bbc.com/afrique/articles/cy0pe2yrzdwo,Photographie : Les plus belles images de nature de 2025,20260101T144500Z,French,bbc.com,United Kingdom,2026-01-01,2026-01,Jan 2026,"Des profondeurs des océans aux déserts, des montagnes à l'Amazonie reculée, voici les images les plus saisissantes du monde naturel en 2025.","Photographie : Les plus belles images de nature de 2025. Des profondeurs des océans aux déserts, des montagnes à l'Amazonie reculée, voici les images les plus saisissantes du monde naturel en 2025.",titre+description,Positive,0,0,1,0.8709
https://www.kob.com/ap-top-news/lions-roar-and-eagles-fly-all-the-24-teams-nicknames-at-the-africa-cup-of-nations/,Lions roar and Eagles fly : All the 24 team nicknames at the Africa Cup of Nations,20260101T143000Z,English,kob.com,United States,2026-01-01,2026-01,Jan 2026,,Lions roar and Eagles fly : All the 24 team nicknames at the Africa Cup of Nations,titre seul,Neutral,0,1,0,0.5202
https://www.kimt.com/news/11-architecture-projects-set-to-shape-the-world-in-2026/article_7ceea853-3187-51e1-9f50-0a5475c6b500.html,11 architecture projects set to shape the world in 2026,20260101T141500Z,English,kimt.com,United States,2026-01-01,2026-01,Jan 2026,"2026 may be shaped by bigger, blockbuster buildings. Among them are long-awaited museums, record-breaking skyscrapers and a soaring Catholic basilica almost 150 years in the making.","11 architecture projects set to shape the world in 2026. 2026 may be shaped by bigger, blockbuster buildings. Among them are long-awaited museums, record-breaking skyscrapers and a soaring Catholic basilica almost 150 years in the making.",titre+description,Positive,0,0,1,0.5105
https://punchng.com/hakimi-salah-osimhen-headline-star-packed-afcon-last-16/,Star - studded AFCON last 16 : Key matchups & players,20260101T140000Z,English,punchng.com,Nigeria,2026-01-01,2026-01,Jan 2026,"Dive into the AFCON last 16 as stars like Salah, Hakimi, and Osimhen lead their nations. Get a full preview of all eight knockout matchups and top players.","Star - studded AFCON last 16 : Key matchups & players. Dive into the AFCON last 16 as stars like Salah, Hakimi, and Osimhen lead their nations. Get a full preview of all eight knockout matchups and top players.",titre+description,Positive,0,0,1,0.7761
https://www.inewsgr.com/441/kopa-afrika-oi-meres-kai-oi-ores-tis-fasis-ton-nok-aout.htm,Κόπα Άφρικα : Οι μέρες και οι ώρες της φάσης των νοκ άουτ,20260101T134500Z,Greek,inewsgr.com,Greece,2026-01-01,2026-01,Jan 2026,Κόπα Άφρικα: Οι μέρες και οι ώρες της φάσης των νοκ άουτ - kopa afrika: oi meres kai oi ores tis fasis ton nok aout,Κόπα Άφρικα : Οι μέρες και οι ώρες της φάσης των νοκ άουτ. Κόπα Άφρικα: Οι μέρες και οι ώρες της φάσης των νοκ άουτ - kopa afrika: oi meres kai oi ores tis fasis ton nok aout,titre+description,Neutral,0,1,0,0.5848
https://fr.allafrica.com/stories/202601010140.html,Burkina Faso : Entrepreneuriat agricole - Richard Moné ou lagro entrepreneure écolo - intelligent,20260101T134500Z,French,fr.allafrica.com,Nigeria,2026-01-01,2026-01,Jan 2026,"De salarié à la fonction publique burkinabè en passant par les ONG internationales, Ricard Moné est aujourd'hui un succes story dans le domaine de l'entrepreneuriat agricole, engagé à changer le mauvais regard de la société sur l'agriculture. Sa ferme agroécologique à système de production intégrée, écolo-intelligente, située à Loumbila, est une école, une source d'inspiration pour nombre","Burkina Faso : Entrepreneuriat agricole - Richard Moné ou lagro entrepreneure écolo - intelligent. De salarié à la fonction publique burkinabè en passant par les ONG internationales, Ricard Moné est aujourd'hui un succes story dans le domaine de l'entrepreneuriat agricole, engagé à changer le mauvais regard de la société sur l'agriculture. Sa ferme agroécologique à système de production intégrée, écolo-intelligente, située à Loumbila, est une école, une source d'inspiration pour nombre",titre+description,Positive,0,0,1,0.646
https://www.leral.net/%e2%80%8eCAN-2025-des-clubs-etrangers-a-fond-derriere-les-Lions-et-de-leurs-joueurs-africains_a393224.html,‎CAN 2025 : des clubs étrangers à fond derrière les Lions et de leurs joueurs africains,20260101T133000Z,French,leral.net,Senegal,2026-01-01,2026-01,Jan 2026,"Plusieurs clubs anglais, français et saoudiens ont publiquement affiché leur soutien, sur leurs réseaux sociaux, à l’endroit de leurs joueurs sénégalais et, plus largement, aux footballeurs africain...","‎CAN 2025 : des clubs étrangers à fond derrière les Lions et de leurs joueurs africains. Plusieurs clubs anglais, français et saoudiens ont publiquement affiché leur soutien, sur leurs réseaux sociaux, à l’endroit de leurs joueurs sénégalais et, plus largement, aux footballeurs africain...",titre+description,Positive,0,0,1,0.8198
https://eahelqesa.com/news/%D8%A7%D9%84%D8%B7%D8%B1%D9%8A%D9%82-%D8%A5%D9%84%D9%89-%D8%A7%D9%84%D9%84%D9%82%D8%A8-%D9%85%D8%B4%D9%88%D8%A7%D8%B1-%D9%85%D9%86%D8%AA%D8%AE%D8%A8-%D9%85%D8%B5%D8%B1-%D9%86%D8%AD%D9%88-%D9%86,الطريق إلى اللقب .. مشوار منتخب مصر نحو نهائي كأس الأمم الأفريقية 2025,20260101T133000Z,Arabic,eahelqesa.com,,2026-01-01,2026-01,Jan 2026,,الطريق إلى اللقب .. مشوار منتخب مصر نحو نهائي كأس الأمم الأفريقية 2025,titre seul,Positive,0,0,1,0.5588
https://www.whec.com/ap-top-news/lions-roar-and-eagles-fly-all-the-24-teams-nicknames-at-the-africa-cup-of-nations/,Lions roar and Eagles fly : All the 24 team nicknames at the Africa Cup of Nations,20260101T131500Z,English,whec.com,United States,2026-01-01,2026-01,Jan 2026,,Lions roar and Eagles fly : All the 24 team nicknames at the Africa Cup of Nations,titre seul,Neutral,0,1,0,0.5202
https://www.calcionews24.com/coppa-dafrica-ottavi-di-finale-tabellone/,"Coppa dAfrica , tutto pronto per gli ottavi di finale ! ",20260101T130000Z,Italian,calcionews24.com,Italy,2026-01-01,2026-01,Jan 2026,"Coppa d'Africa, tutto pronto per gli ottavi di finale! Definito il tabellone: apre Senegal Sudan apre il turno il 3 gennaio, si chiude il 6","Coppa dAfrica , tutto pronto per gli ottavi di finale !. Coppa d'Africa, tutto pronto per gli ottavi di finale! Definito il tabellone: apre Senegal Sudan apre il turno il 3 gennaio, si chiude il 6",titre+description,Neutral,0,1,0,0.53
https://www.naijanews.com/2026/01/01/oba-of-benin-distances-self-from-attack-on-pedro-obaseki/,Oba Of Benin Distances Self From Attack On Pedro Obaseki,20260101T124500Z,English,naijanews.com,Nigeria,2026-01-01,2026-01,Jan 2026,"The Palace of the Oba of Benin has dissociated itself from the recent assault on media personality, Don Pedro Obaseki, following his comments at a UK","Oba Of Benin Distances Self From Attack On Pedro Obaseki. The Palace of the Oba of Benin has dissociated itself from the recent assault on media personality, Don Pedro Obaseki, following his comments at a UK",titre+description,Negative,1,0,0,0.8865
https://www.opinionnigeria.com/benin-palace-denies-involvement-in-attack-on-don-pedro-obaseki/,Benin Palace Denies Involvement in Attack on Don Pedro Obaseki,20260101T123000Z,English,opinionnigeria.com,Nigeria,2026-01-01,2026-01,Jan 2026,,Benin Palace Denies Involvement in Attack on Don Pedro Obaseki,titre seul,Negative,1,0,0,0.7494
https://fr.allafrica.com/stories/202601010091.html,"Afrique : CAN 2025 - Sénégal vs Soudan en 8ème , Pape Thiaw face à ses choix , le vrai tournoi commence",20260101T121500Z,French,fr.allafrica.com,Nigeria,2026-01-01,2026-01,Jan 2026,"Après une phase de poules globalement maîtrisée, le Sénégal entre dans le vif du sujet avec les huitièmes de finale. Plus le droit à l'erreur pour Pape Thiaw, désormais contraint de trancher dans son riche effectif et d'assumer ses choix forts.","Afrique : CAN 2025 - Sénégal vs Soudan en 8ème , Pape Thiaw face à ses choix , le vrai tournoi commence. Après une phase de poules globalement maîtrisée, le Sénégal entre dans le vif du sujet avec les huitièmes de finale. Plus le droit à l'erreur pour Pape Thiaw, désormais contraint de trancher dans son riche effectif et d'assumer ses choix forts.",titre+description,Positive,0,0,1,0.7521
https://quotidianodibari.it/la-bulgaria-nelleuro-il-g20-di-miami-e-gli-usa-che-festeggiano-250-anni-tutti-gli-eventi-del-2026/,"La Bulgaria nelleuro , il G20 di Miami e gli united states che festeggiano 250 anni : tutti gli eventi del 2026",20260101T121500Z,Italian,quotidianodibari.it,Italy,2026-01-01,2026-01,Jan 2026,"(Adnkronos) - Il 2026 si prospetta come uno snodo cruciale della politica globale. Tra la scadenza del trattato New Start, l’ingresso della Bulgaria","La Bulgaria nelleuro , il G20 di Miami e gli united states che festeggiano 250 anni : tutti gli eventi del 2026. (Adnkronos) - Il 2026 si prospetta come uno snodo cruciale della politica globale. Tra la scadenza del trattato New Start, l’ingresso della Bulgaria",titre+description,Neutral,0,1,0,0.561
https://fr.allafrica.com/stories/202601010065.html,Afrique : Bilan démocratique mitigé pour lannée 2025 où « la loi du plus fort sest banalisée » ,20260101T121500Z,French,fr.allafrica.com,Nigeria,2026-01-01,2026-01,Jan 2026,"Interview - Élections contestées, coups d'État, transitions militaires qui s'installent, répressions violentes. Avec pas moins d'une dizaine d'élections présidentielles sur le continent, bon nombre d'entre elles sous tension, l'année 2025 aura été une année agitée pour la démocratie en Afrique.","Afrique : Bilan démocratique mitigé pour lannée 2025 où « la loi du plus fort sest banalisée ». Interview - Élections contestées, coups d'État, transitions militaires qui s'installent, répressions violentes. Avec pas moins d'une dizaine d'élections présidentielles sur le continent, bon nombre d'entre elles sous tension, l'année 2025 aura été une année agitée pour la démocratie en Afrique.",titre+description,Negative,1,0,0,0.9243
https://www.bd-pratidin.com/international-news/2026/01/01/1198955,২০২৬ সালে বাংলাদেশসহ যে ৪২ দেশে নির্বাচন | | বাংলাদেশ প্রতিদিন,20260101T121500Z,Bengali,bd-pratidin.com,Bangladesh,2026-01-01,2026-01,Jan 2026,২০২৬ সালে বাংলাদেশসহ যে ৪২ দেশে নির্বাচন,২০২৬ সালে বাংলাদেশসহ যে ৪২ দেশে নির্বাচন | | বাংলাদেশ প্রতিদিন. ২০২৬ সালে বাংলাদেশসহ যে ৪২ দেশে নির্বাচন,titre+description,Neutral,0,1,0,0.7556
https://www.springfieldnewssun.com/news/nation-world/lions-roar-and-eagles-fly-all-the-24-teams-nicknames-at-the-africa-cup-of-nations/B42PNVRNOBJOXNG3IDPZE3N34I/,Lions roar and Eagles fly : All the 24 team nicknames at the Africa Cup of Nations,20260101T120000Z,English,springfieldnewssun.com,United States,2026-01-01,2026-01,Jan 2026,,Lions roar and Eagles fly : All the 24 team nicknames at the Africa Cup of Nations,titre seul,Neutral,0,1,0,0.5202
https://www.wdio.com/ap-top-news/lions-roar-and-eagles-fly-all-the-24-teams-nicknames-at-the-africa-cup-of-nations/,Lions roar and Eagles fly : All the 24 team nicknames at the Africa Cup of Nations,20260101T120000Z,English,wdio.com,United States,2026-01-01,2026-01,Jan 2026,,Lions roar and Eagles fly : All the 24 team nicknames at the Africa Cup of Nations,titre seul,Neutral,0,1,0,0.5202
https://www.lemonde.fr/afrique/article/2026/01/01/can-2025-les-favoris-au-rendez-vous-des-huitiemes-de-finale-une-organisation-scrutee-de-pres_6660234_3212.html,"CAN 2025  : les favoris au rendez - vous des huitièmes de finale , une organisation scrutée de près",20260101T114500Z,French,lemonde.fr,France,2026-01-01,2026-01,Jan 2026,,"CAN 2025  : les favoris au rendez - vous des huitièmes de finale , une organisation scrutée de près",titre seul,Positive,0,0,1,0.6754
https://ghettoradio.co.ke/afcon-2025-10-man-senegal-crush-benin-3-0-to-claim-group-d-top-spot/,AFCON 2025 : 10 - Man Senegal Crush Benin 3 - 0 to Claim Group D Top Spot,20260101T114500Z,English,ghettoradio.co.ke,Kenya,2026-01-01,2026-01,Jan 2026,"Senegal finished their 2025 AFCON group stage in style with a 3-0 win over Benin, though the victory was bittersweet following a red card for captain Kalidou Koulibaly.","AFCON 2025 : 10 - Man Senegal Crush Benin 3 - 0 to Claim Group D Top Spot. Senegal finished their 2025 AFCON group stage in style with a 3-0 win over Benin, though the victory was bittersweet following a red card for captain Kalidou Koulibaly.",titre+description,Positive,0,0,1,0.4376
https://www.aol.com/articles/11-architecture-projects-set-shape-101149503.html,11 architecture projects set to shape the world in 2026,20260101T114500Z,English,aol.com,United States,2026-01-01,2026-01,Jan 2026,,11 architecture projects set to shape the world in 2026,titre seul,Positive,0,0,1,0.5018
https://www.tell.ng/we-stand-with-you-in-quest-for-justice-obaseki-family-assures-son-don-pedro-victim-of-humiliating-mob-attack/,"We Stand With You In Quest For Justice , Obaseki Family Assures Son , Don Pedro , Victim Of Humiliating Mob Attack",20260101T114500Z,English,tell.ng,Nigeria,2026-01-01,2026-01,Jan 2026,,"We Stand With You In Quest For Justice , Obaseki Family Assures Son , Don Pedro , Victim Of Humiliating Mob Attack",titre seul,Negative,1,0,0,0.8307
https://us.cnn.com/2026/01/01/style/new-buildings-architecture-2026,11 architecture projects set to shape the world in 2026,20260101T111500Z,English,us.cnn.com,United States,2026-01-01,2026-01,Jan 2026,"Long-awaited museums, record-breaking skyscrapers and a soaring Catholic basilica — these architecture projects are worth a closer look.","11 architecture projects set to shape the world in 2026. Long-awaited museums, record-breaking skyscrapers and a soaring Catholic basilica — these architecture projects are worth a closer look.",titre+description,Positive,0,0,1,0.8204
https://www.infobae.com/cultura/2026/01/01/el-gran-museo-egipcio-aumenta-la-presion-para-recuperar-el-busto-de-nefertiti/,El Gran Museo Egipcio aumenta la presión para recuperar el busto de Nefertiti,20260101T111500Z,Spanish,infobae.com,Argentina,2026-01-01,2026-01,Jan 2026,"Un grupo de destacados arqueólogos egipcios encabeza una nueva campaña internacional que exige al Gobierno alemán el retorno de la escultura, mientras las autoridades de Berlín expresan reservas sobre la seguridad y la legalidad del traslado","El Gran Museo Egipcio aumenta la presión para recuperar el busto de Nefertiti. Un grupo de destacados arqueólogos egipcios encabeza una nueva campaña internacional que exige al Gobierno alemán el retorno de la escultura, mientras las autoridades de Berlín expresan reservas sobre la seguridad y la legalidad del traslado",titre+description,Positive,0,0,1,0.4485
https://www.thecable.ng/professionalising-public-procurement-in-nigeria-the-npcp-model/,Professionalising public procurement in Nigeria : The NPCP model,20260101T111500Z,English,thecable.ng,Nigeria,2026-01-01,2026-01,Jan 2026,"Stay connected via Google News BY YISA USMAN The Nigeria Procurement Certification Programme (NPCP), administered by the Bureau…","Professionalising public procurement in Nigeria : The NPCP model. Stay connected via Google News BY YISA USMAN The Nigeria Procurement Certification Programme (NPCP), administered by the Bureau…",titre+description,Neutral,0,1,0,0.6534
https://eahelqesa.com/news/%D8%A8%D8%AB-%D9%85%D8%A8%D8%A7%D8%B4%D8%B1-%D8%AA%D8%B1%D8%AF%D8%AF-%D8%A7%D9%84%D9%82%D9%86%D9%88%D8%A7%D8%AA-%D8%A7%D9%84%D9%86%D8%A7%D9%82%D9%84%D8%A9-%D9%84%D9%85%D8%A8%D8%A7%D8%B1%D8%A7%D8%A9-33,بث مباشر .. تردد القنوات الناقلة لمباراة منتخب مصر وبنين في أمم أفريقيا,20260101T111500Z,Arabic,eahelqesa.com,,2026-01-01,2026-01,Jan 2026,,بث مباشر .. تردد القنوات الناقلة لمباراة منتخب مصر وبنين في أمم أفريقيا,titre seul,Neutral,0,1,0,0.8572
https://fr.allafrica.com/stories/202601010061.html,Sénégal : Bignona - L  édition du Festival de Niamone sous le signe de la cohésion sociale,20260101T111500Z,French,fr.allafrica.com,Nigeria,2026-01-01,2026-01,Jan 2026,"La quatrième édition Festival de Niamone a été lancée mardi soir à Colomba, dans le département de Bignona, au cours d'une cérémonie officielle présidée par le sous-préfet de Tenghory, Amadou Diallo.","Sénégal : Bignona - L  édition du Festival de Niamone sous le signe de la cohésion sociale. La quatrième édition Festival de Niamone a été lancée mardi soir à Colomba, dans le département de Bignona, au cours d'une cérémonie officielle présidée par le sous-préfet de Tenghory, Amadou Diallo.",titre+description,Neutral,0,1,0,0.492
https://ekipnews.com/%D0%BD%D0%BE%D0%B2%D0%B0-%D0%B3%D0%BE%D0%B4%D0%B8%D0%BD%D0%B0-%D0%BD%D0%BE%D0%B2%D0%B8-%D0%B8%D0%B7%D0%B1%D0%BE%D1%80%D0%B8-%D0%BE%D0%B1%D0%B7%D0%BE%D1%80/,"Нова година , нови избори ( ОБЗОР ) - EkipNews . com - Новини и коментари",20260101T104500Z,Bulgarian,ekipnews.com,Bulgaria,2026-01-01,2026-01,Jan 2026,"Нова година, нови избори – с това мото ще започне новата година в България, където се очертава да има предсрочни парламентарни избори след оставката на правителството на премиера Росен Желязков през декември след масови протести срещу корупцията и влиянието на олигархията, отбелязва „Евронюз“ в аналитичен материал. Датата на тези предсрочни избори засега не е ясна. […]","Нова година , нови избори ( ОБЗОР ) - EkipNews . com - Новини и коментари. Нова година, нови избори – с това мото ще започне новата година в България, където се очертава да има предсрочни парламентарни избори след оставката на правителството на премиера Росен Желязков през декември след масови протести срещу корупцията и влиянието на олигархията, отбелязва „Евронюз“ в аналитичен материал. Датата на тези предсрочни избори засега не е ясна. […]",titre+description,Neutral,0,1,0,0.73
https://www.todomercadoweb.es/serie-a/copa-de-africa-remontadas-de-costa-de-marfil-y-camerun-ambas-a-octavos-533232,"Copa de África : remontadas de Costa de Marfil y Camerún ; ambas , a octavos",20260101T103000Z,Spanish,todomercadoweb.es,Spain,2026-01-01,2026-01,Jan 2026,"Costa de Marfil gana remontando y se coloca líder del grupo F, sellando así el pase a la siguiente ronda. Y eso que el Gabón golpeó.","Copa de África : remontadas de Costa de Marfil y Camerún ; ambas , a octavos. Costa de Marfil gana remontando y se coloca líder del grupo F, sellando así el pase a la siguiente ronda. Y eso que el Gabón golpeó.",titre+description,Positive,0,0,1,0.7287
https://pch24.pl/jaki-bedzie-2026-rok-plany-prognozy-i-trendy/,"Jaki będzie 2026 rok ? Plany , prognozy i trendy",20260101T103000Z,Polish,pch24.pl,Poland,2026-01-01,2026-01,Jan 2026,,"Jaki będzie 2026 rok ? Plany , prognozy i trendy",titre seul,Neutral,0,1,0,0.8859
https://h24info.ma/special-can/can-2025-grandes-affiches-stades-horaires-le-programme-complet-des-8es-de-finale/,"CAN 2025 : les quatre chocs qui promettent 8es de finale , H24info",20260101T103000Z,French,h24info.ma,Morocco,2026-01-01,2026-01,Jan 2026,"Après les matches de la 3e journée des groupes E et F, disputés hier mercredi 31 décembre, l'on connaît désormais le programme des huitièmes de finale de la","CAN 2025 : les quatre chocs qui promettent 8es de finale , H24info. Après les matches de la 3e journée des groupes E et F, disputés hier mercredi 31 décembre, l'on connaît désormais le programme des huitièmes de finale de la",titre+description,Positive,0,0,1,0.433
https://www.sofoot.com/articles/can-2025-comment-les-clubs-amateurs-gerent-labsence-de-leurs-internationaux-africains,Comment les clubs amateurs gèrent les départs à la CAN,20260101T103000Z,French,sofoot.com,France,2026-01-01,2026-01,Jan 2026,"En N1, N2 ou N3, les clubs ont aussi des internationaux africains à la…","Comment les clubs amateurs gèrent les départs à la CAN. En N1, N2 ou N3, les clubs ont aussi des internationaux africains à la…",titre+description,Neutral,0,1,0,0.5258
https://cn24tv.it/la-bulgaria-nelleuro-il-g20-di-miami-e-gli-usa-che-festeggiano-250-anni-tutti-gli-eventi-del-2026/,"La Bulgaria nelleuro , il G20 di Miami e gli united states che festeggiano 250 anni : tutti gli eventi del 2026",20260101T103000Z,Italian,cn24tv.it,Italy,2026-01-01,2026-01,Jan 2026,"(Adnkronos) - Il 2026 si prospetta come uno snodo cruciale della politica globale. Tra la scadenza del trattato New Start, l’ingresso della Bulgaria nell’eurozona, le celebrazioni del 250° anniversario degli Stati Uniti, elezioni decisive in Europa, America Latina, Africa e Asia, e grandi vertici multilaterali (Nato ad Ankara, G20 al…","La Bulgaria nelleuro , il G20 di Miami e gli united states che festeggiano 250 anni : tutti gli eventi del 2026. (Adnkronos) - Il 2026 si prospetta come uno snodo cruciale della politica globale. Tra la scadenza del trattato New Start, l’ingresso della Bulgaria nell’eurozona, le celebrazioni del 250° anniversario degli Stati Uniti, elezioni decisive in Europa, America Latina, Africa e Asia, e grandi vertici multilaterali (Nato ad Ankara, G20 al…",titre+description,Neutral,0,1,0,0.5943
https://www.one.co.il/Article/510441.html,"האוהד שעומד בחליפה , מרים יד ולא זז 90 דקות",20260101T100000Z,Hebrew,one.co.il,Israel,2026-01-01,2026-01,Jan 2026,הרצח שלא נשכח: מחווה יוצאת דופן באליפות אפריקה גנבה את ההצגה ב-0:3 של קונגו הדמוקרטית על בוטסואנה. בתחילת הטורניר האוהד עמד אפילו 115 דקות,"האוהד שעומד בחליפה , מרים יד ולא זז 90 דקות. הרצח שלא נשכח: מחווה יוצאת דופן באליפות אפריקה גנבה את ההצגה ב-0:3 של קונגו הדמוקרטית על בוטסואנה. בתחילת הטורניר האוהד עמד אפילו 115 דקות",titre+description,Negative,1,0,0,0.5674
https://fr.allafrica.com/stories/202601010015.html,Afrique : CAN 2025 - Afrique du Sud - Cameroun et Côte dIvoire - Burkina Faso en attraction pour les huitièmes,20260101T100000Z,French,fr.allafrica.com,Nigeria,2026-01-01,2026-01,Jan 2026,La Côte d'Ivoire et le Cameroun sont les deux équipes du groupe F qualifiées pour les huitièmes de finale de la Coupe d'Afrique des nations de football 2025 (CAN) et vont affronter respectivement le Burkina Faso et l'Afrique du Sud.,Afrique : CAN 2025 - Afrique du Sud - Cameroun et Côte dIvoire - Burkina Faso en attraction pour les huitièmes. La Côte d'Ivoire et le Cameroun sont les deux équipes du groupe F qualifiées pour les huitièmes de finale de la Coupe d'Afrique des nations de football 2025 (CAN) et vont affronter respectivement le Burkina Faso et l'Afrique du Sud.,titre+description,Neutral,0,1,0,0.608
https://www.aljazeera.com/news/2026/1/1/all-the-big-elections-to-look-out-for-in-2026,All the big elections to look out for in 2026,20260101T100000Z,English,aljazeera.com,United States,2026-01-01,2026-01,Jan 2026,"From the February vote in Bangladesh to the November US midterms, here is a calendar of key election dates.","All the big elections to look out for in 2026. From the February vote in Bangladesh to the November US midterms, here is a calendar of key election dates.",titre+description,Neutral,0,1,0,0.758
https://quotidianodifoggia.it/la-bulgaria-nelleuro-il-g20-di-miami-e-gli-usa-che-festeggiano-250-anni-tutti-gli-eventi-del-2026/,"La Bulgaria nelleuro , il G20 di Miami e gli united states che festeggiano 250 anni : tutti gli eventi del 2026",20260101T100000Z,Italian,quotidianodifoggia.it,Italy,2026-01-01,2026-01,Jan 2026,"(Adnkronos) - Il 2026 si prospetta come uno snodo cruciale della politica globale. Tra la scadenza del trattato New Start, l’ingresso della Bulgaria","La Bulgaria nelleuro , il G20 di Miami e gli united states che festeggiano 250 anni : tutti gli eventi del 2026. (Adnkronos) - Il 2026 si prospetta come uno snodo cruciale della politica globale. Tra la scadenza del trattato New Start, l’ingresso della Bulgaria",titre+description,Neutral,0,1,0,0.561
https://fr.allafrica.com/stories/202601010038.html,Afrique : CAN 2025 - LAlgérie et le Nigeria ont dominé la phase des poules,20260101T100000Z,French,fr.allafrica.com,Nigeria,2026-01-01,2026-01,Jan 2026,L'Algérie et le Nigeria ont dominé la phase des poules de la 35e édition de la Coupe d'Afrique des nations (CAN) de football en obtenant chacun neuf points.,Afrique : CAN 2025 - LAlgérie et le Nigeria ont dominé la phase des poules. L'Algérie et le Nigeria ont dominé la phase des poules de la 35e édition de la Coupe d'Afrique des nations (CAN) de football en obtenant chacun neuf points.,titre+description,Positive,0,0,1,0.5659
https://www.gsp.ro/international/campionate/cupa-africii-optimi-jucatori-superliga-886400.html,Tabloul complet al optimilor Cupei Africii » 3 jucători din Superligă au fost eliminați,20260101T093000Z,Romanian,gsp.ro,Romania,2026-01-01,2026-01,Jan 2026,"Meciurile jucate pe 31 decembrie au definitivat tabloul optimilor Cupei Africii pe Națiuni. Dintre cei 7 reprezentanți ai Superligii României, 4 rămân în competiție.","Tabloul complet al optimilor Cupei Africii » 3 jucători din Superligă au fost eliminați. Meciurile jucate pe 31 decembrie au definitivat tabloul optimilor Cupei Africii pe Națiuni. Dintre cei 7 reprezentanți ai Superligii României, 4 rămân în competiție.",titre+description,Neutral,0,1,0,0.7616
https://tuttoggi.info/la-bulgaria-nelleuro-il-g20-di-miami-e-gli-usa-che-festeggiano-250-anni-tutti-gli-eventi-del-2026/964238/,"La Bulgaria nelleuro , il G20 di Miami e gli united states che festeggiano 250 anni : tutti gli eventi del 2026",20260101T091500Z,Italian,tuttoggi.info,Italy,2026-01-01,2026-01,Jan 2026,"(Adnkronos) – Il 2026 si prospetta come uno snodo cruciale della politica globale. Tra la scadenza del trattato New Start, l’ingresso della Bulgaria nell’eurozona, le celebrazioni del 250° anniversario degli Stati Uniti, elezioni decisive in Europa, America Latina, Africa e Asia, e grandi vertici multilaterali (Nato ad Ankara, G20 al Trump National Doral, Cop31 ad […]","La Bulgaria nelleuro , il G20 di Miami e gli united states che festeggiano 250 anni : tutti gli eventi del 2026. (Adnkronos) – Il 2026 si prospetta come uno snodo cruciale della politica globale. Tra la scadenza del trattato New Start, l’ingresso della Bulgaria nell’eurozona, le celebrazioni del 250° anniversario degli Stati Uniti, elezioni decisive in Europa, America Latina, Africa e Asia, e grandi vertici multilaterali (Nato ad Ankara, G20 al Trump National Doral, Cop31 ad […]",titre+description,Neutral,0,1,0,0.6499
https://www.savonanews.it/2026/01/01/leggi-notizia/argomenti/ultimora/articolo/la-bulgaria-nelleuro-il-g20-di-miami-e-gli-usa-che-festeggiano-250-anni-tutti-gli-eventi-del-2026.html,"La Bulgaria nelleuro , il G20 di Miami e gli united states che festeggiano 250 anni : tutti gli eventi del 2026",20260101T084500Z,Italian,savonanews.it,Italy,2026-01-01,2026-01,Jan 2026,,"La Bulgaria nelleuro , il G20 di Miami e gli united states che festeggiano 250 anni : tutti gli eventi del 2026",titre seul,Neutral,0,1,0,0.72
https://news.china.com/socialgd/10000169/20260101/49127644.html,跨年最佳节目 视听盛宴迎新年 _ 新闻频道 _ 中华网,20260101T084500Z,Chinese,news.china.com,China,2026-01-01,2026-01,Jan 2026,å²æ«çéå£°å³å°æ²åï¼ä»æï¼å¤®è§ä¸å¤å®¶å«è§ãç½ç»å¹³å°çè·¨å¹´æä¼å°åæ­¥å¼å¯ï¼ä¸ºè§ä¼å¸¦æ¥ä¸åºè§å¬çå®´ãä»å®¶å½ææå°éæ¥çæ¬¢ï¼ä»ç»å¸éç°å°æ½®æµå¼é¢ï¼åå°çè·¨å¹´æä¼èç®åæ¥è¿å¬å¼ï¼æ­æéµå®¹æåç ç,跨年最佳节目 视听盛宴迎新年 _ 新闻频道 _ 中华网. å²æ«çéå£°å³å°æ²åï¼ä»æï¼å¤®è§ä¸å¤å®¶å«è§ãç½ç»å¹³å°çè·¨å¹´æä¼å°åæ­¥å¼å¯ï¼ä¸ºè§ä¼å¸¦æ¥ä¸åºè§å¬çå®´ãä»å®¶å½ææå°éæ¥çæ¬¢ï¼ä»ç»å¸éç°å°æ½®æµå¼é¢ï¼åå°çè·¨å¹´æä¼èç®åæ¥è¿å¬å¼ï¼æ­æéµå®¹æåç ç,titre+description,Neutral,0,1,0,0.4891
https://www.dostor.org/5363933,حسام حسن يعود للتشكيلة الأساسية أمام بنين في دور الـ16 بأمم إفريقيا,20260101T084500Z,Arabic,dostor.org,Egypt,2026-01-01,2026-01,Jan 2026,يعود حسام حسن المدير الفنى للمنتخب الوطنى الأول لكرة القدم، للتشكيل الأساسي خلال مواجهة بنين المقرر لها يوم الإثنين المقبل على نفس الملعب,حسام حسن يعود للتشكيلة الأساسية أمام بنين في دور الـ16 بأمم إفريقيا. يعود حسام حسن المدير الفنى للمنتخب الوطنى الأول لكرة القدم، للتشكيل الأساسي خلال مواجهة بنين المقرر لها يوم الإثنين المقبل على نفس الملعب,titre+description,Neutral,0,1,0,0.6312
https://www.valledaostaglocal.it/2026/01/01/leggi-notizia/argomenti/ultimora/articolo/la-bulgaria-nelleuro-il-g20-di-miami-e-gli-usa-che-festeggiano-250-anni-tutti-gli-eventi-del-2026.html,"La Bulgaria nelleuro , il G20 di Miami e gli united states che festeggiano 250 anni : tutti gli eventi del 2026",20260101T084500Z,Italian,valledaostaglocal.it,Italy,2026-01-01,2026-01,Jan 2026,,"La Bulgaria nelleuro , il G20 di Miami e gli united states che festeggiano 250 anni : tutti gli eventi del 2026",titre seul,Neutral,0,1,0,0.72
"https://www.one.co.il/Article/25-26/3,985,5017,115357/510441.html","האוהד שעומד בחליפה , מרים יד ולא זז 90 דקות",20260101T083000Z,Hebrew,one.co.il,Israel,2026-01-01,2026-01,Jan 2026,הרצח שלא נשכח: מחווה יוצאת דופן באליפות אפריקה גנבה את ההצגה ב-0:3 של קונגו הדמוקרטית על בוטסואנה. בתחילת הטורניר האוהד עמד אפילו 115 דקות,"האוהד שעומד בחליפה , מרים יד ולא זז 90 דקות. הרצח שלא נשכח: מחווה יוצאת דופן באליפות אפריקה גנבה את ההצגה ב-0:3 של קונגו הדמוקרטית על בוטסואנה. בתחילת הטורניר האוהד עמד אפילו 115 דקות",titre+description,Negative,1,0,0,0.5674
https://www.sassarinotizie.com/2026/01/01/la-bulgaria-nelleuro-il-g20-di-miami-e-gli-usa-che-festeggiano-250-anni-tutti-gli-eventi-del-2026-2/,"La Bulgaria nelleuro , il G20 di Miami e gli united states che festeggiano 250 anni : tutti gli eventi del 2026 – Sassari Notizie",20260101T083000Z,Italian,sassarinotizie.com,Italy,2026-01-01,2026-01,Jan 2026,"(Adnkronos) – Il 2026 si prospetta come uno snodo cruciale della politica globale. Tra la scadenza del trattato New Start, l’ingresso della Bulgaria nell’eurozona, le celebrazioni del 250° anniversario degli Stati Uniti, elezioni decisive in Europa, America Latina, Africa e Asia, e grandi vertici multilaterali (Nato ad Ankara, G20 al Trump National Doral, Cop31 ad […]","La Bulgaria nelleuro , il G20 di Miami e gli united states che festeggiano 250 anni : tutti gli eventi del 2026 – Sassari Notizie. (Adnkronos) – Il 2026 si prospetta come uno snodo cruciale della politica globale. Tra la scadenza del trattato New Start, l’ingresso della Bulgaria nell’eurozona, le celebrazioni del 250° anniversario degli Stati Uniti, elezioni decisive in Europa, America Latina, Africa e Asia, e grandi vertici multilaterali (Nato ad Ankara, G20 al Trump National Doral, Cop31 ad […]",titre+description,Neutral,0,1,0,0.5751
https://www.sassarinotizie.com/2026/01/01/la-bulgaria-nelleuro-il-g20-di-miami-e-gli-usa-che-festeggiano-250-anni-tutti-gli-eventi-del-2026/,"La Bulgaria nelleuro , il G20 di Miami e gli united states che festeggiano 250 anni : tutti gli eventi del 2026 – Sassari Notizie",20260101T083000Z,Italian,sassarinotizie.com,Italy,2026-01-01,2026-01,Jan 2026,"(Adnkronos) – Il 2026 si prospetta come uno snodo cruciale della politica globale. Tra la scadenza del trattato New Start, l’ingresso della Bulgaria nell’eurozona, le celebrazioni del 250° anniversario degli Stati Uniti, elezioni decisive in Europa, America Latina, Africa e Asia, e grandi vertici multilaterali (Nato ad Ankara, G20 al Trump National Doral, Cop31 ad […]","La Bulgaria nelleuro , il G20 di Miami e gli united states che festeggiano 250 anni : tutti gli eventi del 2026 – Sassari Notizie. (Adnkronos) – Il 2026 si prospetta come uno snodo cruciale della politica globale. Tra la scadenza del trattato New Start, l’ingresso della Bulgaria nell’eurozona, le celebrazioni del 250° anniversario degli Stati Uniti, elezioni decisive in Europa, America Latina, Africa e Asia, e grandi vertici multilaterali (Nato ad Ankara, G20 al Trump National Doral, Cop31 ad […]",titre+description,Neutral,0,1,0,0.5751
https://www.ossolanews.it/2026/01/01/leggi-notizia/argomenti/ultimora/articolo/la-bulgaria-nelleuro-il-g20-di-miami-e-gli-usa-che-festeggiano-250-anni-tutti-gli-eventi-del-2026.html,"La Bulgaria nelleuro , il G20 di Miami e gli united states che festeggiano 250 anni : tutti gli eventi del 2026",20260101T081500Z,Italian,ossolanews.it,Italy,2026-01-01,2026-01,Jan 2026,,"La Bulgaria nelleuro , il G20 di Miami e gli united states che festeggiano 250 anni : tutti gli eventi del 2026",titre seul,Neutral,0,1,0,0.72
https://www.meridiananotizie.it/2026/01/primo-piano/la-bulgaria-nelleuro-il-g20-di-miami-e-gli-usa-che-festeggiano-250-anni-tutti-gli-eventi-del-2026/,"La Bulgaria nelleuro , il G20 di Miami e gli united states che festeggiano 250 anni : tutti gli eventi del 2026",20260101T080000Z,Italian,meridiananotizie.it,Italy,2026-01-01,2026-01,Jan 2026,"(Adnkronos) – Il 2026 si prospetta come uno snodo cruciale della politica globale. Tra la scadenza del trattato New Start, l’ingresso della Bulgaria nell’eurozona, le celebrazioni del 250° anniversario degli Stati Uniti, elezioni decisive in Europa, America Latina, Africa e Asia, e grandi vertici multilaterali (Nato ad Ankara, G20 al Trump National Doral, Cop31 ad","La Bulgaria nelleuro , il G20 di Miami e gli united states che festeggiano 250 anni : tutti gli eventi del 2026. (Adnkronos) – Il 2026 si prospetta come uno snodo cruciale della politica globale. Tra la scadenza del trattato New Start, l’ingresso della Bulgaria nell’eurozona, le celebrazioni del 250° anniversario degli Stati Uniti, elezioni decisive in Europa, America Latina, Africa e Asia, e grandi vertici multilaterali (Nato ad Ankara, G20 al Trump National Doral, Cop31 ad",titre+description,Neutral,0,1,0,0.6386
https://kosmoslarissa.gr/athlitika/%CE%BA%CF%8C%CF%80%CE%B1-%CE%AC%CF%86%CF%81%CE%B9%CE%BA%CE%B1-%CF%84%CE%B1-%CE%B6%CE%B5%CF%85%CE%B3%CE%AC%CF%81%CE%B9%CE%B1-%CF%84%CE%B7%CF%82-%CF%86%CE%AC%CF%83%CE%B7%CF%82-%CF%84%CF%89%CE%BD/,Κόπα Άφρικα : Τα ζευγάρια της φάσης των « 16 » και οι διασταυρώσεις μέχρι τον τελικό,20260101T080000Z,Greek,kosmoslarissa.gr,Greece,2026-01-01,2026-01,Jan 2026,"Η ολοκλήρωση των αγωνιστικών υποχρεώσεων στον Ε’ και ΣΤ’ όμιλο του Κυπέλλου Εθνών Αφρικής, οριστικοποίησε την είσοδο (και) του Σουδάν στη φάση των «16», ενώ «κλείδωσε» και τα 8 ζευγάρια της πρώτης σειράς των νοκ-άουτ, αλλά και τις διασταυρώσεις ως τον τελικό. Το πιο «δυνατό» ζευγάρι είναι αυτό ανάμεσα στη Νότια Αφρική και το Καμερούν, […]","Κόπα Άφρικα : Τα ζευγάρια της φάσης των « 16 » και οι διασταυρώσεις μέχρι τον τελικό. Η ολοκλήρωση των αγωνιστικών υποχρεώσεων στον Ε’ και ΣΤ’ όμιλο του Κυπέλλου Εθνών Αφρικής, οριστικοποίησε την είσοδο (και) του Σουδάν στη φάση των «16», ενώ «κλείδωσε» και τα 8 ζευγάρια της πρώτης σειράς των νοκ-άουτ, αλλά και τις διασταυρώσεις ως τον τελικό. Το πιο «δυνατό» ζευγάρι είναι αυτό ανάμεσα στη Νότια Αφρική και το Καμερούν, […]",titre+description,Neutral,0,1,0,0.5544
https://www.adnkronos.com/internazionale/esteri/la-bulgaria-nelleuro-il-g20-di-miami-e-gli-usa-che-festeggiano-250-anni-tutti-gli-eventi-del-2026_1xnS9sHOBh9z8j3iYuh49m,"2026 , gli snodi cruciali della politica globale : dal G20 di Miami alla Bulgaria nelleurozona",20260101T073000Z,Italian,adnkronos.com,Italy,2026-01-01,2026-01,Jan 2026,Gli eventi del nuovo anno,"2026 , gli snodi cruciali della politica globale : dal G20 di Miami alla Bulgaria nelleurozona. Gli eventi del nuovo anno",titre+description,Neutral,0,1,0,0.8635
https://www.ghanamma.com/2026/01/01/afcon-round-of-16-senegal-dr-congo-win-big-to-advance/,"AFCON Round of 16 : Senegal , DR Congo win big to advance",20260101T064500Z,English,ghanamma.com,Ghana,2026-01-01,2026-01,Jan 2026,,"AFCON Round of 16 : Senegal , DR Congo win big to advance",titre seul,Positive,0,0,1,0.516
https://www.theguardian.com/commentisfree/2026/jan/01/racist-go-home-place-dna-test-countries,"When racists shout  Go home , and you come from 15 places , what to do ? | Hugh Muir",20260101T064500Z,English,theguardian.com,United Kingdom,2026-01-01,2026-01,Jan 2026,"A DNA test showed me that theoretically I have links to a long list of countries – and that the way we look at belonging makes little sense, says Hugh Muir, executive editor, Opinion","When racists shout  Go home , and you come from 15 places , what to do ? | Hugh Muir. A DNA test showed me that theoretically I have links to a long list of countries – and that the way we look at belonging makes little sense, says Hugh Muir, executive editor, Opinion",titre+description,Neutral,0,1,0,0.4489
https://elpais.com/planeta-futuro/2026-01-01/musicas-desde-africa-para-comenzar-el-ano-con-buenas-vibras.html,Músicas desde África para comenzar el año con buenas vibras,20260101T064500Z,Spanish,elpais.com,Spain,2026-01-01,2026-01,Jan 2026,Un recorrido por algunos de los temas más escuchados en diversas partes del continente,Músicas desde África para comenzar el año con buenas vibras. Un recorrido por algunos de los temas más escuchados en diversas partes del continente,titre+description,Positive,0,0,1,0.8011
https://www.myjoyonline.com/afcon-round-of-16-senegal-dr-congo-win-big-to-advance/,"AFCON Round of 16 : Senegal , DR Congo win big to advance",20260101T060000Z,English,myjoyonline.com,Ghana,2026-01-01,2026-01,Jan 2026,"Senegal underlined their TotalEnergies CAF AFCON title credentials with a commanding 3-0 victory over Benin in their final Group D encounter, in an entertaining contest played in Tangiers on Tuesday evening.","AFCON Round of 16 : Senegal , DR Congo win big to advance. Senegal underlined their TotalEnergies CAF AFCON title credentials with a commanding 3-0 victory over Benin in their final Group D encounter, in an entertaining contest played in Tangiers on Tuesday evening.",titre+description,Positive,0,0,1,0.7904
https://www.ladepeche.fr/2026/01/01/les-grands-rendez-vous-de-2026-en-france-et-dans-le-monde-13138588.php,Les grands rendez - vous de 2026 en France et dans le monde,20260101T060000Z,French,ladepeche.fr,France,2026-01-01,2026-01,Jan 2026,"L’année 2026 est marquée par des événements sportifs mondiaux de premier plan, des échéances politiques majeures et des avancées technologiques et spatiales significatives. Tour...","Les grands rendez - vous de 2026 en France et dans le monde. L’année 2026 est marquée par des événements sportifs mondiaux de premier plan, des échéances politiques majeures et des avancées technologiques et spatiales significatives. Tour...",titre+description,Positive,0,0,1,0.7802
https://ekipnews.com/%D0%BE%D0%B1%D0%B7%D0%BE%D1%80-%D0%BD%D0%BE%D0%B2%D0%B0-%D0%B3%D0%BE%D0%B4%D0%B8%D0%BD%D0%B0-%D0%BD/,"ОБЗОР Нова година , нови избори - EkipNews . com",20260101T054500Z,Bulgarian,ekipnews.com,Bulgaria,2026-01-01,2026-01,Jan 2026,"София,   01.01.2026 04:21  (БТА) Нова година, нови избори – с това мото ще започне новата година в България, където се очертава да има предсрочни парламентарни избори след оставката на правителството на премиера Росен Желязков през декември след масови протести срещу корупцията и влиянието на олигархията, отбелязва „Евронюз“ в аналитичен материал. Датата на тези предсрочни […]","ОБЗОР Нова година , нови избори - EkipNews . com. София,   01.01.2026 04:21  (БТА) Нова година, нови избори – с това мото ще започне новата година в България, където се очертава да има предсрочни парламентарни избори след оставката на правителството на премиера Росен Желязков през декември след масови протести срещу корупцията и влиянието на олигархията, отбелязва „Евронюз“ в аналитичен материал. Датата на тези предсрочни […]",titre+description,Neutral,0,1,0,0.7699
https://www.premiumtimesng.com/news/headlines/846905-insecurity-police-abuses-press-attacks-shaped-nigerias-human-rights-profile-in-2025.html,"Insecurity , police abuses , press attacks shaped Nigeria human rights profile in 2025",20260101T054500Z,English,premiumtimesng.com,Nigeria,2026-01-01,2026-01,Jan 2026,This piece reviews some notable incidents and developments that shaped Nigeria’s human rights outlook in 2025.,"Insecurity , police abuses , press attacks shaped Nigeria human rights profile in 2025. This piece reviews some notable incidents and developments that shaped Nigeria’s human rights outlook in 2025.",titre+description,Negative,1,0,0,0.4889
https://naija247news.com/afcon-2025-nigeria-to-face-mozambique-in-round-of-16-clash-in-fez/,AFCON 2025 : Nigeria to Face Mozambique in Round of 16 Clash in Fez,20260101T050000Z,English,naija247news.com,Nigeria,2026-01-01,2026-01,Jan 2026,,AFCON 2025 : Nigeria to Face Mozambique in Round of 16 Clash in Fez,titre seul,Neutral,0,1,0,0.7888
https://naija247news.com/afcon-2025-round-of-16-fixtures-confirmed-as-knockout-battles-begin-in-morocco/,AFCON 2025 : Round of 16 Fixtures Confirmed as Knockout Battles Begin in Morocco,20260101T050000Z,English,naija247news.com,Nigeria,2026-01-01,2026-01,Jan 2026,,AFCON 2025 : Round of 16 Fixtures Confirmed as Knockout Battles Begin in Morocco,titre seul,Neutral,0,1,0,0.7734
https://eahelqesa.com/news/%D8%AA%D9%88%D9%82%D9%8A%D8%AA-%D8%AD%D8%A7%D8%B3%D9%85-%D9%85%D9%88%D8%B9%D8%AF-%D9%85%D8%A8%D8%A7%D8%B1%D8%A7%D8%A9-%D9%85%D9%86%D8%AA%D8%AE%D8%A8-%D9%85%D8%B5%D8%B1-%D8%A3%D9%85%D8%A7%D9%85,توقيت حاسم .. موعد مباراة منتخب مصر أمام بنين في ثمن نهائي أمم أفريقيا,20260101T044500Z,Arabic,eahelqesa.com,,2026-01-01,2026-01,Jan 2026,,توقيت حاسم .. موعد مباراة منتخب مصر أمام بنين في ثمن نهائي أمم أفريقيا,titre seul,Neutral,0,1,0,0.6633
https://kaieteurnewsonline.com/2026/01/01/guyana-concludes-tenure-on-un-security-council/,Guyana concludes tenure on UN Security Council,20260101T044500Z,English,kaieteurnewsonline.com,Guyana,2026-01-01,2026-01,Jan 2026,,Guyana concludes tenure on UN Security Council,titre seul,Neutral,0,1,0,0.681
https://www.opinionnigeria.com/2025-genocide-missile-and-other-issues-by-usman-abdullahi-koli/,"2025 : Genocide , Missile and Other Issues - By Usman Abdullahi Koli",20260101T034500Z,English,opinionnigeria.com,Nigeria,2026-01-01,2026-01,Jan 2026,"Bas De Bikini Femme Taille Haute Bas De Bikini Taille Haute Lovache – Coupe Froncée, Effet Ventre Plat – En Polyamide-élasthanne – Pour Femme","2025 : Genocide , Missile and Other Issues - By Usman Abdullahi Koli. Bas De Bikini Femme Taille Haute Bas De Bikini Taille Haute Lovache – Coupe Froncée, Effet Ventre Plat – En Polyamide-élasthanne – Pour Femme",titre+description,Negative,1,0,0,0.6787
https://www.opinionnigeria.com/american-missiles-nigerian-fault-lines-why-our-insecurity-cannot-be-bombed-away-by-arc-aliyu-tanimu/,"American Missiles , Nigerian Fault Lines : Why Our Insecurity Cannot Be Bombed Away - By Arc Aliyu Tanimu",20260101T034500Z,English,opinionnigeria.com,Nigeria,2026-01-01,2026-01,Jan 2026,Réfrigération Moteur Mini R56 R55 Tuyau De Pompe à Eau Mini Cooper – Références 11537589713 & 11537541845 – Compatible R55 R56 R57 R58 R59 R60,"American Missiles , Nigerian Fault Lines : Why Our Insecurity Cannot Be Bombed Away - By Arc Aliyu Tanimu. Réfrigération Moteur Mini R56 R55 Tuyau De Pompe à Eau Mini Cooper – Références 11537589713 & 11537541845 – Compatible R55 R56 R57 R58 R59 R60",titre+description,Negative,1,0,0,0.6768
https://www.milenio.com/deportes/futbol-internacional/copa-africana-naciones-asi-se-jugaran-partidos-octavos-de-final,Copa Africana de Naciones 2025 . Así se jugarán de octavos de final,20260101T034500Z,Spanish,milenio.com,Mexico,2026-01-01,2026-01,Jan 2026,Conoce cómo quedaron los partidos de los octavos de final de la Copa Africana de Naciones 2025; checa las fechas y horarios,Copa Africana de Naciones 2025 . Así se jugarán de octavos de final. Conoce cómo quedaron los partidos de los octavos de final de la Copa Africana de Naciones 2025; checa las fechas y horarios,titre+description,Neutral,0,1,0,0.8881
https://www.itbear.com.cn/html/2026-01/1075061.html,鸿蒙智行享界2025达成挑战目标 2026将推多款新品拓展新领域 - 手机快报 - ITBear科技资讯,20260101T034500Z,Chinese,itbear.com.cn,China,2026-01-01,2026-01,Jan 2026,é¸¿èæºè¡äº«ç2025è¾¾æææç®æ  2026å°æ¨å¤æ¬¾æ°åæå±æ°é¢å,鸿蒙智行享界2025达成挑战目标 2026将推多款新品拓展新领域 - 手机快报 - ITBear科技资讯. é¸¿èæºè¡äº«ç2025è¾¾æææç®æ  2026å°æ¨å¤æ¬¾æ°åæå±æ°é¢å,titre+description,Neutral,0,1,0,0.53
https://nb.ifeng.com/c/8pX9XTtMT64,宁波 ， 全国第十 ！《 中国城市国际网络形象指数报告 》 发布,20260101T033000Z,Chinese,nb.ifeng.com,China,2026-01-01,2026-01,Jan 2026,宁波，全国第十！《中国城市国际网络形象指数报告》发布,宁波 ， 全国第十 ！《 中国城市国际网络形象指数报告 》 发布. 宁波，全国第十！《中国城市国际网络形象指数报告》发布,titre+description,Neutral,0,1,0,0.7965
https://cameroun24.net/article/72175-can-2025-le-programme-allechant-des-huitiemes-de-finale-on-entre-dans-le-vif-du-sujet.html,"CAN 2025 : Le programme alléchant des huitièmes de finale , on entre dans le vif du sujet - Cameroun24 . net",20260101T031500Z,French,cameroun24.net,Cameroon,2026-01-01,2026-01,Jan 2026,"La CAN 2025 au Maroc change de dimension. Après une phase de groupes intense et parfois impitoyable, place désormais aux huitièmes de finale, v?ritable point...","CAN 2025 : Le programme alléchant des huitièmes de finale , on entre dans le vif du sujet - Cameroun24 . net. La CAN 2025 au Maroc change de dimension. Après une phase de groupes intense et parfois impitoyable, place désormais aux huitièmes de finale, v?ritable point...",titre+description,Positive,0,0,1,0.4601
https://www.excelsior.com.mx/deportes/quedaron-definidos-todos-cruces-octavos-final-copa-africana-naciones,Quedaron definidos todos los cruces de octavos de final de la Copa Africana de Naciones,20260101T031500Z,Spanish,excelsior.com.mx,Mexico,2026-01-01,2026-01,Jan 2026,"Con la fase de grupos formando parte de los libros de historia, así se jugará los duelos eliminatorios","Quedaron definidos todos los cruces de octavos de final de la Copa Africana de Naciones. Con la fase de grupos formando parte de los libros de historia, así se jugará los duelos eliminatorios",titre+description,Neutral,0,1,0,0.7195
https://www.semana.com/deportes/articulo/compite-con-la-obra-maestra-de-luis-diaz-tras-un-gol-puskas-en-africa-y-ahora-le-da-la-vuelta-al-mundo-con-nuevo-apodo/202532/,Compite con la obra maestra de Luis Díaz tras un gol Puskás en África y ahora le da la vuelta al mundo con nuevo apodo,20260101T030000Z,Spanish,semana.com,Colombia,2026-01-01,2026-01,Jan 2026,El delantero marroquí le da la vuelta al mundo con dos maniobras acrobáticas en la Copa África y mete una obra maestra más que le compite a la de Luis Díaz por el Premio Puskás.,Compite con la obra maestra de Luis Díaz tras un gol Puskás en África y ahora le da la vuelta al mundo con nuevo apodo. El delantero marroquí le da la vuelta al mundo con dos maniobras acrobáticas en la Copa África y mete una obra maestra más que le compite a la de Luis Díaz por el Premio Puskás.,titre+description,Positive,0,0,1,0.5583
https://dailytrust.com/trumps-strikes-ajs-accident-and-nigerias-bleeding-reputation/,"Trump Strikes , AJ Accident And Nigeria Bleeding Reputation",20260101T024500Z,English,dailytrust.com,Niger,2026-01-01,2026-01,Jan 2026,"In the last week, Nigeria has suffered some reputational bombardment, from US tomahawks landing in Sokoto and elsewhere to the tragic accident in which Anthony...","Trump Strikes , AJ Accident And Nigeria Bleeding Reputation. In the last week, Nigeria has suffered some reputational bombardment, from US tomahawks landing in Sokoto and elsewhere to the tragic accident in which Anthony...",titre+description,Negative,1,0,0,0.9026
https://www.clarin.com/deportes/copa-africana-naciones-2025-quedaron-cruces-octavos-final-dt-argentino-chance-aguarle-fiesta-marruecos_0_8V0HjoYzW7.html,"Copa Africana de Naciones 2025 : así quedaron los cruces de octavos de final , con un DT argentino ante la chance de aguarle la fiesta a Marruecos",20260101T020000Z,Spanish,clarin.com,Argentina,2026-01-01,2026-01,Jan 2026,"Se trata de Miguel Ángel Gamondi, entrenador de la humilde Tanzania.Costa de Marfil le ganó en forma agónica a Gabón en el cierre del Grupo F.Argelia, rival de Argentina en el Mundial 2026, ganó todos sus partidos.","Copa Africana de Naciones 2025 : así quedaron los cruces de octavos de final , con un DT argentino ante la chance de aguarle la fiesta a Marruecos. Se trata de Miguel Ángel Gamondi, entrenador de la humilde Tanzania.Costa de Marfil le ganó en forma agónica a Gabón en el cierre del Grupo F.Argelia, rival de Argentina en el Mundial 2026, ganó todos sus partidos.",titre+description,Positive,0,0,1,0.7809
https://www.informationng.com/2025/12/super-eagles-to-face-mozambique-in-afcon-2025-round-of-16.html,Super Eagles To Face Mozambique In AFCON 2025 Round Of 16,20260101T020000Z,English,informationng.com,Nigeria,2026-01-01,2026-01,Jan 2026,Nigeria’s Super Eagles will play the Mambas of Mozambique in the last 16 of the 2025 Africa Cup of Nations following the completion of the group stage,Super Eagles To Face Mozambique In AFCON 2025 Round Of 16. Nigeria’s Super Eagles will play the Mambas of Mozambique in the last 16 of the 2025 Africa Cup of Nations following the completion of the group stage,titre+description,Neutral,0,1,0,0.7285
https://www.irishexaminer.com/opinion/commentanalysis/arid-41768267.html,Colin Sheridan A to Z of 2026,20260101T014500Z,English,irishexaminer.com,Ireland,2026-01-01,2026-01,Jan 2026,"From America's 250th anniversary to Zohran Mamdani — via data centres, Eurovision, and fish kills — Colin Sheridan recites an alphabet of moments we will witness in the coming year","Colin Sheridan A to Z of 2026. From America's 250th anniversary to Zohran Mamdani — via data centres, Eurovision, and fish kills — Colin Sheridan recites an alphabet of moments we will witness in the coming year",titre+description,Neutral,0,1,0,0.6638
https://opiniabuzau.ro/1-ianuarie-2026/,1 ianuarie 2026,20260101T014500Z,Romanian,opiniabuzau.ro,Romania,2026-01-01,2026-01,Jan 2026,"Creștinii ortodocși marchează Tăierea Împrejur cea după trup a Domnului și îl pomenesc pe Sfântul Vasile cel Mare, iar credincioșii romano-catolici îi celebrează pe Sfânta Maria, Născătoare de Dumnezeu, și pe Fericitul Marian, preot martir. 1432 – A murit Alexandru cel Bun, domn al Moldovei (1400-1432). 1558 – A murit cronicarul Macarie. (n. ?) 1830 …","1 ianuarie 2026. Creștinii ortodocși marchează Tăierea Împrejur cea după trup a Domnului și îl pomenesc pe Sfântul Vasile cel Mare, iar credincioșii romano-catolici îi celebrează pe Sfânta Maria, Născătoare de Dumnezeu, și pe Fericitul Marian, preot martir. 1432 – A murit Alexandru cel Bun, domn al Moldovei (1400-1432). 1558 – A murit cronicarul Macarie. (n. ?) 1830 …",titre+description,Neutral,0,1,0,0.5079
https://www.163.com/dy/article/KI65OTGB0511B8LM.html,鸿蒙智行享界汽车2025全年挑战目标达成,20260101T013000Z,Chinese,163.com,China,2026-01-01,2026-01,Jan 2026,"鸿蒙智行享界汽车2025全年挑战目标达成,轿车,汽车,享界,硬派,旅行车,新能源,鸿蒙智行","鸿蒙智行享界汽车2025全年挑战目标达成. 鸿蒙智行享界汽车2025全年挑战目标达成,轿车,汽车,享界,硬派,旅行车,新能源,鸿蒙智行",titre+description,Neutral,0,1,0,0.5644
https://thenationonlineng.net/happy-new-year-2026/,Happy New Year 2026 - The Nation Newspaper,20260101T011500Z,English,thenationonlineng.net,Nigeria,2026-01-01,2026-01,Jan 2026,The Nation Newspaper Happy New Year 2026,Happy New Year 2026 - The Nation Newspaper. The Nation Newspaper Happy New Year 2026,titre+description,Positive,0,0,1,0.5705
https://www.dakaractu.com/CAN-2025-le-programme-des-8es-de-finale_a267944.html,CAN - 2025 : le programme des 8es de finale,20260101T010000Z,French,dakaractu.com,Senegal,2026-01-01,2026-01,Jan 2026,"Programme des huitièmes de finale de la CAN-2025 à l'issue des derniers matches de la troisième journée du premier tour mercredi (en heure de Paris, GMT+1):   Samedi 3 janvier   (17h00, Tanger...","CAN - 2025 : le programme des 8es de finale. Programme des huitièmes de finale de la CAN-2025 à l'issue des derniers matches de la troisième journée du premier tour mercredi (en heure de Paris, GMT+1):   Samedi 3 janvier   (17h00, Tanger...",titre+description,Neutral,0,1,0,0.7883
https://www.ole.com.ar/futbol-internacional/copa-africana-naciones-resultados-octavos-final_0_rCLtcRQQi9.html,Copa Africana de Naciones : resultados de la fecha 3 y cómo se juegan los octavos de final,20260101T001500Z,Spanish,ole.com.ar,Argentina,2026-01-01,2026-01,Jan 2026,El certamen continental dejó atrás la fase de grupos y ya se conoce el camino al título. Mirá.,Copa Africana de Naciones : resultados de la fecha 3 y cómo se juegan los octavos de final. El certamen continental dejó atrás la fase de grupos y ya se conoce el camino al título. Mirá.,titre+description,Neutral,0,1,0,0.5509
http://www.em.com.br/internacional/2025/12/7324117-costa-do-marfim-vira-sobre-gabao-3-2-e-vai-as-oitavas-da-can-como-lider-do-grupo.html,Costa do Marfim vira sobre Gabão ( 3 - 2 ) e vai às oitavas da CAN como líder do grupo,20251231T234500Z,Portuguese,em.com.br,Brazil,2025-12-31,2025-12,Dec 2025,"Ãltimas notÃ­cias sobre os acontecimentos do mundo. InformaÃ§Ãµes sobre polÃ­tica, economia, cultura, cotidiano, conflitos, em todo mundo.","Costa do Marfim vira sobre Gabão ( 3 - 2 ) e vai às oitavas da CAN como líder do grupo. Ãltimas notÃ­cias sobre os acontecimentos do mundo. InformaÃ§Ãµes sobre polÃ­tica, economia, cultura, cotidiano, conflitos, em todo mundo.",titre+description,Neutral,0,1,0,0.7814
https://www.ghanamma.com/2025/12/31/exciting-round-of-16-line-up-complete-at-totalenergies-caf-africa-cup-of-nations-morocco-2025/,Exciting Round of 16 line - up complete at TotalEnergies CAF Africa Cup of Nations Morocco 2025,20251231T231500Z,English,ghanamma.com,Ghana,2025-12-31,2025-12,Dec 2025,,Exciting Round of 16 line - up complete at TotalEnergies CAF Africa Cup of Nations Morocco 2025,titre seul,Positive,0,0,1,0.5994
https://www.semana.com/deportes/articulo/argelia-avisa-a-marruecos-y-egipto-costa-de-marfil-remonta-para-ser-lider-asi-quedaron-los-octavos-de-la-copa-africa/202536/,Argelia avisa a Marruecos y Egipto ; Costa de Marfil remonta para ser líder : así quedaron los octavos de la Copa África,20251231T223000Z,Spanish,semana.com,Colombia,2025-12-31,2025-12,Dec 2025,Argelia le da la razón a los especialistas que la dan como favorita al título y Costa de Marfil luchó hasta el final para ser primera por delante de Camerún en la última fecha de la fase de grupos.,Argelia avisa a Marruecos y Egipto ; Costa de Marfil remonta para ser líder : así quedaron los octavos de la Copa África. Argelia le da la razón a los especialistas que la dan como favorita al título y Costa de Marfil luchó hasta el final para ser primera por delante de Camerún en la última fecha de la fase de grupos.,titre+description,Positive,0,0,1,0.6683
https://www.premiumtimesng.com/promoted/846865-knorr-brings-food-joy-and-togetherness-to-30-communities-across-nigeria.html,"Knorr brings food , joy , and togetherness to 30 communities across Nigeria",20251231T221500Z,English,premiumtimesng.com,Nigeria,2025-12-31,2025-12,Dec 2025,"Through its annual “Share the Good” campaign, the knorr brand reaffirmed its commitment to flavouring lives while celebrating consumers across Nigeria who have trusted the brand to add flavour to everyday meals","Knorr brings food , joy , and togetherness to 30 communities across Nigeria. Through its annual “Share the Good” campaign, the knorr brand reaffirmed its commitment to flavouring lives while celebrating consumers across Nigeria who have trusted the brand to add flavour to everyday meals",titre+description,Positive,0,0,1,0.8148
https://www.vetogate.com/5564509,أخبار الرياضة اليوم : صفقة تبادلية بين الأهلي وسيراميكا .. قائمة الزمالك لمواجهة الاتحاد .. منتخب مصر يبدأ الاستعداد لمواجهة بنين بأمم أفريقيا,20251231T221500Z,Arabic,vetogate.com,Egypt,2025-12-31,2025-12,Dec 2025,شهدت الساعات الماضية العديد من الأحداث الرياضية المهمة على الصعيدين المحلي والعالمي، ونشرها القسم الرياضي في  فيتو .,أخبار الرياضة اليوم : صفقة تبادلية بين الأهلي وسيراميكا .. قائمة الزمالك لمواجهة الاتحاد .. منتخب مصر يبدأ الاستعداد لمواجهة بنين بأمم أفريقيا. شهدت الساعات الماضية العديد من الأحداث الرياضية المهمة على الصعيدين المحلي والعالمي، ونشرها القسم الرياضي في  فيتو .,titre+description,Neutral,0,1,0,0.4996
https://www.mundiario.com/articulo/sociedad/sor-salud-viaje-definitivo-mujer-dios-mundo/20251231205257368961.html,Sor Salud : el viaje definitivo de una mujer de Dios y de mundo,20251231T221500Z,Spanish,mundiario.com,Spain,2025-12-31,2025-12,Dec 2025,Sor Salud se despidió del mundo como vivió,Sor Salud : el viaje definitivo de una mujer de Dios y de mundo. Sor Salud se despidió del mundo como vivió,titre+description,Neutral,0,1,0,0.4936
http://www.24haubenin.info/?La-BRVM-cloture-l-annee-2025-avec-une-progression-remarquable-de-25-26,"La BRVM clôture lannée 2025 avec une progression remarquable de 25 , 26 % ",20251231T213000Z,French,24haubenin.info,Benin,2025-12-31,2025-12,Dec 2025,,"La BRVM clôture lannée 2025 avec une progression remarquable de 25 , 26 %",titre seul,Positive,0,0,1,0.8962
https://www.dostor.org/5363589,هدوء وثقة فى معسكر « الفراعنة » قبل مواجهة بنين .. والدعم الجماهيرى يرفع معنويات اللاعبين,20251231T210000Z,Arabic,dostor.org,Egypt,2025-12-31,2025-12,Dec 2025,خيمت حالة من الهدوء والارتياح على معسكر المنتخب الوطنى الأول لكرة القدم، المقام فى مدينة أغادير المغربية، قبل عدة أيام من مباراة منتخب مصر مع منتخب بنين فى دور الـ١٦ من بطولة أمم إفريقيا، المقامة حاليًا فى المغرب، والتى تستمر حتى يوم ١٨ يناير الجارى. وتعود حالة الهدوء إلى العوامل الإيجابية التى تحيط,هدوء وثقة فى معسكر « الفراعنة » قبل مواجهة بنين .. والدعم الجماهيرى يرفع معنويات اللاعبين. خيمت حالة من الهدوء والارتياح على معسكر المنتخب الوطنى الأول لكرة القدم، المقام فى مدينة أغادير المغربية، قبل عدة أيام من مباراة منتخب مصر مع منتخب بنين فى دور الـ١٦ من بطولة أمم إفريقيا، المقامة حاليًا فى المغرب، والتى تستمر حتى يوم ١٨ يناير الجارى. وتعود حالة الهدوء إلى العوامل الإيجابية التى تحيط,titre+description,Positive,0,0,1,0.7852
https://www.gouv.bj/article/3398/une-annee-sans-choc-cnsr-mobilise-sauver-vies-routes-benin/,Une fin dannée sans choc : Le CNSR mobilise pour sauver des vies sur les routes du Bénin | Gouvernement de la République du Bénin,20251231T210000Z,French,gouv.bj,Benin,2025-12-31,2025-12,Dec 2025,,Une fin dannée sans choc : Le CNSR mobilise pour sauver des vies sur les routes du Bénin | Gouvernement de la République du Bénin,titre seul,Positive,0,0,1,0.5895
https://www.gouv.bj:443/article/3398/une-annee-sans-choc-cnsr-mobilise-sauver-vies-routes-benin/,Une fin dannée sans choc : Le CNSR mobilise pour sauver des vies sur les routes du Bénin | Gouvernement de la République du Bénin,20251231T210000Z,French,gouv.bj,Benin,2025-12-31,2025-12,Dec 2025,,Une fin dannée sans choc : Le CNSR mobilise pour sauver des vies sur les routes du Bénin | Gouvernement de la République du Bénin,titre seul,Positive,0,0,1,0.5895
https://www.ole.com.ar/futbol-internacional/argelia-copa-africana-argentina_0_6JxmyX1mXT.html,"Atento Argentina : con un mix , Argelia volvió a ganar y cerró una fase de grupos ideal en la Copa Africana",20251231T201500Z,Spanish,ole.com.ar,Argentina,2025-12-31,2025-12,Dec 2025,"Sin figuras como Mahrez, Bennacer o el arquero Zidane, el rival de la Selección en el Mundial le ganó 3 a 1 a Guinea Ecuatorial y sigue a paso firme: ya piensa en octavos.","Atento Argentina : con un mix , Argelia volvió a ganar y cerró una fase de grupos ideal en la Copa Africana. Sin figuras como Mahrez, Bennacer o el arquero Zidane, el rival de la Selección en el Mundial le ganó 3 a 1 a Guinea Ecuatorial y sigue a paso firme: ya piensa en octavos.",titre+description,Positive,0,0,1,0.4344
https://gna.org.gh/2025/12/ghanas-abigail-fremah-adjudged-best-referee-in-africa/,Ghana Abigail Fremah adjudged best referee in Africa,20251231T201500Z,English,gna.org.gh,,2025-12-31,2025-12,Dec 2025,"By: Francis Ofori, GNA  Accra, Dec. 31, GNA – Ghana’s Abigail Fremah has been named Africa’s best Armwrestling referee by the Armwrestling Federation of Africa (AFA), following an exceptional year of officiating…","Ghana Abigail Fremah adjudged best referee in Africa. By: Francis Ofori, GNA  Accra, Dec. 31, GNA – Ghana’s Abigail Fremah has been named Africa’s best Armwrestling referee by the Armwrestling Federation of Africa (AFA), following an exceptional year of officiating…",titre+description,Positive,0,0,1,0.5831
https://www.surinametimes.com/artikel/senegal-als-groepswinnaar-door-naar-volgende-ronde-afrika-cup,Senegal als groepswinnaar door naar volgende ronde Afrika Cup,20251231T201500Z,Dutch,surinametimes.com,Suriname,2025-12-31,2025-12,Dec 2025,"Senegal, DR Congo en Benin gaan uit Groep D door naar de volgende ronde van de Afrika Cup. Senegal en DR Congo als...","Senegal als groepswinnaar door naar volgende ronde Afrika Cup. Senegal, DR Congo en Benin gaan uit Groep D door naar de volgende ronde van de Afrika Cup. Senegal en DR Congo als...",titre+description,Neutral,0,1,0,0.6994
https://gna.org.gh/2025/12/ghanas-daniel-acquah-mabel-yeboah-shine-as-afa-names-seasons-top-pullers/,"Ghana Daniel Acquah , Mabel Yeboah shine as AFA names season top pullers",20251231T201500Z,English,gna.org.gh,,2025-12-31,2025-12,Dec 2025,"By: Francis Ofori, GNA  Accra, Dec.31, GNA-The Armwrestling Federation of Africa (AFA) has honoured Ghana’s Daniel Acquah and Mabel Yeboah as Male and Female Pullers of the Year after a…","Ghana Daniel Acquah , Mabel Yeboah shine as AFA names season top pullers. By: Francis Ofori, GNA  Accra, Dec.31, GNA-The Armwrestling Federation of Africa (AFA) has honoured Ghana’s Daniel Acquah and Mabel Yeboah as Male and Female Pullers of the Year after a…",titre+description,Positive,0,0,1,0.5408
https://fr.allafrica.com/stories/202512310345.html,"Afrique 2025 - Une année de fractures politiques , de révoltes sociales et de recompositions géostratégiques",20251231T200000Z,French,fr.allafrica.com,Nigeria,2025-12-31,2025-12,Dec 2025,L'année 2025 restera pour le continent africain comme l'une des plus instables depuis une décennie.,"Afrique 2025 - Une année de fractures politiques , de révoltes sociales et de recompositions géostratégiques. L'année 2025 restera pour le continent africain comme l'une des plus instables depuis une décennie.",titre+description,Negative,1,0,0,0.9402
https://www.inewsgr.com/441/kopa-afrika-oi-diastavroseis-stin-nok-aout-fasi.htm,Κόπα Άφρικα : Οι διασταυρώσεις στην νοκ άουτ φάση,20251231T200000Z,Greek,inewsgr.com,Greece,2025-12-31,2025-12,Dec 2025,Κόπα Άφρικα: Οι διασταυρώσεις στην νοκ άουτ φάση - kopa afrika: oi diastavroseis stin nok aout fasi,Κόπα Άφρικα : Οι διασταυρώσεις στην νοκ άουτ φάση. Κόπα Άφρικα: Οι διασταυρώσεις στην νοκ άουτ φάση - kopa afrika: oi diastavroseis stin nok aout fasi,titre+description,Neutral,0,1,0,0.6169
https://eahelqesa.com/news/%D8%AA%D8%AD%D8%AA-%D8%A3%D9%86%D8%B8%D8%A7%D8%B1-%D8%A7%D9%84%D8%B9%D9%85%D9%8A%D8%AF-%D9%85%D9%86%D8%AA%D8%AE%D8%A8-%D9%85%D8%B5%D8%B1-%D9%8A%D8%A8%D8%AF%D8%A3-%D8%AA%D8%AD%D8%B6%D9%8A%D8%B1%D8%A7,تحت أنظار العميد .. منتخب مصر يبدأ تحضيراته لموقعة بنين في ثمن النهائي أفروباسكيت,20251231T194500Z,Arabic,eahelqesa.com,,2025-12-31,2025-12,Dec 2025,,تحت أنظار العميد .. منتخب مصر يبدأ تحضيراته لموقعة بنين في ثمن النهائي أفروباسكيت,titre seul,Positive,0,0,1,0.6854
https://playingfor90.com/liverpool-vs-leeds-premier-league-tv-channel-prediction-team-news-and-lineups-01kdkgcw2dg1,"Liverpool vs Leeds - Premier League : TV channel , prediction , team news and lineups",20251231T194500Z,English,playingfor90.com,Spain,2025-12-31,2025-12,Dec 2025,"Preview for Liverpool vs Leeds United in the Premier League, featuring team news, predicted lineups, TV info and kick off times.","Liverpool vs Leeds - Premier League : TV channel , prediction , team news and lineups. Preview for Liverpool vs Leeds United in the Premier League, featuring team news, predicted lineups, TV info and kick off times.",titre+description,Neutral,0,1,0,0.8538
https://www.leral.net/560-Milliards-mobilises-sur-le-marche-Succes-technique-contrainte-structurelle_a393196.html,"560 Milliards mobilisés sur le marché : Succès technique , contrainte structurelle",20251231T190000Z,French,leral.net,Senegal,2025-12-31,2025-12,Dec 2025,"La dernière émission obligataire de l’année lancée par le Sénégal, qui a levé un montant de 560 milliards FCfa sur le marché financier sous-régional, avec un taux de couverture de 140 %, es...","560 Milliards mobilisés sur le marché : Succès technique , contrainte structurelle. La dernière émission obligataire de l’année lancée par le Sénégal, qui a levé un montant de 560 milliards FCfa sur le marché financier sous-régional, avec un taux de couverture de 140 %, es...",titre+description,Negative,1,0,0,0.4612
https://www.thetimes.com/business/companies-markets/article/business-winners-losers-2025-69njb8ndt,"The winners and losers in 2025 , a year of living dangerously",20251231T190000Z,English,thetimes.com,,2025-12-31,2025-12,Dec 2025,,"The winners and losers in 2025 , a year of living dangerously",titre seul,Negative,1,0,0,0.786
https://www.leral.net/CAN-2025-I-EGALITE-PARFAITE-POTENTIELS-CHOCS-EN-HUITIEMES-LE-CASSE-TETE-DU-CAMEROUN-ET-DE-LA-COTE-D-IVOIRE_a393195.html,"CAN 2025 I ÉGALITÉ PARFAITE , POTENTIELS CHOCS EN HUITIEMES : LE CASSE - TÊTE DU CAMEROUN ET DE LA CÔTE DIVOIRE",20251231T190000Z,French,leral.net,Senegal,2025-12-31,2025-12,Dec 2025,"Pour le moment à égalité parfaite, le Cameroun et la Côte d'Ivoire vont livrer une bataille à distance ce mercredi soir, pour prendre la tête du groupe F. Un point sur le casse-tête de cette dernièr...","CAN 2025 I ÉGALITÉ PARFAITE , POTENTIELS CHOCS EN HUITIEMES : LE CASSE - TÊTE DU CAMEROUN ET DE LA CÔTE DIVOIRE. Pour le moment à égalité parfaite, le Cameroun et la Côte d'Ivoire vont livrer une bataille à distance ce mercredi soir, pour prendre la tête du groupe F. Un point sur le casse-tête de cette dernièr...",titre+description,Negative,1,0,0,0.5038
"https://naszdziennik.pl/wiara-kosciol-w-polsce/332073,dziekczynienie-za-2025-rok.html",Dziękczynienie za 2025 rok - Nasz Dziennik,20251231T183000Z,Polish,naszdziennik.pl,Poland,2025-12-31,2025-12,Dec 2025,W Krakowie-Łagiewnikach zawierzono świat Bożemu miłosierdziu,Dziękczynienie za 2025 rok - Nasz Dziennik. W Krakowie-Łagiewnikach zawierzono świat Bożemu miłosierdziu,titre+description,Neutral,0,1,0,0.6713
https://allafrica.com/stories/202512310410.html,Nigeria / Uganda : Chelle Insists No Mercy for Uganda Cranes As Eagles Aim to Consolidate,20251231T183000Z,English,allafrica.com,Nigeria,2025-12-31,2025-12,Dec 2025,"Despite the fact that the Super Eagles have already booked their place in the Round of 16 of the ongoing Africa Cup of Nations in Morocco, Head Coach of the Nigerian senior men's football team, Eric Chelle, has insisted that his wards will not take their feet off the pedal in their final Group C clash with Cranes of Uganda starting at 5pm this evening in Fes, Morocco.","Nigeria / Uganda : Chelle Insists No Mercy for Uganda Cranes As Eagles Aim to Consolidate. Despite the fact that the Super Eagles have already booked their place in the Round of 16 of the ongoing Africa Cup of Nations in Morocco, Head Coach of the Nigerian senior men's football team, Eric Chelle, has insisted that his wards will not take their feet off the pedal in their final Group C clash with Cranes of Uganda starting at 5pm this evening in Fes, Morocco.",titre+description,Neutral,0,1,0,0.4815
https://www.shorouknews.com/news/view.aspx?cdate=31122025&id=bc84db93-9204-400b-8831-c22de3e4a90e,روح الفريق .. صلاح جاهز لقيادة الفراعنة أمام بنين - بوابة الشروق,20251231T181500Z,Arabic,shorouknews.com,Egypt,2025-12-31,2025-12,Dec 2025,"رفع محمد صلاح قائد المنتخب المصري، ونجم ليفربول الإنجليزي، راية التحدي، قبل مواجهة بنين في كأس الأمم الأفريقية، وأظهر جاهزية تامة لخوض المباراة المقبلة.

ويتق","روح الفريق .. صلاح جاهز لقيادة الفراعنة أمام بنين - بوابة الشروق. رفع محمد صلاح قائد المنتخب المصري، ونجم ليفربول الإنجليزي، راية التحدي، قبل مواجهة بنين في كأس الأمم الأفريقية، وأظهر جاهزية تامة لخوض المباراة المقبلة.

ويتق",titre+description,Positive,0,0,1,0.8456
https://www.myjoyonline.com/armwrestling-the-golden-arms-2025-triumph-and-an-era-of-unprecedented-victories/,Armwrestling : The Golden Arm 2025 Triumph and an Era of Unprecedented Victories,20251231T180000Z,English,myjoyonline.com,Ghana,2025-12-31,2025-12,Dec 2025,"The year 2025 will be etched in the annals of Ghanaian sport as a landmark period for the Ghana Armwrestling Federation (GAF). Ghana’s national armwrestling team, the Golden Arms, did not merely compete; they delivered a spectacular, medal-laden campaign across Africa and the global stage, firmly cementing the nation’s reputation as an African powerhouse in the sport.","Armwrestling : The Golden Arm 2025 Triumph and an Era of Unprecedented Victories. The year 2025 will be etched in the annals of Ghanaian sport as a landmark period for the Ghana Armwrestling Federation (GAF). Ghana’s national armwrestling team, the Golden Arms, did not merely compete; they delivered a spectacular, medal-laden campaign across Africa and the global stage, firmly cementing the nation’s reputation as an African powerhouse in the sport.",titre+description,Positive,0,0,1,0.7889
https://fr.allafrica.com/stories/202512310426.html,"Afrique : CAN 2025 - Benin - Sénégal : ( 0 - 3 ) : les « Lions » en 8emes , sans briller",20251231T173000Z,French,fr.allafrica.com,Nigeria,2025-12-31,2025-12,Dec 2025,"Longtemps empruntés et sous pression dans un duel à distance haletant avec la RD Congo, les « Lions » du pays de la Téranga ont fini par faire respecter la hiérarchie face à un Bénin audacieux (3-0). Une victoire plus comptable que convaincante, suffisante toutefois pour conserver la tête du groupe D, leur permettant de rester à Tanger et d'éviter l'Algérie leur bête noire. Finalement, les Lions qui ont perdu leur","Afrique : CAN 2025 - Benin - Sénégal : ( 0 - 3 ) : les « Lions » en 8emes , sans briller. Longtemps empruntés et sous pression dans un duel à distance haletant avec la RD Congo, les « Lions » du pays de la Téranga ont fini par faire respecter la hiérarchie face à un Bénin audacieux (3-0). Une victoire plus comptable que convaincante, suffisante toutefois pour conserver la tête du groupe D, leur permettant de rester à Tanger et d'éviter l'Algérie leur bête noire. Finalement, les Lions qui ont perdu leur",titre+description,Positive,0,0,1,0.8009
https://eahelqesa.com/news/%D8%B4%D8%A7%D9%87%D8%AF-%D9%85%D8%AC%D8%A7%D9%86%D9%8B%D8%A7-%D9%82%D8%A7%D8%A6%D9%85%D8%A9-%D8%A7%D9%84%D9%82%D9%86%D9%88%D8%A7%D8%AA-%D8%A7%D9%84%D9%86%D8%A7%D9%82%D9%84%D8%A9-%D9%84%D9%85%D8%A8-6,شاهد مجانًا .. قائمة القنوات الناقلة لمباراة منتخب مصر وبنين في أمم أفريقيا,20251231T173000Z,Arabic,eahelqesa.com,,2025-12-31,2025-12,Dec 2025,,شاهد مجانًا .. قائمة القنوات الناقلة لمباراة منتخب مصر وبنين في أمم أفريقيا,titre seul,Neutral,0,1,0,0.8174
https://tribune.com.pk/story/2584808/senegal-top-afcon-group,Senegal top AFCON group,20251231T170000Z,English,tribune.com.pk,Pakistan,2025-12-31,2025-12,Dec 2025,,Senegal top AFCON group,titre seul,Positive,0,0,1,0.4833
https://www.firstpost.com/world/2025-year-ender-how-coups-conflicts-and-fragile-truces-disrupted-the-global-order-in-2025-ws-e-13937702.html,"A fractured world : How coups , conflicts and fragile truces disrupted the global order in 2025",20251231T164500Z,English,firstpost.com,India,2025-12-31,2025-12,Dec 2025,,"A fractured world : How coups , conflicts and fragile truces disrupted the global order in 2025",titre seul,Negative,1,0,0,0.9323
https://themaneland.com/2025/12/31/lion-links-12-31-25/,Lion Links : 12 / 31 / 25,20251231T164500Z,English,themaneland.com,United States,2025-12-31,2025-12,Dec 2025,"MLS Eastern Conference grades, MLS transfer news, U.S. National Team news, and more.","Lion Links : 12 / 31 / 25. MLS Eastern Conference grades, MLS transfer news, U.S. National Team news, and more.",titre+description,Neutral,0,1,0,0.8736
https://eahelqesa.com/news/%D9%85%D9%84%D8%B9%D8%A8-%D8%A3%D8%AF%D8%B1%D8%A7%D8%B1-%D8%A8%D8%A3%D8%BA%D8%A7%D8%AF%D9%8A%D8%B1-%D9%85%D9%88%D8%B9%D8%AF-%D9%85%D8%A8%D8%A7%D8%B1%D8%A7%D8%A9-%D9%85%D8%B5%D8%B1-%D9%88%D8%A8%D9%86,ملعب أدرار بأغادير .. موعد مباراة مصر وبنين في كأس أمم أفريقيا والقنوات الناقلة,20251231T164500Z,Arabic,eahelqesa.com,,2025-12-31,2025-12,Dec 2025,,ملعب أدرار بأغادير .. موعد مباراة مصر وبنين في كأس أمم أفريقيا والقنوات الناقلة,titre seul,Neutral,0,1,0,0.8258
https://fr.allafrica.com/stories/202512310317.html,Afrique : Le Sénégal - Bénin - Krépin Diatta et Pape Gueye sur un fil,20251231T163000Z,French,fr.allafrica.com,Nigeria,2025-12-31,2025-12,Dec 2025,"Déjà assurés de disputer les huitièmes de finale, les Lions du Sénégal défient le Bénin ce mardi soir (19h00) avec un seul objectif : sécuriser la première place du groupe. Mais derrière cet enjeu comptable, une menace plane : le risque de suspension pour Krépin Diatta et Pape Gueye.","Afrique : Le Sénégal - Bénin - Krépin Diatta et Pape Gueye sur un fil. Déjà assurés de disputer les huitièmes de finale, les Lions du Sénégal défient le Bénin ce mardi soir (19h00) avec un seul objectif : sécuriser la première place du groupe. Mais derrière cet enjeu comptable, une menace plane : le risque de suspension pour Krépin Diatta et Pape Gueye.",titre+description,Negative,1,0,0,0.7217
https://leseco.ma/maroc/bilan-2025-mohamed-el-jaouadi-dans-le-secteur-maritime-le-maroc-confirme-son-statut-de-hub-continental.html,"Bilan 2025 . Mohamed El Jaouadi :  Dans le secteur maritime , le Maroc confirme son statut de hub continental  ",20251231T163000Z,French,leseco.ma,Morocco,2025-12-31,2025-12,Dec 2025,"Ils sont industriels, patrons de fédérations, hauts responsables ou porteurs d’initiatives. Tous ont vécu 2025 de l’intérieur. Leurs témoignages composent le récit d’un Maroc qui change de cap : plus productif, plus stratégique, plus souverain. Les Inspirations ÉCO croise leurs regards pour éclairer les défis et les priorités d’une année 2026 à fort enjeu.","Bilan 2025 . Mohamed El Jaouadi :  Dans le secteur maritime , le Maroc confirme son statut de hub continental. Ils sont industriels, patrons de fédérations, hauts responsables ou porteurs d’initiatives. Tous ont vécu 2025 de l’intérieur. Leurs témoignages composent le récit d’un Maroc qui change de cap : plus productif, plus stratégique, plus souverain. Les Inspirations ÉCO croise leurs regards pour éclairer les défis et les priorités d’une année 2026 à fort enjeu.",titre+description,Positive,0,0,1,0.7628
https://alkhabarnow.net/8608/,موعد مباراة منتخب مصر القادمه أمام بنين في الدور الـ 16 من كأس الأمم الأفريقية 2026,20251231T163000Z,Arabic,alkhabarnow.net,Yemen,2025-12-31,2025-12,Dec 2025,,موعد مباراة منتخب مصر القادمه أمام بنين في الدور الـ 16 من كأس الأمم الأفريقية 2026,titre seul,Neutral,0,1,0,0.7673
https://h24info.ma/special-can/can-2025-ayoub-el-kaabi-bicyclette/,"CAN 2025 : Ayoub El Kaabi , roi de la bicyclette , héros marocain , H24info",20251231T154500Z,French,h24info.ma,Morocco,2025-12-31,2025-12,Dec 2025,"En deux retournés acrobatiques, Ayoub El Kaabi a réveillé les supporters marocains, circonspects depuis le début de la CAN 2025, mais désormais à fond","CAN 2025 : Ayoub El Kaabi , roi de la bicyclette , héros marocain , H24info. En deux retournés acrobatiques, Ayoub El Kaabi a réveillé les supporters marocains, circonspects depuis le début de la CAN 2025, mais désormais à fond",titre+description,Positive,0,0,1,0.7004
https://www.opinionnigeria.com/sokotos-bombshells-and-the-political-implications-by-ariwoola-samuel-akinwale/,Sokoto Bombshells and the Political Implications - By Ariwoola Samuel Akinwale,20251231T153000Z,English,opinionnigeria.com,Nigeria,2025-12-31,2025-12,Dec 2025,"Jupe De Danse Courte Jupe Longue De Danse 720 Degrés - Mousseline, Taille Réglable, Pour Spectacle, Carnaval, Danse Du Ventre","Sokoto Bombshells and the Political Implications - By Ariwoola Samuel Akinwale. Jupe De Danse Courte Jupe Longue De Danse 720 Degrés - Mousseline, Taille Réglable, Pour Spectacle, Carnaval, Danse Du Ventre",titre+description,Neutral,0,1,0,0.4471
https://fr.allafrica.com/stories/202512310261.html,"Afrique : CAN 2025 - Groupe D - Le Sénégal simpose avec autorité , le Bénin hérite de l  Égypte en huitièmes",20251231T151500Z,French,fr.allafrica.com,Nigeria,2025-12-31,2025-12,Dec 2025,"Déjà qualifié avant cette troisième journée, le Sénégal a confirmé son statut de favori en validant la première place du groupe D de la Coupe d'Afrique des nations 2025. Les Lions de la Teranga se sont imposés avec maîtrise face au Bénin (3-0), mardi soir au stade Ibn-Batouta de Tanger, au terme d'une rencontre longtemps indécise mais finalement dominée par l'expérience sénégalaise.","Afrique : CAN 2025 - Groupe D - Le Sénégal simpose avec autorité , le Bénin hérite de l  Égypte en huitièmes. Déjà qualifié avant cette troisième journée, le Sénégal a confirmé son statut de favori en validant la première place du groupe D de la Coupe d'Afrique des nations 2025. Les Lions de la Teranga se sont imposés avec maîtrise face au Bénin (3-0), mardi soir au stade Ibn-Batouta de Tanger, au terme d'une rencontre longtemps indécise mais finalement dominée par l'expérience sénégalaise.",titre+description,Positive,0,0,1,0.5945
https://www.info07.com/actualites/26682-comment-ibrahim-mbaye-a-propulse-le-senegal-en-tete-du-groupe-d-grace-a-un-penalty-decisif/,Comment Ibrahim Mbaye a propulsé le Sénégal en tête du groupe D grâce à un penalty décisif,20251231T150000Z,French,info07.com,Canada,2025-12-31,2025-12,Dec 2025,"Ibrahim Mbaye a brillé de mille feux lors du match décisif opposant le Sénégal au Bénin. Grâce à sa performance, les Lions de la Teranga ont remporté une","Comment Ibrahim Mbaye a propulsé le Sénégal en tête du groupe D grâce à un penalty décisif. Ibrahim Mbaye a brillé de mille feux lors du match décisif opposant le Sénégal au Bénin. Grâce à sa performance, les Lions de la Teranga ont remporté une",titre+description,Positive,0,0,1,0.9168
https://www.bellanaija.com/2025/12/editors-pick-our-top-original-stories-and-features-of-the-year/,Editor Pick : Our Top Original Stories and Features of The Year,20251231T150000Z,English,bellanaija.com,Nigeria,2025-12-31,2025-12,Dec 2025,"Dear Readers, Every year, storytelling reveals why it is important in our society. Writers, creators and storytellers employ their creativity to tell - BellaNaija Features. May 10, 2026","Editor Pick : Our Top Original Stories and Features of The Year. Dear Readers, Every year, storytelling reveals why it is important in our society. Writers, creators and storytellers employ their creativity to tell - BellaNaija Features. May 10, 2026",titre+description,Positive,0,0,1,0.6415
https://www.leral.net/CAN-2025-Pourquoi-la-premiere-place-du-groupe-entre-le-Senegal-et-la-RD-Congo-aurait-pu-se-jouer-au-tirage-au-sort_a393185.html,CAN 2025 : Pourquoi la première place du groupe entre le Sénégal et la RD Congo aurait pu se jouer au tirage au sort ? ,20251231T143000Z,French,leral.net,Senegal,2025-12-31,2025-12,Dec 2025,"Le Sénégal a arraché la première place du groupe D en s’imposant face au Bénin (3-0), mardi, mais la situation a longtemps été indécise avec la RD Congo, au point de laisser entrevoir une égalit...","CAN 2025 : Pourquoi la première place du groupe entre le Sénégal et la RD Congo aurait pu se jouer au tirage au sort ?. Le Sénégal a arraché la première place du groupe D en s’imposant face au Bénin (3-0), mardi, mais la situation a longtemps été indécise avec la RD Congo, au point de laisser entrevoir une égalit...",titre+description,Negative,1,0,0,0.6927
https://www.lavozdegalicia.es/noticia/ourense/ourense/2025/12/31/muere-sor-salud-conde-nieto-religiosa-impulso-colegio-miraflores-ourense/00031767176013652516268.htm,"Muere Salud Conde Nieto , la religiosa que impulsó el Colegio Miraflores de Ourense",20251231T141500Z,Spanish,lavozdegalicia.es,Spain,2025-12-31,2025-12,Dec 2025,"Nacida en Vilar de Barrio hace 92 años, desarrolló su proyecto educativo en México","Muere Salud Conde Nieto , la religiosa que impulsó el Colegio Miraflores de Ourense. Nacida en Vilar de Barrio hace 92 años, desarrolló su proyecto educativo en México",titre+description,Negative,1,0,0,0.5981
https://thenewsnigeria.com.ng/2025/12/31/obaseki-family-backs-don-pedro-on-legal-action-against-humiliation/,Obaseki family backs Don Pedro on legal action against humiliation - ,20251231T141500Z,English,thenewsnigeria.com.ng,Nigeria,2025-12-31,2025-12,Dec 2025,,Obaseki family backs Don Pedro on legal action against humiliation -,titre seul,Neutral,0,1,0,0.4131
https://fr.allafrica.com/view/group/main/main/id/00095248.html,CAN 2025 - Le Sénégal simpose 3 - 0 face au Bénin et termine leader,20251231T141500Z,French,fr.allafrica.com,Nigeria,2025-12-31,2025-12,Dec 2025,"Le Sénégal a conclu la phase de groupes de la Coupe d'Afrique des Nations par une victoire maîtrisée (3-0) face au Bénin, confirmant ainsi son statut de favori de la compétition.","CAN 2025 - Le Sénégal simpose 3 - 0 face au Bénin et termine leader. Le Sénégal a conclu la phase de groupes de la Coupe d'Afrique des Nations par une victoire maîtrisée (3-0) face au Bénin, confirmant ainsi son statut de favori de la compétition.",titre+description,Positive,0,0,1,0.8191
https://www.aa.com.tr/en/africa/year-ender-africa-in-2025-2-military-coups-and-1-failed-attempt/3786062,YEAR - ENDER - Africa in 2025 : 2 military coups and 1 failed attempt,20251231T134500Z,English,aa.com.tr,Turkey,2025-12-31,2025-12,Dec 2025,"Madagascar and Guinea-Bissau saw successful coups, while an attempt thwarted in Benin | Anadolu","YEAR - ENDER - Africa in 2025 : 2 military coups and 1 failed attempt. Madagascar and Guinea-Bissau saw successful coups, while an attempt thwarted in Benin | Anadolu",titre+description,Negative,1,0,0,0.6077
https://www.senenews.com/actualites/les-1-8es-de-finale-arrivent-dans-3-jours-pape-thiaw-face-a-un-enorme-probleme_571086.html,"Les 1 / 8es de finale arrivent dans 3 jours , Pape Thiaw face à un énorme problème",20251231T134500Z,French,senenews.com,Senegal,2025-12-31,2025-12,Dec 2025,"Qualifiés pour les huitièmes de finale de la CAN, les Lions de la Teranga se présentent en terrain inconnu : la perte de Kalidou Koulibaly, expulsé contre le","Les 1 / 8es de finale arrivent dans 3 jours , Pape Thiaw face à un énorme problème. Qualifiés pour les huitièmes de finale de la CAN, les Lions de la Teranga se présentent en terrain inconnu : la perte de Kalidou Koulibaly, expulsé contre le",titre+description,Negative,1,0,0,0.9026
https://www.senenews.com/actualites/le-benin-crie-au-scandale-apres-la-defaite-face-au-senegal-la-var-au-coeur-de-la-polemique_571065.html,"Le Bénin crie au scandale après la défaite face au Sénégal , la VAR au cœur de la polémique",20251231T134500Z,French,senenews.com,Senegal,2025-12-31,2025-12,Dec 2025,"Battu par le Sénégal lors de la troisième journée de la phase de groupes, le Bénin a quitté la pelouse avec un sentiment d’injustice. Au-delà du résultat","Le Bénin crie au scandale après la défaite face au Sénégal , la VAR au cœur de la polémique. Battu par le Sénégal lors de la troisième journée de la phase de groupes, le Bénin a quitté la pelouse avec un sentiment d’injustice. Au-delà du résultat",titre+description,Negative,1,0,0,0.9385
https://lanouvelletribune.info/2025/12/benin-citee-dans-une-affaire-descroquerie-africa-tours-et-safari-dement-toute-implication/,Bénin : Citée dans une affaire descroquerie  Africa Tours et Safari  dément toute implication,20251231T134500Z,French,lanouvelletribune.info,Benin,2025-12-31,2025-12,Dec 2025,"Depuis plusieurs jours, l’agence de voyage Africa Tours et Safari se retrouve citée dans une affaire d’escroquerie liée à l’organisation de la CAN Maroc 2025. Des publications relayées sur les réseaux sociaux évoquent le nom de la structure dans une arnaque ayant ciblé des supporters béninois. Une v","Bénin : Citée dans une affaire descroquerie  Africa Tours et Safari  dément toute implication. Depuis plusieurs jours, l’agence de voyage Africa Tours et Safari se retrouve citée dans une affaire d’escroquerie liée à l’organisation de la CAN Maroc 2025. Des publications relayées sur les réseaux sociaux évoquent le nom de la structure dans une arnaque ayant ciblé des supporters béninois. Une v",titre+description,Negative,1,0,0,0.9097
https://www.senenews.com/actualites/sade-ibn-batouta-quand-ayo-mascotte-des-joj-dakar-2026-rencontre-assad-la-mascotte-de-la-can-2025-photos_571073.html,"Sade Ibn Batouta : Quand Ayo , mascotte des JOJ Dakar 2026 , rencontre Assad la mascotte de la CAN 2025 ( photos ) ",20251231T134500Z,French,senenews.com,Senegal,2025-12-31,2025-12,Dec 2025,"Ayo, la mascotte officielle des Jeux Olympiques de la Jeunesse Dakar 2026 et symbole des Lions, a croisé le chemin de son « cousin » Assad, mascotte très","Sade Ibn Batouta : Quand Ayo , mascotte des JOJ Dakar 2026 , rencontre Assad la mascotte de la CAN 2025 ( photos ). Ayo, la mascotte officielle des Jeux Olympiques de la Jeunesse Dakar 2026 et symbole des Lions, a croisé le chemin de son « cousin » Assad, mascotte très",titre+description,Positive,0,0,1,0.5174
https://www.egyptindependent.com/egypt-benin-face-off-in-the-round-of-16-of-africa-cup-of-nations-on-monday/,"Egypt , Benin face off in the round of 16 of Africa Cup of Nations on Monday",20251231T134500Z,English,egyptindependent.com,Egypt,2025-12-31,2025-12,Dec 2025,"The Egyptian national team is preparing to face Benin in the round of 16 of the 2025 Africa Cup of Nations on Monday, January 5th, at 6:00 PM Cairo time, at the Adrar Stadium in Agadir, Morocco.","Egypt , Benin face off in the round of 16 of Africa Cup of Nations on Monday. The Egyptian national team is preparing to face Benin in the round of 16 of the 2025 Africa Cup of Nations on Monday, January 5th, at 6:00 PM Cairo time, at the Adrar Stadium in Agadir, Morocco.",titre+description,Neutral,0,1,0,0.7312
https://theeagleonline.com.ng/afcon-2025-outcome-of-tuesdays-last-group-stage-matches/,AFCON 2025 : Outcome of Tuesday last group stage matches,20251231T134500Z,English,theeagleonline.com.ng,Nigeria,2025-12-31,2025-12,Dec 2025,"Top on the bill was the encounter between the Super Eagles of Nigeria and the Cranes of Uganda, a match played in Fes.","AFCON 2025 : Outcome of Tuesday last group stage matches. Top on the bill was the encounter between the Super Eagles of Nigeria and the Cranes of Uganda, a match played in Fes.",titre+description,Neutral,0,1,0,0.5265
https://www.dw.com/bg/zaso-v-afrika-vse-pomasovo-ucat-kitajski/a-75000032,Защо в Африка все по - масово учат китайски – DW – 31 . 12 . 2025,20251231T131500Z,Bulgarian,dw.com,Germany,2025-12-31,2025-12,Dec 2025,Китайски езикови училища има в почти всички африкански страни и те се радват на голям интерес. Но дали Китай иска да разпространява само културата си?,Защо в Африка все по - масово учат китайски – DW – 31 . 12 . 2025. Китайски езикови училища има в почти всички африкански страни и те се радват на голям интерес. Но дали Китай иска да разпространява само културата си?,titre+description,Neutral,0,1,0,0.6445
https://www.lanouvellerepublique.fr/a-la-une/mamadi-doumbouya-le-putschiste-qui-assoit-son-pouvoir-sur-la-guinee-1767178014,"Mamadi Doumbouya , le putschiste qui assoit son pouvoir sur la Guinée",20251231T130000Z,French,lanouvellerepublique.fr,France,2025-12-31,2025-12,Dec 2025,"Légionnaire, putschiste et désormais président élu : Mamadi Doumbouya a largement remporté mardi 30 décembre la présidentielle en Guinée qu’il dirige d’une...","Mamadi Doumbouya , le putschiste qui assoit son pouvoir sur la Guinée. Légionnaire, putschiste et désormais président élu : Mamadi Doumbouya a largement remporté mardi 30 décembre la présidentielle en Guinée qu’il dirige d’une...",titre+description,Positive,0,0,1,0.8259
https://silverbirdtv.com/afcon-2025-uganda-make-history-with-red-card-and-three-goalkeepers-in-one-match/,AFCON 2025 :- Uganda make history with red card and three goalkeepers in one match,20251231T130000Z,English,silverbirdtv.com,Nigeria,2025-12-31,2025-12,Dec 2025,"AFCON 2025:- Uganda make history with red card and three goalkeepers in one match Uganda exited the 2025 Africa Cup of Nations after a dramatic group-stage defeat to Nigeria’s Super Eagles, setting two unwanted records in the process — becoming the first team in the tournament to receive a straight red card and the first […]","AFCON 2025 :- Uganda make history with red card and three goalkeepers in one match. AFCON 2025:- Uganda make history with red card and three goalkeepers in one match Uganda exited the 2025 Africa Cup of Nations after a dramatic group-stage defeat to Nigeria’s Super Eagles, setting two unwanted records in the process — becoming the first team in the tournament to receive a straight red card and the first […]",titre+description,Positive,0,0,1,0.5802
https://lequotidien.sn/100eme-selection-du-capitaine-des-lions-kalidou-koulibaly-un-centenaire-a-la-couleur-rouge/,"100ème sélection du capitaine des Lions : Kalidou Koulibaly , un « centenaire » à la couleur rouge – Lequotidien – Journal dinformation Générale",20251231T123000Z,French,lequotidien.sn,Senegal,2025-12-31,2025-12,Dec 2025,,"100ème sélection du capitaine des Lions : Kalidou Koulibaly , un « centenaire » à la couleur rouge – Lequotidien – Journal dinformation Générale",titre seul,Positive,0,0,1,0.5423
https://lequotidien.sn/can-apres-leur-victoire-sur-le-benin-les-lions-rois-de-tanger/,Can – Après leur victoire sur le Bénin : Les Lions rois de Tanger – Lequotidien – Journal dinformation Générale,20251231T123000Z,French,lequotidien.sn,Senegal,2025-12-31,2025-12,Dec 2025,,Can – Après leur victoire sur le Bénin : Les Lions rois de Tanger – Lequotidien – Journal dinformation Générale,titre seul,Neutral,0,1,0,0.5073
https://www.rbc.ru/politics/31/12/2025/694d40939a794752869840ef,Где в мире в 2025 году произошли госперевороты и массовые протесты,20251231T123000Z,Russian,rbc.ru,Russia,2025-12-31,2025-12,Dec 2025,,Где в мире в 2025 году произошли госперевороты и массовые протесты,titre seul,Neutral,0,1,0,0.6449
https://www.africatopsuccess.com/can-2025-voici-les-16-selections-en-huitiemes-de-finale/,CAN 2025 : voici les 16 sélections en huitièmes de finale ! ,20251231T121500Z,French,africatopsuccess.com,Togo,2025-12-31,2025-12,Dec 2025,,CAN 2025 : voici les 16 sélections en huitièmes de finale !,titre seul,Neutral,0,1,0,0.6237
https://www.adiac-congo.com/content/afrique-2025-une-annee-de-fractures-politiques-de-revoltes-sociales-et-de-recompositions,"Afrique 2025 : une année de fractures politiques , de révoltes sociales et de recompositions géostratégiques | adiac - congo . com : toute lactualité du Bassin du Congo",20251231T121500Z,French,adiac-congo.com,Congo,2025-12-31,2025-12,Dec 2025,,"Afrique 2025 : une année de fractures politiques , de révoltes sociales et de recompositions géostratégiques | adiac - congo . com : toute lactualité du Bassin du Congo",titre seul,Negative,1,0,0,0.8278
https://www.africatopsuccess.com/dix-afro-descendants-deviennent-citoyens-beninois/,Dix Afro - descendants deviennent citoyens béninois,20251231T121500Z,French,africatopsuccess.com,Togo,2025-12-31,2025-12,Dec 2025,,Dix Afro - descendants deviennent citoyens béninois,titre seul,Neutral,0,1,0,0.3884
https://www.wusf.org/2025-12-30/the-trials-of-air-travel-in-africa,The trials of air travel in Africa,20251231T120000Z,English,wusf.org,,2025-12-31,2025-12,Dec 2025,"In West Africa, a new policy is hailed as a first step to making expensive and arduous flights cheaper.","The trials of air travel in Africa. In West Africa, a new policy is hailed as a first step to making expensive and arduous flights cheaper.",titre+description,Neutral,0,1,0,0.4815
https://leseco.ma/maroc/bilan-2025-projections-2026-la-parole-au-marche.html,Bilan 2025 - Projections 2026 : la parole au marché ! ,20251231T114500Z,French,leseco.ma,Morocco,2025-12-31,2025-12,Dec 2025,"Ils sont industriels, patrons de fédérations, hauts responsables ou porteurs d’initiatives. Tous ont vécu 2025 de l’intérieur. Leurs témoignages composent le récit d’un Maroc qui change de cap : plus productif, plus stratégique, plus souverain.","Bilan 2025 - Projections 2026 : la parole au marché !. Ils sont industriels, patrons de fédérations, hauts responsables ou porteurs d’initiatives. Tous ont vécu 2025 de l’intérieur. Leurs témoignages composent le récit d’un Maroc qui change de cap : plus productif, plus stratégique, plus souverain.",titre+description,Positive,0,0,1,0.7925
https://www.gouv.bj:443/article/3397/vodun-days-2026-ouidah-embellit-accueillir-evenement-dans-ferveur-populaire/,Vodun Days 2026 : Ouidah sembellit pour accueillir l  évènement dans la ferveur populaire | Gouvernement de la République du Bénin,20251231T114500Z,French,gouv.bj,Benin,2025-12-31,2025-12,Dec 2025,L'édition de la maturité aura bel et bien lieu du 8 au 10 janvier 2026,Vodun Days 2026 : Ouidah sembellit pour accueillir l  évènement dans la ferveur populaire | Gouvernement de la République du Bénin. L'édition de la maturité aura bel et bien lieu du 8 au 10 janvier 2026,titre+description,Positive,0,0,1,0.7829
https://www.africanews.com/2025/12/31/afcon-2025-nigeria-perfect-as-knockout-picture-sharpens/,AFCON 2025 : Nigeria perfect as knockout picture sharpens,20251231T114500Z,English,africanews.com,Nigeria,2025-12-31,2025-12,Dec 2025,,AFCON 2025 : Nigeria perfect as knockout picture sharpens,titre seul,Positive,0,0,1,0.8157
https://gna.org.gh/2025/12/afcon-day-9-nigeria-edge-uganda-tanzania-and-tunisia-progress-to-last-16/,"AFCON Day 9 : Nigeria edge Uganda , Tanzania and Tunisia progress to last 16",20251231T114500Z,English,gna.org.gh,,2025-12-31,2025-12,Dec 2025,"By Simon Asare, GNA  Marrakech, Dec. 31, GNA  – Nigeria eased past Uganda 3-1 to maintain their perfect record at the 2025 Africa Cup of Nations (AFCON), while Tanzania and Tunisia secured last-16…","AFCON Day 9 : Nigeria edge Uganda , Tanzania and Tunisia progress to last 16. By Simon Asare, GNA  Marrakech, Dec. 31, GNA  – Nigeria eased past Uganda 3-1 to maintain their perfect record at the 2025 Africa Cup of Nations (AFCON), while Tanzania and Tunisia secured last-16…",titre+description,Positive,0,0,1,0.4719
https://www.gouv.bj/article/3397/vodun-days-2026-ouidah-embellit-accueillir-evenement-dans-ferveur-populaire/,Vodun Days 2026 : Ouidah sembellit pour accueillir l  évènement dans la ferveur populaire | Gouvernement de la République du Bénin,20251231T114500Z,French,gouv.bj,Benin,2025-12-31,2025-12,Dec 2025,L'édition de la maturité aura bel et bien lieu du 8 au 10 janvier 2026,Vodun Days 2026 : Ouidah sembellit pour accueillir l  évènement dans la ferveur populaire | Gouvernement de la République du Bénin. L'édition de la maturité aura bel et bien lieu du 8 au 10 janvier 2026,titre+description,Positive,0,0,1,0.7829
https://sanluishoy.com.mx/deportes/tanzania-y-tunez-a-octavos-con-apuros/89304/,Tanzania y Túnez a octavos con apuros › San Luis Hoy,20251231T114500Z,Spanish,sanluishoy.com.mx,Mexico,2025-12-31,2025-12,Dec 2025,Se quedaron con los últimos lugares para la fase de eliminación directa,Tanzania y Túnez a octavos con apuros › San Luis Hoy. Se quedaron con los últimos lugares para la fase de eliminación directa,titre+description,Negative,1,0,0,0.6452
https://www.lejecos.com/560-MILLIARDS-MOBILISES-SUR-LE-MARCHE-Succes-technique-contrainte-structurelle_a30116.html,"560 MILLIARDS MOBILISES SUR LE MARCHE : Succès technique , contrainte structurelle",20251231T113000Z,French,lejecos.com,Senegal,2025-12-31,2025-12,Dec 2025,"La dernière émission obligataire de l’année lancée par le Sénégal qui a levé un montant de 560 milliards de FCFA sur le marché financier sous-régional, avec un taux de couverture de 140 % es...","560 MILLIARDS MOBILISES SUR LE MARCHE : Succès technique , contrainte structurelle. La dernière émission obligataire de l’année lancée par le Sénégal qui a levé un montant de 560 milliards de FCFA sur le marché financier sous-régional, avec un taux de couverture de 140 % es...",titre+description,Negative,1,0,0,0.426
https://www.leral.net/560-MILLIARDS-MOBILISES-SUR-LE-MARCHE-Succes-technique-contrainte-structurelle_a393187.html,"560 MILLIARDS MOBILISES SUR LE MARCHE : Succès technique , contrainte structurelle",20251231T113000Z,French,leral.net,Senegal,2025-12-31,2025-12,Dec 2025,"La dernière émission obligataire de l’année lancée par le Sénégal qui a levé un montant de 560 milliards FCfa sur le marché financier sous-régional, avec un taux de couverture de 140 %, es...","560 MILLIARDS MOBILISES SUR LE MARCHE : Succès technique , contrainte structurelle. La dernière émission obligataire de l’année lancée par le Sénégal qui a levé un montant de 560 milliards FCfa sur le marché financier sous-régional, avec un taux de couverture de 140 %, es...",titre+description,Negative,1,0,0,0.3787
https://senego.com/can-kalidou-koulibaly-expulse-mais-fier-de-ses-100-selections-et-de-la-tete-du-groupe_1908002.html,"CAN : Kalidou Koulibaly expulsé , mais fier de ses 100 sélections et de la tête du groupe",20251231T111500Z,French,senego.com,Senegal,2025-12-31,2025-12,Dec 2025,"Le capitaine des Lions du Sénégal, Kalidou Koulibaly, a livré ses premières impressions après la victoire 3‑0 de son équipe contre le Bénin, mardi soir, en clôture de la phase de groupes de la Coupe d’Afrique des Nations. Malgré une soirée marquée par un carton rouge reçu à la 70ᵉ minute, le défenseur central a...","CAN : Kalidou Koulibaly expulsé , mais fier de ses 100 sélections et de la tête du groupe. Le capitaine des Lions du Sénégal, Kalidou Koulibaly, a livré ses premières impressions après la victoire 3‑0 de son équipe contre le Bénin, mardi soir, en clôture de la phase de groupes de la Coupe d’Afrique des Nations. Malgré une soirée marquée par un carton rouge reçu à la 70ᵉ minute, le défenseur central a...",titre+description,Positive,0,0,1,0.8748
https://www.yucatan.com.mx/deportes/2025/12/31/senegal-avanza-como-lider.html,Senegal avanza como líder,20251231T111500Z,Spanish,yucatan.com.mx,Mexico,2025-12-31,2025-12,Dec 2025,,Senegal avanza como líder,titre seul,Positive,0,0,1,0.7778
https://www.rewmi.com/koulibaly-la-rdc-va-faire-des-ravages-jen-suis-convaincu/,"Koulibaly :  La RDC Va Faire Des Ravages , Jen Suis Convaincu  ",20251231T110000Z,French,rewmi.com,Senegal,2025-12-31,2025-12,Dec 2025,"Capitaine des Lions, Kalidou Koulibaly s’est exprimé après la victoire du Sénégal face au Bénin (3-0), un match marqué par son expulsion mais surtout par une","Koulibaly :  La RDC Va Faire Des Ravages , Jen Suis Convaincu. Capitaine des Lions, Kalidou Koulibaly s’est exprimé après la victoire du Sénégal face au Bénin (3-0), un match marqué par son expulsion mais surtout par une",titre+description,Negative,1,0,0,0.4009
https://canal-supporters.com/can-le-senegal-assure-la-1ere-place-de-son-groupe-mbaye-une-nouvelle-fois-decisif/,"CAN - Le Sénégal assure la 1ère place , Mbaye décisif",20251231T110000Z,French,canal-supporters.com,France,2025-12-31,2025-12,Dec 2025,"Dans un duel à distance avec la République démocratique du Congo, le Sénégal a assuré sa première place du groupe après son large succès face au Bénin (3-0).","CAN - Le Sénégal assure la 1ère place , Mbaye décisif. Dans un duel à distance avec la République démocratique du Congo, le Sénégal a assuré sa première place du groupe après son large succès face au Bénin (3-0).",titre+description,Positive,0,0,1,0.8703
https://www.futbolsapiens.com/partidos/resultados-de-la-jornada-en-la-copa-africa/,Resultados de la jornada en la Copa África,20251231T110000Z,Spanish,futbolsapiens.com,Mexico,2025-12-31,2025-12,Dec 2025,"Senegal y República Democrática del Congo ganaron este martes a Benín y Botsuana, respectivamente por 3-0","Resultados de la jornada en la Copa África. Senegal y República Democrática del Congo ganaron este martes a Benín y Botsuana, respectivamente por 3-0",titre+description,Neutral,0,1,0,0.6923
https://www.euronews.com/2025/12/31/euronews-afcon-2025-nigeria-perfect-as-knockout-picture-sharpens,AFCON 2025 : Nigeria perfect as knockout picture sharpens,20251231T104500Z,English,euronews.com,United States,2025-12-31,2025-12,Dec 2025,"The Africa Cup of Nations group stage moved closer to its conclusion as Groups C and D wrapped up decisive final matches, with qualification places and knockout pairings taking shape across Morocco.","AFCON 2025 : Nigeria perfect as knockout picture sharpens. The Africa Cup of Nations group stage moved closer to its conclusion as Groups C and D wrapped up decisive final matches, with qualification places and knockout pairings taking shape across Morocco.",titre+description,Positive,0,0,1,0.8027
https://ekipnews.com/%D1%81%D0%B5%D0%BD%D0%B5%D0%B3%D0%B0%D0%BB-%D0%B7%D0%B0%D0%B2%D1%8A%D1%80%D1%88%D0%B8-%D1%81-%D0%BF%D0%BE%D0%B1%D0%B5%D0%B4%D0%B0-%D0%B3%D1%80%D1%83%D0%BF%D0%BE%D0%B2%D0%B0%D1%82%D0%B0-%D1%84%D0%B0/,Сенегал завърши с победа груповата фаза на турнира за купата на африканските нации - EkipNews . com,20251231T104500Z,Bulgarian,ekipnews.com,Bulgaria,2025-12-31,2025-12,Dec 2025,"Танжер,   31.12.2025 09:14  (БТА) Игралият в намален състав Сенегал победи с 3:0 Бенин и завършва на първо място в група „D“ на турнира за купата на африканските нации.  Централният защитник Абдулайе Сек даде аванс за сенегалците седем минути преди почивката. Хабиб Диало реализира втория гол в мача в 62-ата минута, а капитанът Калиду Кулибали […]","Сенегал завърши с победа груповата фаза на турнира за купата на африканските нации - EkipNews . com. Танжер,   31.12.2025 09:14  (БТА) Игралият в намален състав Сенегал победи с 3:0 Бенин и завършва на първо място в група „D“ на турнира за купата на африканските нации.  Централният защитник Абдулайе Сек даде аванс за сенегалците седем минути преди почивката. Хабиб Диало реализира втория гол в мача в 62-ата минута, а капитанът Калиду Кулибали […]",titre+description,Neutral,0,1,0,0.7611
https://www.shorouknews.com/news/view.aspx?cdate=31122025&id=275f2178-6450-46ce-a61f-2e734059e5db,مدرب بنين : منتخب مصر قوي ولكننا نسعى للتأهل إلى ربع النهائي,20251231T104500Z,Arabic,shorouknews.com,Egypt,2025-12-31,2025-12,Dec 2025,علق جيرنوت روهر، المدير الفني لمنتخب بنين، على المواجهة المقبلة أمام المنتخب الوطني المصري، ضمن منافسات ثمن نهائي كأس الأمم الإفريقية، واصفًا المنتخب المصري بال,مدرب بنين : منتخب مصر قوي ولكننا نسعى للتأهل إلى ربع النهائي. علق جيرنوت روهر، المدير الفني لمنتخب بنين، على المواجهة المقبلة أمام المنتخب الوطني المصري، ضمن منافسات ثمن نهائي كأس الأمم الإفريقية، واصفًا المنتخب المصري بال,titre+description,Positive,0,0,1,0.7774
https://www.one.co.il/Article/510331.html,"בלי סק , גולדברג ומוחמד :  מבחן גדול למחליפים  ",20251231T104500Z,Hebrew,one.co.il,Israel,2025-12-31,2025-12,Dec 2025,"מכבי חיפה תנסה לחזור לנצח בליגה ב-19:45 מול אשדוד, עיסאת ואלעד אמיר יפתחו, חזיזה יועדף על פני אוחנה בעמדת ה-10. וגם: ההחלטה על עתידו של סק","בלי סק , גולדברג ומוחמד :  מבחן גדול למחליפים. מכבי חיפה תנסה לחזור לנצח בליגה ב-19:45 מול אשדוד, עיסאת ואלעד אמיר יפתחו, חזיזה יועדף על פני אוחנה בעמדת ה-10. וגם: ההחלטה על עתידו של סק",titre+description,Positive,0,0,1,0.661
https://www.thenationalnews.com/news/mena/2025/12/31/iranian-protests-spread-to-universities-as-students-take-to-the-streets/,Iranian protests spread to universities as students take to the streets,20251231T103000Z,English,thenationalnews.com,,2025-12-31,2025-12,Dec 2025,Tehran's chief prosecutor pledges 'decisive' response if protests destabilise country,Iranian protests spread to universities as students take to the streets. Tehran's chief prosecutor pledges 'decisive' response if protests destabilise country,titre+description,Negative,1,0,0,0.7657
https://fr.allafrica.com/stories/202512310137.html,"Afrique : CAN 2025 -  La solidarité de l  équipe a été déterminante , Abdoulaye Seck",20251231T103000Z,French,fr.allafrica.com,Nigeria,2025-12-31,2025-12,Dec 2025,"Le défenseur de l'équipe nationale du Sénégal, Abdoulaye Seck, désigné homme du match face au Bénin, a estimé mardi à Tanger que la solidarité de ses coéquipiers dans les dernières minutes, malgré l'infériorité numérique, a été déterminante dans la victoire des Lions.","Afrique : CAN 2025 -  La solidarité de l  équipe a été déterminante , Abdoulaye Seck. Le défenseur de l'équipe nationale du Sénégal, Abdoulaye Seck, désigné homme du match face au Bénin, a estimé mardi à Tanger que la solidarité de ses coéquipiers dans les dernières minutes, malgré l'infériorité numérique, a été déterminante dans la victoire des Lions.",titre+description,Positive,0,0,1,0.4729
https://fr.allafrica.com/stories/202512310133.html,"Afrique : CAN 2025 - Contre le Bénin , Pape Thiaw opère cinq changements dans son onze de départ",20251231T103000Z,French,fr.allafrica.com,Nigeria,2025-12-31,2025-12,Dec 2025,"Le sélectionneur national du Sénégal, Pape Thiaw, a procédé à cinq changements dans son onze de départ pour la troisième sortie des Lions dans le groupe D de la Coupe d'Afrique des nations (CAN) 2025, face au Bénin ce mardi à Tanger.","Afrique : CAN 2025 - Contre le Bénin , Pape Thiaw opère cinq changements dans son onze de départ. Le sélectionneur national du Sénégal, Pape Thiaw, a procédé à cinq changements dans son onze de départ pour la troisième sortie des Lions dans le groupe D de la Coupe d'Afrique des nations (CAN) 2025, face au Bénin ce mardi à Tanger.",titre+description,Positive,0,0,1,0.4633
https://fr.allafrica.com/stories/202512310135.html,"Afrique : CAN 2025 - Le Sénégal bat le Bénin , 3 - 0 , et conserve la première place du groupe D",20251231T103000Z,French,fr.allafrica.com,Nigeria,2025-12-31,2025-12,Dec 2025,"L'équipe nationale du Sénégal a battu, mardi, celle du Bénin par 3 buts à 0, lors du match de la troisième et dernière journée de la poule D de la Coupe d'Afrique des nations (CAN) de football 2025, un score lui permettant de conserver la première place de ce groupe.","Afrique : CAN 2025 - Le Sénégal bat le Bénin , 3 - 0 , et conserve la première place du groupe D. L'équipe nationale du Sénégal a battu, mardi, celle du Bénin par 3 buts à 0, lors du match de la troisième et dernière journée de la poule D de la Coupe d'Afrique des nations (CAN) de football 2025, un score lui permettant de conserver la première place de ce groupe.",titre+description,Positive,0,0,1,0.7771
https://fr.allafrica.com/stories/202512310176.html,"Afrique : CAN 2025 - Le Sénégal souffre mais finit premier , la RDC hérite de lAlgérie en 8es",20251231T103000Z,French,fr.allafrica.com,Nigeria,2025-12-31,2025-12,Dec 2025,"Déjà qualifiés pour les huitièmes de finale avant la dernière journée, le Sénégal et la RDC se sont livrés un duel à distance pour la première place. Le premier s'est imposé face au Bénin (3-0) et conserve la première place du groupe, poussant la RDC, malgré sa belle victoire (3-0) sur le Botswana, à devoir jouer l'Algérie en huitièmes de finale.","Afrique : CAN 2025 - Le Sénégal souffre mais finit premier , la RDC hérite de lAlgérie en 8es. Déjà qualifiés pour les huitièmes de finale avant la dernière journée, le Sénégal et la RDC se sont livrés un duel à distance pour la première place. Le premier s'est imposé face au Bénin (3-0) et conserve la première place du groupe, poussant la RDC, malgré sa belle victoire (3-0) sur le Botswana, à devoir jouer l'Algérie en huitièmes de finale.",titre+description,Positive,0,0,1,0.7008
https://fr.allafrica.com/stories/202512310154.html,"Afrique : CAN 2025 - Le Séngalais Koulibaly , un rouge , mais la fierté pour sa « centième sélection » et pour son quipe",20251231T101500Z,French,fr.allafrica.com,Nigeria,2025-12-31,2025-12,Dec 2025,"Interview - Pour sa centième sélection sous le maillot des Lions du Sénégal, Kalidou Koulibaly a vécu une soirée contrastée, ponctuée par une victoire convaincante 3-0 contre le Bénin, mais aussi par une expulsion. Le capitaine sénégalais revient sur ce match, son ressenti après le carton rouge, la qualification pour les huitièmes de finale, et l'état d'esprit du groupe.","Afrique : CAN 2025 - Le Séngalais Koulibaly , un rouge , mais la fierté pour sa « centième sélection » et pour son quipe. Interview - Pour sa centième sélection sous le maillot des Lions du Sénégal, Kalidou Koulibaly a vécu une soirée contrastée, ponctuée par une victoire convaincante 3-0 contre le Bénin, mais aussi par une expulsion. Le capitaine sénégalais revient sur ce match, son ressenti après le carton rouge, la qualification pour les huitièmes de finale, et l'état d'esprit du groupe.",titre+description,Positive,0,0,1,0.8087
https://fr.allafrica.com/stories/202512310134.html,"Afrique : CAN 2025 - Le Sénégal surclasse le Bénin , 3 - 0 , et conserve la première place du groupe D",20251231T101500Z,French,fr.allafrica.com,Nigeria,2025-12-31,2025-12,Dec 2025,"L'équipe nationale du Sénégal a battu celle du Bénin par 3 buts à 0, lors de la troisième et dernière journée de la poule D de la Coupe d'Afrique des nations (CAN) de football 2025, une victoire permettant aux Lions de conserver la première place de ce groupe.","Afrique : CAN 2025 - Le Sénégal surclasse le Bénin , 3 - 0 , et conserve la première place du groupe D. L'équipe nationale du Sénégal a battu celle du Bénin par 3 buts à 0, lors de la troisième et dernière journée de la poule D de la Coupe d'Afrique des nations (CAN) de football 2025, une victoire permettant aux Lions de conserver la première place de ce groupe.",titre+description,Positive,0,0,1,0.8663
https://www.bellanaija.com/2025/12/2025-wrap-up/,We Were Excellent and Extra This Year | Let Walk You Through Our 2025 Highlights,20251231T100000Z,English,bellanaija.com,Nigeria,2025-12-31,2025-12,Dec 2025,"We worked hard this year to bring you some of the most positive stories across the continent. We celebrated African excellence in all its forms. We led campaigns that created social impact. We travelled around to tell authentic African stories and we have remained at the forefront of championing and amplifying the best of the continent. - BellaNaija Features. May 10, 2026","We Were Excellent and Extra This Year | Let Walk You Through Our 2025 Highlights. We worked hard this year to bring you some of the most positive stories across the continent. We celebrated African excellence in all its forms. We led campaigns that created social impact. We travelled around to tell authentic African stories and we have remained at the forefront of championing and amplifying the best of the continent. - BellaNaija Features. May 10, 2026",titre+description,Positive,0,0,1,0.8607
https://www.ibtimes.co.uk/apocalypse-delayed-ghana-prophet-buys-luxury-car-ark-donations-followers-furious-1767283,  Apocalypse Delayed : Ghana Prophet Buys Luxury Car with Ark Donations – Followers Furious,20251231T093000Z,English,ibtimes.co.uk,United Kingdom,2025-12-31,2025-12,Dec 2025,"Self‑proclaimed Ghana prophet Ebo Noah postpones Christmas flood prophecy, amid anger over alleged Mercedes bought with ark donations.","Apocalypse Delayed : Ghana Prophet Buys Luxury Car with Ark Donations – Followers Furious. Self‑proclaimed Ghana prophet Ebo Noah postpones Christmas flood prophecy, amid anger over alleged Mercedes bought with ark donations.",titre+description,Negative,1,0,0,0.8789
https://www.tuttomercatoweb.com/calcio-estero/koulibaly-100a-col-senegal-da-rosso-e-ansia-scenario-non-ideale-ma-chiuso-in-testa-al-gruppo-2184679,"Koulibaly , 100ª col Senegal da rosso e ansia :  Scenario non ideale , ma chiuso in testa al gruppo  ",20251231T093000Z,Italian,tuttomercatoweb.com,Italy,2025-12-31,2025-12,Dec 2025,"Una 100ª apparizione con la maglia del Senegal e la fascia da capitano che Kalidou Koulibaly difficilmente dimenticherà, dopo aver messo nei.","Koulibaly , 100ª col Senegal da rosso e ansia :  Scenario non ideale , ma chiuso in testa al gruppo. Una 100ª apparizione con la maglia del Senegal e la fascia da capitano che Kalidou Koulibaly difficilmente dimenticherà, dopo aver messo nei.",titre+description,Negative,1,0,0,0.526
https://telegrafi.com/mesohen-te-gjitha-kombetaret-e-fazes-se-1-8-tes-ne-kupen-e-kombeve-te-afrikes/,Mësohen të gjitha kombëtaret e fazës së 1 / 8 - tës në Kupën e Kombeve të Afrikës,20251231T090000Z,Albanian,telegrafi.com,Kosovo,2025-12-31,2025-12,Dec 2025,"Faza e grupeve të Kupës së Kombeve të Afrikës nuk ka mbaruar ende, por të gjitha kombëtaret pjesëmarrëse të fazës së 1/8-tës, ose fazës eliminatore, janë mësuar tashmë.Ekipet e Senegalit, Republikës Demokratike të Kongos dhe Beninit konfirmuan progresin e tyre të martën mbrëma, dhe sot mbetet vetëm ...","Mësohen të gjitha kombëtaret e fazës së 1 / 8 - tës në Kupën e Kombeve të Afrikës. Faza e grupeve të Kupës së Kombeve të Afrikës nuk ka mbaruar ende, por të gjitha kombëtaret pjesëmarrëse të fazës së 1/8-tës, ose fazës eliminatore, janë mësuar tashmë.Ekipet e Senegalit, Republikës Demokratike të Kongos dhe Beninit konfirmuan progresin e tyre të martën mbrëma, dhe sot mbetet vetëm ...",titre+description,Neutral,0,1,0,0.5611
https://www.zeri.info/sport/605852/mesohen-te-gjitha-kombetaret-e-fazes-se-1ose8-tes-ne-kupen-e-kombeve-te-afrikes/,Mësohen të gjitha kombëtaret e fazës së 1 / 8 - tës në Kupën e Kombeve të Afrikës,20251231T090000Z,Albanian,zeri.info,Kosovo,2025-12-31,2025-12,Dec 2025,"Faza e grupeve të Kupës së Kombeve të Afrikës nuk ka mbaruar ende, por të gjitha kombëtaret pjesëmarrëse të fazës së 1/8-tës, ose fazës eliminatore, janë mësuar...","Mësohen të gjitha kombëtaret e fazës së 1 / 8 - tës në Kupën e Kombeve të Afrikës. Faza e grupeve të Kupës së Kombeve të Afrikës nuk ka mbaruar ende, por të gjitha kombëtaret pjesëmarrëse të fazës së 1/8-tës, ose fazës eliminatore, janë mësuar...",titre+description,Neutral,0,1,0,0.5381
https://theeagleonline.com.ng/on-the-air-strikes-in-sokoto-by-tunde-asaju/,"On the air strikes in Sokoto , by Tunde Asaju",20251231T090000Z,English,theeagleonline.com.ng,Nigeria,2025-12-31,2025-12,Dec 2025,"As a Nigerian, I will never stand for any nation, no matter how powerful, to use divisive rhetoric to burn down my country.","On the air strikes in Sokoto , by Tunde Asaju. As a Nigerian, I will never stand for any nation, no matter how powerful, to use divisive rhetoric to burn down my country.",titre+description,Negative,1,0,0,0.8243
https://www.thecable.ng/why-nigeria-no-longer-produces-jay-jay-okochas-dearth-of-talent-is-not-the-problem-the-system-is/,"Why Nigeria no longer produces Jay - Jay Okochas : Dearth of talent is not the problem , the system is",20251231T090000Z,English,thecable.ng,Nigeria,2025-12-31,2025-12,Dec 2025,"Stay connected via Google News There was a time when, watching the Super Eagles was a cultural event,…","Why Nigeria no longer produces Jay - Jay Okochas : Dearth of talent is not the problem , the system is. Stay connected via Google News There was a time when, watching the Super Eagles was a cultural event,…",titre+description,Negative,1,0,0,0.5546
https://www.mk.ru/politics/2025/12/31/kakaya-zh-eto-ugroza-kroshechnoe-ostrovnoe-korolevstvo-popalo-pod-vizovye-ogranicheniya-trampa.html, « Какая ж это угроза »: крошечное островное королевство попало под визовые ограничения Трампа,20251231T084500Z,Russian,mk.ru,Russia,2025-12-31,2025-12,Dec 2025,"Небольшое тихоокеанское государство Тонга является одной из более чем дюжины стран, которые с 1 января столкнутся с визовыми ограничениями и въездными виз, поскольку администрация Трампа ужесточает свои меры по борьбе с иммиграцией.","« Какая ж это угроза »: крошечное островное королевство попало под визовые ограничения Трампа. Небольшое тихоокеанское государство Тонга является одной из более чем дюжины стран, которые с 1 января столкнутся с визовыми ограничениями и въездными виз, поскольку администрация Трампа ужесточает свои меры по борьбе с иммиграцией.",titre+description,Negative,1,0,0,0.8351
https://senepeople.com/2025/12/31/senegal-surclasse-le-benin-et-termine-en-tete-de-son-groupe/,Sénégal surclasse le Bénin et termine en tête de son groupe – Senepeople,20251231T084500Z,French,senepeople.com,Senegal,2025-12-31,2025-12,Dec 2025,,Sénégal surclasse le Bénin et termine en tête de son groupe – Senepeople,titre seul,Positive,0,0,1,0.6391
https://newpost.gr/eidiseis/kopa-afrika-ayta-einai-ta-prota-4-zeygaria-tis-fasis-ton-16/,Κόπα Άφρικα : Αυτά είναι τα πρώτα 4 ζευγάρια της φάσης των « 16 » ,20251231T081500Z,Greek,newpost.gr,Greece,2025-12-31,2025-12,Dec 2025,"Ειδήσεις, νέα και όλη η έκτακτη επικαιρότητα από το newpost.gr. Ενημερωθείτε άμεσα για ό,τι συμβαίνει τώρα στην Ελλάδα και τον Κόσμο.","Κόπα Άφρικα : Αυτά είναι τα πρώτα 4 ζευγάρια της φάσης των « 16 ». Ειδήσεις, νέα και όλη η έκτακτη επικαιρότητα από το newpost.gr. Ενημερωθείτε άμεσα για ό,τι συμβαίνει τώρα στην Ελλάδα και τον Κόσμο.",titre+description,Neutral,0,1,0,0.752
https://www.bucksfreepress.co.uk/news/25730785.nurse-receive-british-empire-medal-helping-children/,Nurse to receive British Empire Medal for helping children,20251231T081500Z,English,bucksfreepress.co.uk,United Kingdom,2025-12-31,2025-12,Dec 2025,A nurse will be recognised in the New Year 2026 Honours List for her services to children in Africa,Nurse to receive British Empire Medal for helping children. A nurse will be recognised in the New Year 2026 Honours List for her services to children in Africa,titre+description,Positive,0,0,1,0.763
"https://www.one.co.il/Article/25-26/1,1,4,53828/510331.html","בלי סק , גולדברג ומוחמד :  מבחן גדול למחליפים  ",20251231T080000Z,Hebrew,one.co.il,Israel,2025-12-31,2025-12,Dec 2025,"מכבי חיפה תנסה לחזור לנצח בליגה ב-19:45 מול אשדוד, עיסאת ואלעד אמיר יפתחו, חזיזה יועדף על פני אוחנה בעמדת ה-10. וגם: ההחלטה על עתידו של סק","בלי סק , גולדברג ומוחמד :  מבחן גדול למחליפים. מכבי חיפה תנסה לחזור לנצח בליגה ב-19:45 מול אשדוד, עיסאת ואלעד אמיר יפתחו, חזיזה יועדף על פני אוחנה בעמדת ה-10. וגם: ההחלטה על עתידו של סק",titre+description,Positive,0,0,1,0.661
https://www.downtoearth.org.in/africa/bread-of-the-tropics-fungal-contamination-of-cassava-very-high-across-africa-finds-study,High Fungal Contamination in African Cassava : Study Reveals Alarming Rates,20251231T080000Z,English,downtoearth.org.in,India,2025-12-31,2025-12,Dec 2025,"Cassava faces 90% fungal contamination in Africa, study reveals.","High Fungal Contamination in African Cassava : Study Reveals Alarming Rates. Cassava faces 90% fungal contamination in Africa, study reveals.",titre+description,Negative,1,0,0,0.7797
https://hyeres.maville.com/actu/actudet_-can.-le-tableau-complet-des-8es-de-finale-de-la-coupe-d-afrique-des-nations-2025-_fil-7128618_actu.Htm,CAN . Le tableau complet des 8es de finale de la Coupe dAfrique des nations 2025,20251231T074500Z,French,hyeres.maville.com,France,2025-12-31,2025-12,Dec 2025,Info Hyères CAN Le tableau complet des 8es de finale de la Coupe dAfrique des nations 2025 - La... Hyères,CAN . Le tableau complet des 8es de finale de la Coupe dAfrique des nations 2025. Info Hyères CAN Le tableau complet des 8es de finale de la Coupe dAfrique des nations 2025 - La... Hyères,titre+description,Neutral,0,1,0,0.7687
https://www.newsit.gr/athlitika/copa-africa-ta-prota-zeygaria-tis-fasis-ton-16-kai-oi-omades-pou-apokleistikan/4563317/,Copa Africa : Τα πρώτα ζευγάρια της φάσης των « 16 » και οι ομάδες που αποκλείστηκαν,20251231T073000Z,Greek,newsit.gr,Greece,2025-12-31,2025-12,Dec 2025,"Συμπληρώνεται σιγά-σιγά το παζλ της φάσης των «16» του Copa Africa με τέσσερα από τα οκτώ ζευγάρια να είναι ήδη γνωστά. Μετά το 1-1, ανάμεσα στην Τανζανία","Copa Africa : Τα πρώτα ζευγάρια της φάσης των « 16 » και οι ομάδες που αποκλείστηκαν. Συμπληρώνεται σιγά-σιγά το παζλ της φάσης των «16» του Copa Africa με τέσσερα από τα οκτώ ζευγάρια να είναι ήδη γνωστά. Μετά το 1-1, ανάμεσα στην Τανζανία",titre+description,Neutral,0,1,0,0.5476
https://lajornadasanluis.com.mx/sin-ganar-ningun-juego-tanzania-avanza-a-octavos-de-la-copa-africana-por-primera-vez-en-su-historia/,"Sin ganar ningún juego , Tanzania avanza a octavos de la Copa Africana por primera vez en su historia",20251231T073000Z,Spanish,lajornadasanluis.com.mx,Mexico,2025-12-31,2025-12,Dec 2025,,"Sin ganar ningún juego , Tanzania avanza a octavos de la Copa Africana por primera vez en su historia",titre seul,Positive,0,0,1,0.6474
https://www.krcu.org/2025-12-30/in-a-year-of-steep-challenges-there-were-still-shining-moments-in-global-health,"In a year of steep challenges , there were still shining moments in global health",20251231T073000Z,English,krcu.org,United States,2025-12-31,2025-12,Dec 2025,The Trump administration's deep cuts in U.S. foreign health aid had a devastating impact. Yet there were achievements of note in spite of it all.,"In a year of steep challenges , there were still shining moments in global health. The Trump administration's deep cuts in U.S. foreign health aid had a devastating impact. Yet there were achievements of note in spite of it all.",titre+description,Positive,0,0,1,0.4091
https://draguignan.maville.com/actu/actudet_-can.-le-tableau-complet-des-8es-de-finale-de-la-coupe-d-afrique-des-nations-2025-_fil-7128618_actu.Htm,CAN . Le tableau complet des 8es de finale de la Coupe dAfrique des nations 2025,20251231T071500Z,French,draguignan.maville.com,France,2025-12-31,2025-12,Dec 2025,Info Hyères CAN Le tableau complet des 8es de finale de la Coupe dAfrique des nations 2025 - La... Draguignan,CAN . Le tableau complet des 8es de finale de la Coupe dAfrique des nations 2025. Info Hyères CAN Le tableau complet des 8es de finale de la Coupe dAfrique des nations 2025 - La... Draguignan,titre+description,Neutral,0,1,0,0.811
https://sapo.pt/artigo/chefe-da-junta-militar-declarado-vencedor-das-presidenciais-na-guine-conacri-6954c44f7f0df3a88502aabb,Chefe da junta militar declarado vencedor das presidenciais na Guiné - Conacri,20251231T071500Z,Portuguese,sapo.pt,Portugal,2025-12-31,2025-12,Dec 2025,"A comissão eleitoral declarou o líder da junta militar da Guiné-Conacri, general Mamadi Doumbouya, vencedor das presidenciais de domingo, segundo resultados incompletos da primeira eleição no país desde o golpe de Estado de 2021.","Chefe da junta militar declarado vencedor das presidenciais na Guiné - Conacri. A comissão eleitoral declarou o líder da junta militar da Guiné-Conacri, general Mamadi Doumbouya, vencedor das presidenciais de domingo, segundo resultados incompletos da primeira eleição no país desde o golpe de Estado de 2021.",titre+description,Neutral,0,1,0,0.6186
https://www.inewsgr.com/93/Copa-Africa-ta-prota-zevgaria-tis-fasis-ton-16-kai-oi-omades-pou-apokleistikan.htm,Copa Africa : Τα πρώτα ζευγάρια της φάσης των « 16 » και οι ομάδες που αποκλείστηκαν,20251231T064500Z,Greek,inewsgr.com,Greece,2025-12-31,2025-12,Dec 2025,Copa Africa: Τα πρώτα ζευγάρια της φάσης των «16» και οι ομάδες που αποκλείστηκαν - Copa Africa: ta prota zevgaria tis fasis ton «16» kai oi omades pou apokleistikan,Copa Africa : Τα πρώτα ζευγάρια της φάσης των « 16 » και οι ομάδες που αποκλείστηκαν. Copa Africa: Τα πρώτα ζευγάρια της φάσης των «16» και οι ομάδες που αποκλείστηκαν - Copa Africa: ta prota zevgaria tis fasis ton «16» kai oi omades pou apokleistikan,titre+description,Neutral,0,1,0,0.6044
https://brignoles.maville.com/actu/actudet_-can.-le-tableau-complet-des-8es-de-finale-de-la-coupe-d-afrique-des-nations-2025-_fil-7128618_actu.Htm,CAN . Le tableau complet des 8es de finale de la Coupe dAfrique des nations 2025,20251231T064500Z,French,brignoles.maville.com,France,2025-12-31,2025-12,Dec 2025,Info Hyères CAN Le tableau complet des 8es de finale de la Coupe dAfrique des nations 2025 - La... Brignoles,CAN . Le tableau complet des 8es de finale de la Coupe dAfrique des nations 2025. Info Hyères CAN Le tableau complet des 8es de finale de la Coupe dAfrique des nations 2025 - La... Brignoles,titre+description,Neutral,0,1,0,0.8144
https://truthnigeria.com/2025/12/kwara-arrests-us-airstrikes-signal-escalating-war-on-terror-networks/,"Kwara Arrests , US Airstrikes Signal Escalating War on Terror Networks",20251231T060000Z,English,truthnigeria.com,,2025-12-31,2025-12,Dec 2025,"By Onibiyo Segun (Kaiama County, Kwara State) The arrest of two notorious bandit kingpins in Kwara State, coming days after U.S.-ordered airstrikes struck ISIS-linked camps in northwest Nigeria, signals a widening and increasingly coordinated campaign against terror networks pushing deeper into the Middle Belt. The arrests were carried out on December 19, 2025, following an intelligence-led operation along the Kaiama-Baruten axis, a…","Kwara Arrests , US Airstrikes Signal Escalating War on Terror Networks. By Onibiyo Segun (Kaiama County, Kwara State) The arrest of two notorious bandit kingpins in Kwara State, coming days after U.S.-ordered airstrikes struck ISIS-linked camps in northwest Nigeria, signals a widening and increasingly coordinated campaign against terror networks pushing deeper into the Middle Belt. The arrests were carried out on December 19, 2025, following an intelligence-led operation along the Kaiama-Baruten axis, a…",titre+description,Negative,1,0,0,0.7147
https://allafrica.com/stories/202512310095.html,Guinea Junta Leader Declared Winner of Presidential Election,20251231T060000Z,English,allafrica.com,Nigeria,2025-12-31,2025-12,Dec 2025,"Mamdi Doumbouya secured almost 87% of the vote, while several opposition figures were either barred from contesting or were in exile. Doumbouya seized power after staging a coup in 2021.","Guinea Junta Leader Declared Winner of Presidential Election. Mamdi Doumbouya secured almost 87% of the vote, while several opposition figures were either barred from contesting or were in exile. Doumbouya seized power after staging a coup in 2021.",titre+description,Negative,1,0,0,0.4631
https://paris.maville.com/actu/actudet_-can.-le-tableau-complet-des-8es-de-finale-de-la-coupe-d-afrique-des-nations-2025-_fil-7128618_actu.Htm,CAN . Le tableau complet des 8es de finale de la Coupe dAfrique des nations 2025,20251231T053000Z,French,paris.maville.com,France,2025-12-31,2025-12,Dec 2025,Info Hyères CAN Le tableau complet des 8es de finale de la Coupe dAfrique des nations 2025 - La... Paris,CAN . Le tableau complet des 8es de finale de la Coupe dAfrique des nations 2025. Info Hyères CAN Le tableau complet des 8es de finale de la Coupe dAfrique des nations 2025 - La... Paris,titre+description,Neutral,0,1,0,0.8182
https://www.jamaicaobserver.com/2025/12/31/senegal-top-afcon-group-ahead-dr-congo-tanzania-make-history/,Senegal top AFCON group ahead of DR Congo as Tanzania make history,20251231T053000Z,English,jamaicaobserver.com,Jamaica,2025-12-31,2025-12,Dec 2025,Senegal top AFCON group ahead of DR Congo as Tanzania make history,Senegal top AFCON group ahead of DR Congo as Tanzania make history. Senegal top AFCON group ahead of DR Congo as Tanzania make history,titre+description,Positive,0,0,1,0.499
https://www.newzimbabwe.com/coups-elections-and-protests-a-difficult-year-for-democracy-in-africa/,"Coups , elections and protests - a difficult year for democracy in Africa",20251231T051500Z,English,newzimbabwe.com,Zimbabwe,2025-12-31,2025-12,Dec 2025,,"Coups , elections and protests - a difficult year for democracy in Africa",titre seul,Negative,1,0,0,0.8807
https://ria.ru/20251231/vystavki-2060305669.html,Куда пойти в Москве в праздлники : главные выставки декабря 2025 и января 2026,20251231T051500Z,Russian,ria.ru,Russia,2025-12-31,2025-12,Dec 2025,"Полный гид по главным выставкам Москвы на декабрь 2025 и январь 2026. Узнайте, где увидеть ""русский период"" Шагала, редкие ювелирные украшения из фондов ГИМа и индийские ткани в Царицыно. Подробный обзор на ria.ru","Куда пойти в Москве в праздлники : главные выставки декабря 2025 и января 2026. Полный гид по главным выставкам Москвы на декабрь 2025 и январь 2026. Узнайте, где увидеть ""русский период"" Шагала, редкие ювелирные украшения из фондов ГИМа и индийские ткани в Царицыно. Подробный обзор на ria.ru",titre+description,Neutral,0,1,0,0.8056
https://www.myjoyonline.com/senegal-conclude-group-d-with-comfortable-win-over-benin-as-both-progress-to-round-of-16/,Senegal conclude Group D with comfortable win over Benin as both progress to Round of 16,20251231T050000Z,English,myjoyonline.com,Ghana,2025-12-31,2025-12,Dec 2025,"Senegal underlined their TotalEnergies CAF AFCON title credentials with a commanding 3-0 victory over Benin in their final Group D encounter, in an entertaining contest played in Tangiers on Tuesday evening.","Senegal conclude Group D with comfortable win over Benin as both progress to Round of 16. Senegal underlined their TotalEnergies CAF AFCON title credentials with a commanding 3-0 victory over Benin in their final Group D encounter, in an entertaining contest played in Tangiers on Tuesday evening.",titre+description,Positive,0,0,1,0.858
https://www.163.com/dy/article/KI3VEKOH0549BAP0.html,塞内加尔主帅 ： 马内能为姆巴耶指引道路 ， 我们会呵护他成长,20251231T050000Z,Chinese,163.com,China,2025-12-31,2025-12,Dec 2025,"塞内加尔主帅：马内能为姆巴耶指引道路，我们会呵护他成长,贝宁,姆巴耶,非洲杯,马内能,塞内加尔,萨迪奥·马内,世界足球先生","塞内加尔主帅 ： 马内能为姆巴耶指引道路 ， 我们会呵护他成长. 塞内加尔主帅：马内能为姆巴耶指引道路，我们会呵护他成长,贝宁,姆巴耶,非洲杯,马内能,塞内加尔,萨迪奥·马内,世界足球先生",titre+description,Positive,0,0,1,0.5861
https://www.elwatannews.com/news/details/8199647,عاجل| « كاف » يفاجئ مصر بقرار مهم قبل مواجهة بنين في أمم أفريقيا,20251231T050000Z,Arabic,elwatannews.com,Egypt,2025-12-31,2025-12,Dec 2025,تقرر بشكل رسمي استمرار المنتخب الوطني في مدينة أغادير والتي خاض فيها مواجهته خلال دور المجموعات بقرار من الاتحاد الأفريقي لكرة القدم وحسب لائحة بطولة الأمم وتنص لائحة بطولة أمم أفريقيا على أن الفريق المتصدر يستمر في مدينته الذي خاض فيها مباريات دور المجموعات بشكل رسمي ولا يغادرها خلال ثمن النهائي - الوطن,عاجل| « كاف » يفاجئ مصر بقرار مهم قبل مواجهة بنين في أمم أفريقيا. تقرر بشكل رسمي استمرار المنتخب الوطني في مدينة أغادير والتي خاض فيها مواجهته خلال دور المجموعات بقرار من الاتحاد الأفريقي لكرة القدم وحسب لائحة بطولة الأمم وتنص لائحة بطولة أمم أفريقيا على أن الفريق المتصدر يستمر في مدينته الذي خاض فيها مباريات دور المجموعات بشكل رسمي ولا يغادرها خلال ثمن النهائي - الوطن,titre+description,Positive,0,0,1,0.7757
https://laseyne.maville.com/actu/actudet_-can.-le-tableau-complet-des-8es-de-finale-de-la-coupe-d-afrique-des-nations-2025-_fil-7128618_actu.Htm,CAN . Le tableau complet des 8es de finale de la Coupe dAfrique des nations 2025,20251231T050000Z,French,laseyne.maville.com,France,2025-12-31,2025-12,Dec 2025,Info Hyères CAN Le tableau complet des 8es de finale de la Coupe dAfrique des nations 2025 - La... La Seyne,CAN . Le tableau complet des 8es de finale de la Coupe dAfrique des nations 2025. Info Hyères CAN Le tableau complet des 8es de finale de la Coupe dAfrique des nations 2025 - La... La Seyne,titre+description,Neutral,0,1,0,0.8137
https://punchng.com/onyedika-relishes-afcon-brace/,Onyedika relishes AFCON brace,20251231T043000Z,English,punchng.com,Nigeria,2025-12-31,2025-12,Dec 2025,"Raphael Onyedika shines, scoring an AFCON brace in his first start to lead Nigeria to a 3-1 victory over Uganda and a perfect group stage record.","Onyedika relishes AFCON brace. Raphael Onyedika shines, scoring an AFCON brace in his first start to lead Nigeria to a 3-1 victory over Uganda and a perfect group stage record.",titre+description,Positive,0,0,1,0.8981
https://news.ifeng.com/c/8pWtuzw7znX,  这种苦日子早就过够了 ， 好在中国来了 …_ 凤凰网,20251231T043000Z,Chinese,news.ifeng.com,China,2025-12-31,2025-12,Dec 2025,“这种苦日子早就过够了，好在中国来了…”,这种苦日子早就过够了 ， 好在中国来了 …_ 凤凰网. “这种苦日子早就过够了，好在中国来了…”,titre+description,Negative,1,0,0,0.3893
https://eahelqesa.com/news/%D8%B3%D8%A7%D8%B9%D8%A9-%D8%A7%D9%84%D8%AD%D8%B3%D9%85-%D8%AA%D9%82%D8%AA%D8%B1%D8%A8-%D9%85%D9%88%D8%B9%D8%AF-%D8%B5%D8%AF%D8%A7%D9%85-%D9%85%D8%B5%D8%B1-%D9%88%D8%A8%D9%86%D9%8A%D9%86-%D9%88,ساعة الحسم تقترب .. موعد صدام مصر وبنين والقنوات الناقلة في كأس أمم إفريقيا,20251231T034500Z,Arabic,eahelqesa.com,,2025-12-31,2025-12,Dec 2025,,ساعة الحسم تقترب .. موعد صدام مصر وبنين والقنوات الناقلة في كأس أمم إفريقيا,titre seul,Neutral,0,1,0,0.7429
https://www.vetogate.com/5563906,قبل موقعة الإثنين بأمم إفريقيا 2025 ، تاريخ مواجهات منتخب مصر أمام بنين,20251231T034500Z,Arabic,vetogate.com,Egypt,2025-12-31,2025-12,Dec 2025,ضرب منتخب مصر الأول لكرة القدم، موعد مع نظيره البنين، في دور الـ16 ببطولة أمم إفريقيا 2025 المقامة حاليًّا في المغرب,قبل موقعة الإثنين بأمم إفريقيا 2025 ، تاريخ مواجهات منتخب مصر أمام بنين. ضرب منتخب مصر الأول لكرة القدم، موعد مع نظيره البنين، في دور الـ16 ببطولة أمم إفريقيا 2025 المقامة حاليًّا في المغرب,titre+description,Neutral,0,1,0,0.5496
https://www.leral.net/CAN-Maroc-2025-Les-Senegalais-valident-la-premiere-place--RD-Congo-Algerie-en-8es_a393181.html,"CAN Maroc - 2025 - Les Sénégalais valident la première place , RD Congo - Algérie en 8es",20251231T034500Z,French,leral.net,Senegal,2025-12-31,2025-12,Dec 2025,"Déjà qualifiés pour les 8es de finale, le Sénégal et la RD Congo ont assuré contre le Bénin (3-0) et le Botswana (3-0) ce mardi lors de la 3e journée du Groupe D de la Coupe d'Afrique des Nation...","CAN Maroc - 2025 - Les Sénégalais valident la première place , RD Congo - Algérie en 8es. Déjà qualifiés pour les 8es de finale, le Sénégal et la RD Congo ont assuré contre le Bénin (3-0) et le Botswana (3-0) ce mardi lors de la 3e journée du Groupe D de la Coupe d'Afrique des Nation...",titre+description,Positive,0,0,1,0.5665
https://www.leral.net/Le-Senegal-s-impose-3-0-face-au-Benin-et-s-installe-en-tete-du-groupe-D_a393171.html,Le Sénégal simpose 3 - 0 face au Bénin et sinstalle en tête du groupe D,20251231T034500Z,French,leral.net,Senegal,2025-12-31,2025-12,Dec 2025,"XALIMANEWS: Le Sénégal a remporté une victoire convaincante face au Bénin, s’imposant 3 buts à 0, un résultat qui permet aux Lions de prendre seuls la tête du groupe D. Les Lions ont ouvert le scor...","Le Sénégal simpose 3 - 0 face au Bénin et sinstalle en tête du groupe D. XALIMANEWS: Le Sénégal a remporté une victoire convaincante face au Bénin, s’imposant 3 buts à 0, un résultat qui permet aux Lions de prendre seuls la tête du groupe D. Les Lions ont ouvert le scor...",titre+description,Positive,0,0,1,0.8575
https://www.dw.com/en/guineas-junta-leader-declared-winner-of-presidential-election/a-75346950,Guinea junta leader declared winner of presidential election – DW – 12 / 31 / 2025,20251231T034500Z,English,dw.com,Germany,2025-12-31,2025-12,Dec 2025,"Mamadi Doumbouya secured almost 87% of the vote, while several opposition figures were either barred from contesting or were in exile. Doumbouya seized power after staging a coup in 2021.","Guinea junta leader declared winner of presidential election – DW – 12 / 31 / 2025. Mamadi Doumbouya secured almost 87% of the vote, while several opposition figures were either barred from contesting or were in exile. Doumbouya seized power after staging a coup in 2021.",titre+description,Neutral,0,1,0,0.4235
https://www.camer.be/91852/6:1/bilan-de-lannee-2025-en-afrique-2026-avec-ses-espoirs-africa.html,Actualités AFRIQUE :: BILAN DE LANNEE 2025 EN AFRIQUE : 2026 avec ses espoirs :: AFRICA News,20251231T033000Z,French,camer.be,Belgium,2025-12-31,2025-12,Dec 2025,"Cameroun, Tanzanie, Côte d’Ivoire, Gabon, Tchad, Guinée,
Guinée-Bissau, Centrafrique… 2025 a été riche en élections en
Afrique.

Des élections qui se sont souve...","Actualités AFRIQUE :: BILAN DE LANNEE 2025 EN AFRIQUE : 2026 avec ses espoirs :: AFRICA News. Cameroun, Tanzanie, Côte d’Ivoire, Gabon, Tchad, Guinée,
Guinée-Bissau, Centrafrique… 2025 a été riche en élections en
Afrique.

Des élections qui se sont souve...",titre+description,Positive,0,0,1,0.7431
https://www.afriquesenlutte.org/afrique-de-l-ouest/benin/article/benin-les-autorites-muselent-les,Bénin : Les autorités  musèlent  les médias au sujet des allégations de (…) ,20251231T033000Z,French,afriquesenlutte.org,France,2025-12-31,2025-12,Dec 2025,"(MFWA/IFEX) - Le 3 août 2010, les autorités béninoises ont menacé de prendre des mesures contre les médias locaux et étrangers qui manquent de (…)","Bénin : Les autorités  musèlent  les médias au sujet des allégations de (…). (MFWA/IFEX) - Le 3 août 2010, les autorités béninoises ont menacé de prendre des mesures contre les médias locaux et étrangers qui manquent de (…)",titre+description,Negative,1,0,0,0.9398
https://mymotherlode.com/news/national/general-election/10351408/junta-leader-is-declared-the-winner-of-guineas-presidential-election.html,Junta leader is declared the winner of Guinea presidential election,20251231T031500Z,English,mymotherlode.com,United States,2025-12-31,2025-12,Dec 2025,,Junta leader is declared the winner of Guinea presidential election,titre seul,Positive,0,0,1,0.5816
https://hea.china.com/articles/20251231/202512311790609.html,哈尔滨宜宾合肥义乌入选春晚分会场 《 乡愁宜春 》 呼声高 _ 中华网,20251231T031500Z,Chinese,hea.china.com,China,2025-12-31,2025-12,Dec 2025,,哈尔滨宜宾合肥义乌入选春晚分会场 《 乡愁宜春 》 呼声高 _ 中华网,titre seul,Neutral,0,1,0,0.7166
https://toulon.maville.com/actu/actudet_-can.-le-tableau-complet-des-8es-de-finale-de-la-coupe-d-afrique-des-nations-2025-_fil-7128618_actu.Htm,CAN . Le tableau complet des 8es de finale de la Coupe dAfrique des nations 2025,20251231T024500Z,French,toulon.maville.com,France,2025-12-31,2025-12,Dec 2025,Info Hyères CAN Le tableau complet des 8es de finale de la Coupe dAfrique des nations 2025 - La... Toulon,CAN . Le tableau complet des 8es de finale de la Coupe dAfrique des nations 2025. Info Hyères CAN Le tableau complet des 8es de finale de la Coupe dAfrique des nations 2025 - La... Toulon,titre+description,Neutral,0,1,0,0.8141
http://french.peopledaily.com.cn/Afrique/n3/2025/1231/c96852-20408729.html,"Au Bénin , la coopération avec la Chine saluée pour ses effets concrets sur la population",20251231T021500Z,French,french.peopledaily.com.cn,China,2025-12-31,2025-12,Dec 2025,"Cinquante-trois ans aprÃ¨s le rÃ©tablissement des relations diplomatiques entre le BÃ©nin et la Chine, de nombreux responsables et citoyens bÃ©ninois saluent les retombÃ©es concrÃ¨tes et durables de la coopÃ©ration bilatÃ©rale sur la vie quotidienne de la population.","Au Bénin , la coopération avec la Chine saluée pour ses effets concrets sur la population. Cinquante-trois ans aprÃ¨s le rÃ©tablissement des relations diplomatiques entre le BÃ©nin et la Chine, de nombreux responsables et citoyens bÃ©ninois saluent les retombÃ©es concrÃ¨tes et durables de la coopÃ©ration bilatÃ©rale sur la vie quotidienne de la population.",titre+description,Positive,0,0,1,0.8506
https://www.theguardian.com/world/2025/dec/31/tonga-under-usa-trump-visa-ban,  Tonga is not a threat : anger as small Pacific nation falls under Trump visa restrictions | Tonga,20251231T021500Z,English,theguardian.com,United Kingdom,2025-12-31,2025-12,Dec 2025,"Community leaders raise alarm over study links and Polynesian ties, with Tonga to face restrictions from January as US says too many overstay","Tonga is not a threat : anger as small Pacific nation falls under Trump visa restrictions | Tonga. Community leaders raise alarm over study links and Polynesian ties, with Tonga to face restrictions from January as US says too many overstay",titre+description,Negative,1,0,0,0.8967
http://www.24haubenin.info/?MOBILISATION-ET-GESTION-DES-RESSOURCES-59812,MOBILISATION ET GESTION DES RESSOURCES . - 24 HEURES AU BENIN,20251231T021500Z,French,24haubenin.info,Benin,2025-12-31,2025-12,Dec 2025,,MOBILISATION ET GESTION DES RESSOURCES . - 24 HEURES AU BENIN,titre seul,Neutral,0,1,0,0.5977
https://eahelqesa.com/news/%D8%B5%D8%AF%D8%A7%D9%85-%D8%A7%D9%84%D8%AD%D8%B3%D9%85-%D8%AA%D8%B4%D9%83%D9%8A%D9%84-%D8%A7%D9%84%D8%B3%D9%86%D8%BA%D8%A7%D9%84-%D8%A7%D9%84%D9%85%D8%AA%D9%88%D9%82%D8%B9-%D9%84%D9%85%D9%88%D8%A7,صدام الحسم .. تشكيل السنغال المتوقع لمواجهة بنين في تصفيات كأس الأمم الإفريقية,20251231T021500Z,Arabic,eahelqesa.com,,2025-12-31,2025-12,Dec 2025,,صدام الحسم .. تشكيل السنغال المتوقع لمواجهة بنين في تصفيات كأس الأمم الإفريقية,titre seul,Neutral,0,1,0,0.7992
http://www.24haubenin.info/?ELECTIONS-COMMUNALES-ET-MUNICIPALE-DE-2026,ELECTIONS COMMUNALES ET MUNICIPALE DE 2026 - 24 HEURES AU BENIN,20251231T021500Z,French,24haubenin.info,Benin,2025-12-31,2025-12,Dec 2025,,ELECTIONS COMMUNALES ET MUNICIPALE DE 2026 - 24 HEURES AU BENIN,titre seul,Neutral,0,1,0,0.7717
https://www.alriyadh.com/2168078,جريدة الرياض | أمم إفريقيا : السنغال تتفادى مواجهة الجزائر وبنين تضرب موعدا مع مصر,20251231T020000Z,Arabic,alriyadh.com,Saudi Arabia,2025-12-31,2025-12,Dec 2025,,جريدة الرياض | أمم إفريقيا : السنغال تتفادى مواجهة الجزائر وبنين تضرب موعدا مع مصر,titre seul,Neutral,0,1,0,0.5569
https://www.footmercato.net/a2272039255206031181-can-2025-le-tableau-des-8es-de-finale,CAN 2025 : le tableau des 8es de finale,20251231T020000Z,French,footmercato.net,France,2025-12-31,2025-12,Dec 2025,Les 8es de finale de la CAN 2025 se précisent. Après la 3e journée du Groupe D qui a vu le Sénégal et la République Démocratique du Congo cogner  (...) - Footmercato,CAN 2025 : le tableau des 8es de finale. Les 8es de finale de la CAN 2025 se précisent. Après la 3e journée du Groupe D qui a vu le Sénégal et la République Démocratique du Congo cogner  (...) - Footmercato,titre+description,Neutral,0,1,0,0.6998
https://www.wral.com/news/ap/719a9-senegal-and-congo-get-big-wins-at-africa-cup-while-tanzania-and-tunisia-squeeze-into-knockout-stage/,Senegal and Congo get big wins at Africa Cup while Tanzania and Tunisia squeeze into knockout stage,20251231T020000Z,English,wral.com,United States,2025-12-31,2025-12,Dec 2025,,Senegal and Congo get big wins at Africa Cup while Tanzania and Tunisia squeeze into knockout stage,titre seul,Positive,0,0,1,0.5569
https://panow.com/2025/12/30/junta-leader-gen-mamdi-doumbouya-is-declared-winner-of-guineas-election-provisional-results-show/,Junta leader is declared the winner of Guinea presidential election,20251231T020000Z,English,panow.com,Canada,2025-12-31,2025-12,Dec 2025,"CONAKRY, Guinea (AP) — Junta leader Gen. Mamdi Doumbouya was declared the winner of Guinea’s presidential election held over the weekend, according to incomplete results released late on Tuesday, the country's first election since a 2021...","Junta leader is declared the winner of Guinea presidential election. CONAKRY, Guinea (AP) — Junta leader Gen. Mamdi Doumbouya was declared the winner of Guinea’s presidential election held over the weekend, according to incomplete results released late on Tuesday, the country's first election since a 2021...",titre+description,Positive,0,0,1,0.4461
