WEEK,REGION,COUNTRY,ADMIN1,EVENT_TYPE,SUB_EVENT_TYPE,EVENTS,FATALITIES,POPULATION_EXPOSURE,DISORDER_TYPE,ID,CENTROID_LATITUDE,CENTROID_LONGITUDE
2016-05-21,Western Africa,Benin,Alibori,Battles,Armed clash,1,3,47189.0,Political violence,326.0,11.4661,2.7958
2016-07-02,Western Africa,Benin,Alibori,Battles,Armed clash,1,7,1940.0,Political violence,326.0,11.4661,2.7958
2017-04-01,Western Africa,Benin,Alibori,Battles,Armed clash,1,1,48637.0,Political violence,326.0,11.4661,2.7958
2020-02-08,Western Africa,Benin,Alibori,Battles,Armed clash,1,4,7630.0,Political violence,326.0,11.4661,2.7958
2020-05-30,Western Africa,Benin,Alibori,Battles,Armed clash,2,8,2899.0,Political violence,326.0,11.4661,2.7958
2020-06-06,Western Africa,Benin,Alibori,Battles,Armed clash,1,2,7930.0,Political violence,326.0,11.4661,2.7958
2020-07-04,Western Africa,Benin,Alibori,Battles,Armed clash,1,0,2962.0,Political violence,326.0,11.4661,2.7958
2020-09-05,Western Africa,Benin,Alibori,Battles,Armed clash,1,1,9266.0,Political violence,326.0,11.4661,2.7958
2021-01-23,Western Africa,Benin,Alibori,Battles,Armed clash,1,0,2227.0,Political violence,326.0,11.4661,2.7958
2021-07-24,Western Africa,Benin,Alibori,Battles,Armed clash,1,5,11334.0,Political violence,326.0,11.4661,2.7958
2021-11-27,Western Africa,Benin,Alibori,Battles,Armed clash,1,1,7811.0,Political violence,326.0,11.4661,2.7958
2022-01-22,Western Africa,Benin,Alibori,Battles,Armed clash,1,1,18988.0,Political violence,326.0,11.4661,2.7958
2022-02-05,Western Africa,Benin,Alibori,Battles,Armed clash,1,8,100.0,Political violence,326.0,11.4661,2.7958
2022-04-16,Western Africa,Benin,Alibori,Battles,Armed clash,1,1,43708.0,Political violence,326.0,11.4661,2.7958
2022-04-23,Western Africa,Benin,Alibori,Battles,Armed clash,1,1,2273.0,Political violence,326.0,11.4661,2.7958
2022-06-25,Western Africa,Benin,Alibori,Battles,Armed clash,1,0,5674.0,Political violence,326.0,11.4661,2.7958
2022-07-02,Western Africa,Benin,Alibori,Battles,Armed clash,3,6,9983.0,Political violence,326.0,11.4661,2.7958
2022-07-16,Western Africa,Benin,Alibori,Battles,Armed clash,2,6,8337.0,Political violence,326.0,11.4661,2.7958
2022-07-23,Western Africa,Benin,Alibori,Battles,Armed clash,1,0,31.0,Political violence,326.0,11.4661,2.7958
2022-09-10,Western Africa,Benin,Alibori,Battles,Armed clash,1,2,3010.0,Political violence,326.0,11.4661,2.7958
2022-10-15,Western Africa,Benin,Alibori,Battles,Armed clash,2,0,4549.0,Political violence,326.0,11.4661,2.7958
2022-10-22,Western Africa,Benin,Alibori,Battles,Armed clash,4,0,89510.0,Political violence,326.0,11.4661,2.7958
2022-10-29,Western Africa,Benin,Alibori,Battles,Armed clash,1,0,18988.0,Political violence,326.0,11.4661,2.7958
2022-11-05,Western Africa,Benin,Alibori,Battles,Armed clash,2,0,9127.0,Political violence,326.0,11.4661,2.7958
2022-11-26,Western Africa,Benin,Alibori,Battles,Armed clash,2,4,2967.0,Political violence,326.0,11.4661,2.7958
2022-12-10,Western Africa,Benin,Alibori,Battles,Armed clash,1,1,5918.0,Political violence,326.0,11.4661,2.7958
2022-12-31,Western Africa,Benin,Alibori,Battles,Armed clash,1,0,39827.0,Political violence,326.0,11.4661,2.7958
2023-02-04,Western Africa,Benin,Alibori,Battles,Armed clash,1,0,2678.0,Political violence,326.0,11.4661,2.7958
2023-02-18,Western Africa,Benin,Alibori,Battles,Armed clash,2,1,47193.0,Political violence,326.0,11.4661,2.7958
2023-03-25,Western Africa,Benin,Alibori,Battles,Armed clash,2,8,6275.0,Political violence,326.0,11.4661,2.7958
2023-04-08,Western Africa,Benin,Alibori,Battles,Armed clash,2,3,3828.0,Political violence,326.0,11.4661,2.7958
2023-04-15,Western Africa,Benin,Alibori,Battles,Armed clash,1,0,2057.0,Political violence,326.0,11.4661,2.7958
2023-05-27,Western Africa,Benin,Alibori,Battles,Armed clash,1,0,7366.0,Political violence,326.0,11.4661,2.7958
2023-06-03,Western Africa,Benin,Alibori,Battles,Armed clash,1,2,56659.0,Political violence,326.0,11.4661,2.7958
2023-06-17,Western Africa,Benin,Alibori,Battles,Armed clash,1,0,2678.0,Political violence,326.0,11.4661,2.7958
2023-08-19,Western Africa,Benin,Alibori,Battles,Armed clash,2,6,8741.0,Political violence,326.0,11.4661,2.7958
2023-08-26,Western Africa,Benin,Alibori,Battles,Armed clash,2,3,5835.0,Political violence,326.0,11.4661,2.7958
2023-09-02,Western Africa,Benin,Alibori,Battles,Armed clash,1,1,6512.0,Political violence,326.0,11.4661,2.7958
2023-10-14,Western Africa,Benin,Alibori,Battles,Armed clash,3,2,8600.0,Political violence,326.0,11.4661,2.7958
2023-10-21,Western Africa,Benin,Alibori,Battles,Armed clash,2,2,7366.0,Political violence,326.0,11.4661,2.7958
2023-10-28,Western Africa,Benin,Alibori,Battles,Armed clash,3,1,67471.0,Political violence,326.0,11.4661,2.7958
2023-11-04,Western Africa,Benin,Alibori,Battles,Armed clash,1,1,2220.0,Political violence,326.0,11.4661,2.7958
2023-11-11,Western Africa,Benin,Alibori,Battles,Armed clash,1,3,268.0,Political violence,326.0,11.4661,2.7958
2023-11-18,Western Africa,Benin,Alibori,Battles,Armed clash,3,5,6248.0,Political violence,326.0,11.4661,2.7958
2023-12-30,Western Africa,Benin,Alibori,Battles,Armed clash,6,17,47784.0,Political violence,326.0,11.4661,2.7958
2024-01-13,Western Africa,Benin,Alibori,Battles,Armed clash,1,1,499.0,Political violence,326.0,11.4661,2.7958
2024-01-27,Western Africa,Benin,Alibori,Battles,Armed clash,2,13,637.0,Political violence,326.0,11.4661,2.7958
2024-02-17,Western Africa,Benin,Alibori,Battles,Armed clash,1,4,5141.0,Political violence,326.0,11.4661,2.7958
2024-03-16,Western Africa,Benin,Alibori,Battles,Armed clash,1,2,13275.0,Political violence,326.0,11.4661,2.7958
2024-03-23,Western Africa,Benin,Alibori,Battles,Armed clash,1,0,2785.0,Political violence,326.0,11.4661,2.7958
2024-04-13,Western Africa,Benin,Alibori,Battles,Armed clash,3,5,16597.0,Political violence,326.0,11.4661,2.7958
2024-04-20,Western Africa,Benin,Alibori,Battles,Armed clash,1,2,4165.0,Political violence,326.0,11.4661,2.7958
2024-05-11,Western Africa,Benin,Alibori,Battles,Armed clash,1,8,5927.0,Political violence,326.0,11.4661,2.7958
2024-05-18,Western Africa,Benin,Alibori,Battles,Armed clash,1,0,5290.0,Political violence,326.0,11.4661,2.7958
2024-07-20,Western Africa,Benin,Alibori,Battles,Armed clash,3,26,9919.0,Political violence,326.0,11.4661,2.7958
2024-08-10,Western Africa,Benin,Alibori,Battles,Armed clash,1,7,3122.0,Political violence,326.0,11.4661,2.7958
2024-09-14,Western Africa,Benin,Alibori,Battles,Armed clash,2,4,7636.0,Political violence,326.0,11.4661,2.7958
2024-09-21,Western Africa,Benin,Alibori,Battles,Armed clash,1,2,5927.0,Political violence,326.0,11.4661,2.7958
2024-10-05,Western Africa,Benin,Alibori,Battles,Armed clash,1,0,1512.0,Political violence,326.0,11.4661,2.7958
2024-10-12,Western Africa,Benin,Alibori,Battles,Armed clash,1,5,31.0,Political violence,326.0,11.4661,2.7958
2024-11-16,Western Africa,Benin,Alibori,Battles,Armed clash,1,0,3122.0,Political violence,326.0,11.4661,2.7958
2024-11-30,Western Africa,Benin,Alibori,Battles,Armed clash,1,3,5601.0,Political violence,326.0,11.4661,2.7958
2024-12-14,Western Africa,Benin,Alibori,Battles,Armed clash,2,7,4555.0,Political violence,326.0,11.4661,2.7958
2024-12-21,Western Africa,Benin,Alibori,Battles,Armed clash,2,3,45889.0,Political violence,326.0,11.4661,2.7958
2024-12-28,Western Africa,Benin,Alibori,Battles,Armed clash,1,0,6063.0,Political violence,326.0,11.4661,2.7958
2025-01-04,Western Africa,Benin,Alibori,Battles,Armed clash,1,70,266.0,Political violence,326.0,11.4661,2.7958
2025-01-11,Western Africa,Benin,Alibori,Battles,Armed clash,2,3,50032.0,Political violence,326.0,11.4661,2.7958
2025-02-08,Western Africa,Benin,Alibori,Battles,Armed clash,1,0,2360.0,Political violence,326.0,11.4661,2.7958
2025-02-15,Western Africa,Benin,Alibori,Battles,Armed clash,5,39,72791.0,Political violence,326.0,11.4661,2.7958
2025-02-22,Western Africa,Benin,Alibori,Battles,Armed clash,1,10,5657.0,Political violence,326.0,11.4661,2.7958
2025-03-08,Western Africa,Benin,Alibori,Battles,Armed clash,1,2,6363.0,Political violence,326.0,11.4661,2.7958
2025-03-29,Western Africa,Benin,Alibori,Battles,Armed clash,1,3,41184.0,Political violence,326.0,11.4661,2.7958
2025-04-05,Western Africa,Benin,Alibori,Battles,Armed clash,2,2,65114.0,Political violence,326.0,11.4661,2.7958
2025-04-12,Western Africa,Benin,Alibori,Battles,Armed clash,3,87,349.0,Political violence,326.0,11.4661,2.7958
2025-05-10,Western Africa,Benin,Alibori,Battles,Armed clash,1,3,6363.0,Political violence,326.0,11.4661,2.7958
2025-05-17,Western Africa,Benin,Alibori,Battles,Armed clash,2,3,6833.0,Political violence,326.0,11.4661,2.7958
2025-05-24,Western Africa,Benin,Alibori,Battles,Armed clash,1,10,6363.0,Political violence,326.0,11.4661,2.7958
2025-05-31,Western Africa,Benin,Alibori,Battles,Armed clash,2,10,5357.0,Political violence,326.0,11.4661,2.7958
2025-06-14,Western Africa,Benin,Alibori,Battles,Armed clash,2,3,13729.0,Political violence,326.0,11.4661,2.7958
2025-06-21,Western Africa,Benin,Alibori,Battles,Armed clash,2,6,10908.0,Political violence,326.0,11.4661,2.7958
2025-06-28,Western Africa,Benin,Alibori,Battles,Armed clash,1,3,266.0,Political violence,326.0,11.4661,2.7958
2025-08-16,Western Africa,Benin,Alibori,Battles,Armed clash,1,1,55556.0,Political violence,326.0,11.4661,2.7958
2025-10-04,Western Africa,Benin,Alibori,Battles,Armed clash,1,6,14964.0,Political violence,326.0,11.4661,2.7958
2026-02-21,Western Africa,Benin,Alibori,Battles,Armed clash,1,0,15281.0,Political violence,326.0,11.4661,2.7958
2026-02-28,Western Africa,Benin,Alibori,Battles,Armed clash,1,10,2564.0,Political violence,326.0,11.4661,2.7958
2026-03-14,Western Africa,Benin,Alibori,Battles,Armed clash,1,10,2956.0,Political violence,326.0,11.4661,2.7958
2022-02-05,Western Africa,Benin,Alibori,Explosions/Remote violence,Remote explosive/landmine/IED,1,1,100.0,Political violence,326.0,11.4661,2.7958
2022-07-23,Western Africa,Benin,Alibori,Explosions/Remote violence,Remote explosive/landmine/IED,1,0,5674.0,Political violence,326.0,11.4661,2.7958
2022-12-17,Western Africa,Benin,Alibori,Explosions/Remote violence,Remote explosive/landmine/IED,1,0,5918.0,Political violence,326.0,11.4661,2.7958
2022-12-31,Western Africa,Benin,Alibori,Explosions/Remote violence,Remote explosive/landmine/IED,1,2,2538.0,Political violence,326.0,11.4661,2.7958
2023-04-29,Western Africa,Benin,Alibori,Explosions/Remote violence,Remote explosive/landmine/IED,1,0,1310.0,Political violence,326.0,11.4661,2.7958
2023-07-22,Western Africa,Benin,Alibori,Explosions/Remote violence,Remote explosive/landmine/IED,1,1,630.0,Political violence,326.0,11.4661,2.7958
2023-07-29,Western Africa,Benin,Alibori,Explosions/Remote violence,Remote explosive/landmine/IED,1,0,1310.0,Political violence,326.0,11.4661,2.7958
2023-12-09,Western Africa,Benin,Alibori,Explosions/Remote violence,Remote explosive/landmine/IED,1,2,623.0,Political violence,326.0,11.4661,2.7958
2023-12-16,Western Africa,Benin,Alibori,Explosions/Remote violence,Remote explosive/landmine/IED,1,2,5813.0,Political violence,326.0,11.4661,2.7958
2023-12-23,Western Africa,Benin,Alibori,Explosions/Remote violence,Remote explosive/landmine/IED,1,0,2384.0,Political violence,326.0,11.4661,2.7958
2023-12-30,Western Africa,Benin,Alibori,Explosions/Remote violence,Remote explosive/landmine/IED,1,0,1606.0,Political violence,326.0,11.4661,2.7958
2024-01-20,Western Africa,Benin,Alibori,Explosions/Remote violence,Remote explosive/landmine/IED,1,0,1340.0,Political violence,326.0,11.4661,2.7958
2024-03-02,Western Africa,Benin,Alibori,Explosions/Remote violence,Remote explosive/landmine/IED,1,2,51.0,Political violence,326.0,11.4661,2.7958
2024-04-20,Western Africa,Benin,Alibori,Explosions/Remote violence,Remote explosive/landmine/IED,1,0,86797.0,Political violence,326.0,11.4661,2.7958
2024-10-26,Western Africa,Benin,Alibori,Explosions/Remote violence,Remote explosive/landmine/IED,1,0,1056.0,Political violence,326.0,11.4661,2.7958
2024-11-02,Western Africa,Benin,Alibori,Explosions/Remote violence,Remote explosive/landmine/IED,1,1,3498.0,Political violence,326.0,11.4661,2.7958
2025-02-22,Western Africa,Benin,Alibori,Explosions/Remote violence,Remote explosive/landmine/IED,1,1,5657.0,Political violence,326.0,11.4661,2.7958
2025-03-29,Western Africa,Benin,Alibori,Explosions/Remote violence,Remote explosive/landmine/IED,1,1,3049.0,Political violence,326.0,11.4661,2.7958
2025-04-12,Western Africa,Benin,Alibori,Explosions/Remote violence,Remote explosive/landmine/IED,1,1,12994.0,Political violence,326.0,11.4661,2.7958
2012-05-12,Western Africa,Benin,Alibori,Protests,Peaceful protest,1,0,,Demonstrations,326.0,11.4661,2.7958
2020-03-28,Western Africa,Benin,Alibori,Protests,Peaceful protest,1,0,975.0,Demonstrations,326.0,11.4661,2.7958
2020-06-13,Western Africa,Benin,Alibori,Protests,Peaceful protest,1,0,23426.0,Demonstrations,326.0,11.4661,2.7958
2020-10-31,Western Africa,Benin,Alibori,Protests,Peaceful protest,1,0,23426.0,Demonstrations,326.0,11.4661,2.7958
2021-04-03,Western Africa,Benin,Alibori,Protests,Peaceful protest,1,0,23980.0,Demonstrations,326.0,11.4661,2.7958
2021-10-16,Western Africa,Benin,Alibori,Protests,Peaceful protest,1,0,1001.0,Demonstrations,326.0,11.4661,2.7958
2023-09-30,Western Africa,Benin,Alibori,Protests,Peaceful protest,1,0,17728.0,Demonstrations,326.0,11.4661,2.7958
2023-10-14,Western Africa,Benin,Alibori,Protests,Peaceful protest,1,0,9505.0,Demonstrations,326.0,11.4661,2.7958
2024-04-20,Western Africa,Benin,Alibori,Protests,Peaceful protest,1,0,1700.0,Demonstrations,326.0,11.4661,2.7958
2025-12-06,Western Africa,Benin,Alibori,Protests,Peaceful protest,1,0,17542.0,Demonstrations,326.0,11.4661,2.7958
2017-09-30,Western Africa,Benin,Alibori,Riots,Mob violence,1,0,4436.0,Political violence,326.0,11.4661,2.7958
2017-11-11,Western Africa,Benin,Alibori,Riots,Mob violence,1,0,1618.0,Political violence,326.0,11.4661,2.7958
2019-10-26,Western Africa,Benin,Alibori,Riots,Mob violence,1,0,11184.0,Political violence,326.0,11.4661,2.7958
2020-03-21,Western Africa,Benin,Alibori,Riots,Mob violence,1,0,55232.0,Political violence,326.0,11.4661,2.7958
2020-05-23,Western Africa,Benin,Alibori,Riots,Mob violence,1,0,4659.0,Political violence,326.0,11.4661,2.7958
2020-07-25,Western Africa,Benin,Alibori,Riots,Mob violence,1,0,1962.0,Political violence,326.0,11.4661,2.7958
2020-08-01,Western Africa,Benin,Alibori,Riots,Mob violence,1,0,11539.0,Political violence,326.0,11.4661,2.7958
2020-09-05,Western Africa,Benin,Alibori,Riots,Mob violence,1,0,36219.0,Political violence,326.0,11.4661,2.7958
2021-02-13,Western Africa,Benin,Alibori,Riots,Mob violence,1,0,3810.0,Political violence,326.0,11.4661,2.7958
2021-08-07,Western Africa,Benin,Alibori,Riots,Mob violence,1,0,5568.0,Political violence,326.0,11.4661,2.7958
2021-09-04,Western Africa,Benin,Alibori,Riots,Mob violence,1,0,37129.0,Political violence,326.0,11.4661,2.7958
2022-02-19,Western Africa,Benin,Alibori,Riots,Mob violence,1,2,3854.0,Political violence,326.0,11.4661,2.7958
2022-03-12,Western Africa,Benin,Alibori,Riots,Mob violence,1,0,3523.0,Political violence,326.0,11.4661,2.7958
2022-09-10,Western Africa,Benin,Alibori,Riots,Mob violence,1,2,38027.0,Political violence,326.0,11.4661,2.7958
2022-09-24,Western Africa,Benin,Alibori,Riots,Mob violence,1,0,5746.0,Political violence,326.0,11.4661,2.7958
2022-11-05,Western Africa,Benin,Alibori,Riots,Mob violence,2,1,12826.0,Political violence,326.0,11.4661,2.7958
2022-12-17,Western Africa,Benin,Alibori,Riots,Mob violence,1,0,321.0,Political violence,326.0,11.4661,2.7958
2022-12-31,Western Africa,Benin,Alibori,Riots,Mob violence,1,1,1082.0,Political violence,326.0,11.4661,2.7958
2023-05-06,Western Africa,Benin,Alibori,Riots,Mob violence,1,0,2524.0,Political violence,326.0,11.4661,2.7958
2023-09-02,Western Africa,Benin,Alibori,Riots,Mob violence,1,0,600.0,Political violence,326.0,11.4661,2.7958
2023-10-14,Western Africa,Benin,Alibori,Riots,Mob violence,1,0,13399.0,Political violence,326.0,11.4661,2.7958
2023-12-02,Western Africa,Benin,Alibori,Riots,Mob violence,3,3,6996.0,Political violence,326.0,11.4661,2.7958
2024-03-23,Western Africa,Benin,Alibori,Riots,Mob violence,2,2,5355.0,Political violence,326.0,11.4661,2.7958
2024-06-15,Western Africa,Benin,Alibori,Riots,Mob violence,1,0,2159.0,Political violence,326.0,11.4661,2.7958
2024-06-29,Western Africa,Benin,Alibori,Riots,Mob violence,1,1,39657.0,Political violence,326.0,11.4661,2.7958
2024-07-06,Western Africa,Benin,Alibori,Riots,Mob violence,1,0,877.0,Political violence,326.0,11.4661,2.7958
2024-07-13,Western Africa,Benin,Alibori,Riots,Mob violence,2,1,13046.0,Political violence,326.0,11.4661,2.7958
2024-07-20,Western Africa,Benin,Alibori,Riots,Mob violence,1,0,39657.0,Political violence,326.0,11.4661,2.7958
2024-12-14,Western Africa,Benin,Alibori,Riots,Mob violence,1,4,4579.0,Political violence,326.0,11.4661,2.7958
2025-03-08,Western Africa,Benin,Alibori,Riots,Mob violence,1,0,1754.0,Political violence,326.0,11.4661,2.7958
2017-04-01,Western Africa,Benin,Alibori,Riots,Violent demonstration,1,1,9965.0,Demonstrations,326.0,11.4661,2.7958
2018-11-24,Western Africa,Benin,Alibori,Riots,Violent demonstration,1,0,4628.0,Demonstrations,326.0,11.4661,2.7958
2019-01-05,Western Africa,Benin,Alibori,Riots,Violent demonstration,1,0,53728.0,Demonstrations,326.0,11.4661,2.7958
2019-04-27,Western Africa,Benin,Alibori,Riots,Violent demonstration,1,0,53728.0,Demonstrations,326.0,11.4661,2.7958
2019-11-30,Western Africa,Benin,Alibori,Riots,Violent demonstration,1,0,11832.0,Demonstrations,326.0,11.4661,2.7958
2020-02-01,Western Africa,Benin,Alibori,Riots,Violent demonstration,1,0,36219.0,Demonstrations,326.0,11.4661,2.7958
2021-03-27,Western Africa,Benin,Alibori,Riots,Violent demonstration,1,0,56724.0,Demonstrations,326.0,11.4661,2.7958
2021-04-03,Western Africa,Benin,Alibori,Riots,Violent demonstration,1,0,37129.0,Demonstrations,326.0,11.4661,2.7958
2024-11-16,Western Africa,Benin,Alibori,Riots,Violent demonstration,1,1,4126.0,Demonstrations,326.0,11.4661,2.7958
2022-10-08,Western Africa,Benin,Alibori,Strategic developments,Arrests,1,0,,Strategic developments,326.0,11.4661,2.7958
2022-10-15,Western Africa,Benin,Alibori,Strategic developments,Arrests,2,0,,Strategic developments,326.0,11.4661,2.7958
2022-10-29,Western Africa,Benin,Alibori,Strategic developments,Arrests,1,0,,Strategic developments,326.0,11.4661,2.7958
2022-06-25,Western Africa,Benin,Alibori,Strategic developments,Change to group/activity,3,0,,Strategic developments,326.0,11.4661,2.7958
2022-07-02,Western Africa,Benin,Alibori,Strategic developments,Change to group/activity,1,0,,Strategic developments,326.0,11.4661,2.7958
2022-07-09,Western Africa,Benin,Alibori,Strategic developments,Change to group/activity,1,0,,Strategic developments,326.0,11.4661,2.7958
2022-07-23,Western Africa,Benin,Alibori,Strategic developments,Change to group/activity,1,0,,Strategic developments,326.0,11.4661,2.7958
2022-10-15,Western Africa,Benin,Alibori,Strategic developments,Change to group/activity,2,0,,Strategic developments,326.0,11.4661,2.7958
2022-10-29,Western Africa,Benin,Alibori,Strategic developments,Change to group/activity,1,0,,Strategic developments,326.0,11.4661,2.7958
2022-11-05,Western Africa,Benin,Alibori,Strategic developments,Change to group/activity,1,0,,Strategic developments,326.0,11.4661,2.7958
2022-11-12,Western Africa,Benin,Alibori,Strategic developments,Change to group/activity,3,0,,Strategic developments,326.0,11.4661,2.7958
2022-12-10,Western Africa,Benin,Alibori,Strategic developments,Change to group/activity,1,0,,Strategic developments,326.0,11.4661,2.7958
2022-12-17,Western Africa,Benin,Alibori,Strategic developments,Change to group/activity,2,0,,Strategic developments,326.0,11.4661,2.7958
2022-12-24,Western Africa,Benin,Alibori,Strategic developments,Change to group/activity,1,0,,Strategic developments,326.0,11.4661,2.7958
2022-12-31,Western Africa,Benin,Alibori,Strategic developments,Change to group/activity,1,0,,Strategic developments,326.0,11.4661,2.7958
2023-02-11,Western Africa,Benin,Alibori,Strategic developments,Change to group/activity,1,0,,Strategic developments,326.0,11.4661,2.7958
2023-03-04,Western Africa,Benin,Alibori,Strategic developments,Change to group/activity,4,0,,Strategic developments,326.0,11.4661,2.7958
2023-07-01,Western Africa,Benin,Alibori,Strategic developments,Change to group/activity,1,0,,Strategic developments,326.0,11.4661,2.7958
2023-11-04,Western Africa,Benin,Alibori,Strategic developments,Change to group/activity,1,0,,Strategic developments,326.0,11.4661,2.7958
2023-12-23,Western Africa,Benin,Alibori,Strategic developments,Change to group/activity,1,0,,Strategic developments,326.0,11.4661,2.7958
2024-01-06,Western Africa,Benin,Alibori,Strategic developments,Change to group/activity,1,0,,Strategic developments,326.0,11.4661,2.7958
2024-01-13,Western Africa,Benin,Alibori,Strategic developments,Change to group/activity,1,0,,Strategic developments,326.0,11.4661,2.7958
2024-03-02,Western Africa,Benin,Alibori,Strategic developments,Change to group/activity,3,0,,Strategic developments,326.0,11.4661,2.7958
2024-03-09,Western Africa,Benin,Alibori,Strategic developments,Change to group/activity,4,0,,Strategic developments,326.0,11.4661,2.7958
2024-03-30,Western Africa,Benin,Alibori,Strategic developments,Change to group/activity,1,0,,Strategic developments,326.0,11.4661,2.7958
2024-06-22,Western Africa,Benin,Alibori,Strategic developments,Change to group/activity,1,0,,Strategic developments,326.0,11.4661,2.7958
2024-07-20,Western Africa,Benin,Alibori,Strategic developments,Change to group/activity,1,0,,Strategic developments,326.0,11.4661,2.7958
2024-10-19,Western Africa,Benin,Alibori,Strategic developments,Change to group/activity,1,0,,Strategic developments,326.0,11.4661,2.7958
2024-10-26,Western Africa,Benin,Alibori,Strategic developments,Change to group/activity,3,0,,Strategic developments,326.0,11.4661,2.7958
2024-11-02,Western Africa,Benin,Alibori,Strategic developments,Change to group/activity,1,0,,Strategic developments,326.0,11.4661,2.7958
2024-11-09,Western Africa,Benin,Alibori,Strategic developments,Change to group/activity,2,0,,Strategic developments,326.0,11.4661,2.7958
2025-03-01,Western Africa,Benin,Alibori,Strategic developments,Change to group/activity,1,0,,Strategic developments,326.0,11.4661,2.7958
2025-03-22,Western Africa,Benin,Alibori,Strategic developments,Change to group/activity,3,0,,Strategic developments,326.0,11.4661,2.7958
2025-04-12,Western Africa,Benin,Alibori,Strategic developments,Change to group/activity,1,0,,Strategic developments,326.0,11.4661,2.7958
2025-04-19,Western Africa,Benin,Alibori,Strategic developments,Change to group/activity,1,0,,Strategic developments,326.0,11.4661,2.7958
2025-05-10,Western Africa,Benin,Alibori,Strategic developments,Change to group/activity,3,0,,Strategic developments,326.0,11.4661,2.7958
2025-05-31,Western Africa,Benin,Alibori,Strategic developments,Change to group/activity,1,0,,Strategic developments,326.0,11.4661,2.7958
2025-06-07,Western Africa,Benin,Alibori,Strategic developments,Change to group/activity,1,0,,Strategic developments,326.0,11.4661,2.7958
2025-10-25,Western Africa,Benin,Alibori,Strategic developments,Change to group/activity,1,0,,Strategic developments,326.0,11.4661,2.7958
2026-03-07,Western Africa,Benin,Alibori,Strategic developments,Change to group/activity,1,0,,Strategic developments,326.0,11.4661,2.7958
2022-08-06,Western Africa,Benin,Alibori,Strategic developments,Disrupted weapons use,1,0,,Strategic developments,326.0,11.4661,2.7958
2023-12-30,Western Africa,Benin,Alibori,Strategic developments,Disrupted weapons use,3,0,,Strategic developments,326.0,11.4661,2.7958
2025-03-29,Western Africa,Benin,Alibori,Strategic developments,Headquarters or base established,1,0,,Strategic developments,326.0,11.4661,2.7958
2020-03-21,Western Africa,Benin,Alibori,Strategic developments,Looting/property destruction,1,0,,Strategic developments,326.0,11.4661,2.7958
2020-11-07,Western Africa,Benin,Alibori,Strategic developments,Looting/property destruction,1,0,,Strategic developments,326.0,11.4661,2.7958
2021-06-05,Western Africa,Benin,Alibori,Strategic developments,Looting/property destruction,1,0,,Strategic developments,326.0,11.4661,2.7958
2022-07-23,Western Africa,Benin,Alibori,Strategic developments,Looting/property destruction,2,0,,Strategic developments,326.0,11.4661,2.7958
2022-08-20,Western Africa,Benin,Alibori,Strategic developments,Looting/property destruction,1,0,,Strategic developments,326.0,11.4661,2.7958
2022-09-03,Western Africa,Benin,Alibori,Strategic developments,Looting/property destruction,1,0,,Strategic developments,326.0,11.4661,2.7958
2022-09-17,Western Africa,Benin,Alibori,Strategic developments,Looting/property destruction,1,0,,Strategic developments,326.0,11.4661,2.7958
2022-10-15,Western Africa,Benin,Alibori,Strategic developments,Looting/property destruction,2,0,,Strategic developments,326.0,11.4661,2.7958
2023-02-25,Western Africa,Benin,Alibori,Strategic developments,Looting/property destruction,2,0,,Strategic developments,326.0,11.4661,2.7958
2024-03-02,Western Africa,Benin,Alibori,Strategic developments,Looting/property destruction,2,0,,Strategic developments,326.0,11.4661,2.7958
2024-05-25,Western Africa,Benin,Alibori,Strategic developments,Looting/property destruction,2,0,,Strategic developments,326.0,11.4661,2.7958
2024-08-03,Western Africa,Benin,Alibori,Strategic developments,Looting/property destruction,1,0,,Strategic developments,326.0,11.4661,2.7958
2024-10-19,Western Africa,Benin,Alibori,Strategic developments,Looting/property destruction,1,0,,Strategic developments,326.0,11.4661,2.7958
2024-11-02,Western Africa,Benin,Alibori,Strategic developments,Looting/property destruction,1,0,,Strategic developments,326.0,11.4661,2.7958
2024-11-09,Western Africa,Benin,Alibori,Strategic developments,Looting/property destruction,1,0,,Strategic developments,326.0,11.4661,2.7958
2024-11-23,Western Africa,Benin,Alibori,Strategic developments,Looting/property destruction,1,0,,Strategic developments,326.0,11.4661,2.7958
2024-12-07,Western Africa,Benin,Alibori,Strategic developments,Looting/property destruction,1,0,,Strategic developments,326.0,11.4661,2.7958
2024-12-28,Western Africa,Benin,Alibori,Strategic developments,Looting/property destruction,1,0,,Strategic developments,326.0,11.4661,2.7958
2025-02-08,Western Africa,Benin,Alibori,Strategic developments,Looting/property destruction,1,0,,Strategic developments,326.0,11.4661,2.7958
2025-04-19,Western Africa,Benin,Alibori,Strategic developments,Looting/property destruction,2,0,,Strategic developments,326.0,11.4661,2.7958
2025-05-10,Western Africa,Benin,Alibori,Strategic developments,Looting/property destruction,1,0,,Strategic developments,326.0,11.4661,2.7958
2022-10-15,Western Africa,Benin,Alibori,Strategic developments,Non-violent transfer of territory,1,0,,Strategic developments,326.0,11.4661,2.7958
2022-11-19,Western Africa,Benin,Alibori,Strategic developments,Non-violent transfer of territory,1,0,,Strategic developments,326.0,11.4661,2.7958
2022-08-20,Western Africa,Benin,Alibori,Strategic developments,Other,1,0,,Strategic developments,326.0,11.4661,2.7958
2022-10-15,Western Africa,Benin,Alibori,Strategic developments,Other,4,0,,Strategic developments,326.0,11.4661,2.7958
2022-10-22,Western Africa,Benin,Alibori,Strategic developments,Other,1,0,,Strategic developments,326.0,11.4661,2.7958
2022-11-05,Western Africa,Benin,Alibori,Strategic developments,Other,2,0,,Strategic developments,326.0,11.4661,2.7958
2022-11-19,Western Africa,Benin,Alibori,Strategic developments,Other,1,0,,Strategic developments,326.0,11.4661,2.7958
2022-12-24,Western Africa,Benin,Alibori,Strategic developments,Other,1,0,,Strategic developments,326.0,11.4661,2.7958
2023-03-25,Western Africa,Benin,Alibori,Strategic developments,Other,1,0,,Strategic developments,326.0,11.4661,2.7958
2023-04-01,Western Africa,Benin,Alibori,Strategic developments,Other,1,0,,Strategic developments,326.0,11.4661,2.7958
2023-04-15,Western Africa,Benin,Alibori,Strategic developments,Other,1,0,,Strategic developments,326.0,11.4661,2.7958
2023-04-29,Western Africa,Benin,Alibori,Strategic developments,Other,1,0,,Strategic developments,326.0,11.4661,2.7958
2023-05-27,Western Africa,Benin,Alibori,Strategic developments,Other,1,0,,Strategic developments,326.0,11.4661,2.7958
2023-09-30,Western Africa,Benin,Alibori,Strategic developments,Other,1,0,,Strategic developments,326.0,11.4661,2.7958
2023-12-30,Western Africa,Benin,Alibori,Strategic developments,Other,1,0,,Strategic developments,326.0,11.4661,2.7958
2024-01-13,Western Africa,Benin,Alibori,Strategic developments,Other,1,0,,Strategic developments,326.0,11.4661,2.7958
2024-01-20,Western Africa,Benin,Alibori,Strategic developments,Other,2,0,,Strategic developments,326.0,11.4661,2.7958
2024-01-27,Western Africa,Benin,Alibori,Strategic developments,Other,3,0,,Strategic developments,326.0,11.4661,2.7958
2024-02-03,Western Africa,Benin,Alibori,Strategic developments,Other,1,0,,Strategic developments,326.0,11.4661,2.7958
2024-02-10,Western Africa,Benin,Alibori,Strategic developments,Other,4,0,,Strategic developments,326.0,11.4661,2.7958
2024-03-02,Western Africa,Benin,Alibori,Strategic developments,Other,1,0,,Strategic developments,326.0,11.4661,2.7958
2024-04-13,Western Africa,Benin,Alibori,Strategic developments,Other,1,0,,Strategic developments,326.0,11.4661,2.7958
2024-05-11,Western Africa,Benin,Alibori,Strategic developments,Other,1,0,,Strategic developments,326.0,11.4661,2.7958
2024-06-15,Western Africa,Benin,Alibori,Strategic developments,Other,1,0,,Strategic developments,326.0,11.4661,2.7958
2024-07-20,Western Africa,Benin,Alibori,Strategic developments,Other,1,0,,Strategic developments,326.0,11.4661,2.7958
2024-07-27,Western Africa,Benin,Alibori,Strategic developments,Other,1,0,,Strategic developments,326.0,11.4661,2.7958
2024-08-17,Western Africa,Benin,Alibori,Strategic developments,Other,1,0,,Strategic developments,326.0,11.4661,2.7958
2024-11-02,Western Africa,Benin,Alibori,Strategic developments,Other,1,0,,Strategic developments,326.0,11.4661,2.7958
2024-11-09,Western Africa,Benin,Alibori,Strategic developments,Other,2,0,,Strategic developments,326.0,11.4661,2.7958
2025-03-22,Western Africa,Benin,Alibori,Strategic developments,Other,1,0,,Strategic developments,326.0,11.4661,2.7958
2025-03-29,Western Africa,Benin,Alibori,Strategic developments,Other,1,0,,Strategic developments,326.0,11.4661,2.7958
2025-04-19,Western Africa,Benin,Alibori,Strategic developments,Other,2,0,,Strategic developments,326.0,11.4661,2.7958
2025-04-26,Western Africa,Benin,Alibori,Strategic developments,Other,1,0,,Strategic developments,326.0,11.4661,2.7958
2025-05-10,Western Africa,Benin,Alibori,Strategic developments,Other,4,0,,Strategic developments,326.0,11.4661,2.7958
2025-05-31,Western Africa,Benin,Alibori,Strategic developments,Other,1,0,,Strategic developments,326.0,11.4661,2.7958
2025-11-08,Western Africa,Benin,Alibori,Strategic developments,Other,1,0,,Strategic developments,326.0,11.4661,2.7958
2026-02-07,Western Africa,Benin,Alibori,Strategic developments,Other,1,0,,Strategic developments,326.0,11.4661,2.7958
2026-02-28,Western Africa,Benin,Alibori,Strategic developments,Other,1,0,,Strategic developments,326.0,11.4661,2.7958
2026-03-14,Western Africa,Benin,Alibori,Strategic developments,Other,1,0,,Strategic developments,326.0,11.4661,2.7958
2022-03-12,Western Africa,Benin,Alibori,Violence against civilians,Abduction/forced disappearance,1,0,2394.0,Political violence,326.0,11.4661,2.7958
2022-04-02,Western Africa,Benin,Alibori,Violence against civilians,Abduction/forced disappearance,1,0,389.0,Political violence,326.0,11.4661,2.7958
2022-05-28,Western Africa,Benin,Alibori,Violence against civilians,Abduction/forced disappearance,1,0,13014.0,Political violence,326.0,11.4661,2.7958
2022-07-23,Western Africa,Benin,Alibori,Violence against civilians,Abduction/forced disappearance,1,0,58251.0,Political violence,326.0,11.4661,2.7958
2022-09-03,Western Africa,Benin,Alibori,Violence against civilians,Abduction/forced disappearance,4,0,3786.0,Political violence,326.0,11.4661,2.7958
2022-09-10,Western Africa,Benin,Alibori,Violence against civilians,Abduction/forced disappearance,1,0,389.0,Political violence,326.0,11.4661,2.7958
2022-09-17,Western Africa,Benin,Alibori,Violence against civilians,Abduction/forced disappearance,1,0,793.0,Political violence,326.0,11.4661,2.7958
2022-10-08,Western Africa,Benin,Alibori,Violence against civilians,Abduction/forced disappearance,1,0,2339.0,Political violence,326.0,11.4661,2.7958
2023-03-04,Western Africa,Benin,Alibori,Violence against civilians,Abduction/forced disappearance,1,0,,Political violence,326.0,11.4661,2.7958
2023-03-11,Western Africa,Benin,Alibori,Violence against civilians,Abduction/forced disappearance,1,0,323.0,Political violence,326.0,11.4661,2.7958
2023-04-08,Western Africa,Benin,Alibori,Violence against civilians,Abduction/forced disappearance,1,0,38914.0,Political violence,326.0,11.4661,2.7958
2023-04-29,Western Africa,Benin,Alibori,Violence against civilians,Abduction/forced disappearance,1,0,13399.0,Political violence,326.0,11.4661,2.7958
2023-05-20,Western Africa,Benin,Alibori,Violence against civilians,Abduction/forced disappearance,1,0,2196.0,Political violence,326.0,11.4661,2.7958
2023-05-27,Western Africa,Benin,Alibori,Violence against civilians,Abduction/forced disappearance,1,0,2524.0,Political violence,326.0,11.4661,2.7958
2023-06-03,Western Africa,Benin,Alibori,Violence against civilians,Abduction/forced disappearance,1,0,965.0,Political violence,326.0,11.4661,2.7958
2023-07-01,Western Africa,Benin,Alibori,Violence against civilians,Abduction/forced disappearance,1,0,1882.0,Political violence,326.0,11.4661,2.7958
2023-07-15,Western Africa,Benin,Alibori,Violence against civilians,Abduction/forced disappearance,1,0,13399.0,Political violence,326.0,11.4661,2.7958
2023-07-29,Western Africa,Benin,Alibori,Violence against civilians,Abduction/forced disappearance,1,0,323.0,Political violence,326.0,11.4661,2.7958
2023-08-05,Western Africa,Benin,Alibori,Violence against civilians,Abduction/forced disappearance,1,0,1534.0,Political violence,326.0,11.4661,2.7958
2023-08-12,Western Africa,Benin,Alibori,Violence against civilians,Abduction/forced disappearance,1,0,767.0,Political violence,326.0,11.4661,2.7958
2023-08-19,Western Africa,Benin,Alibori,Violence against civilians,Abduction/forced disappearance,2,0,39514.0,Political violence,326.0,11.4661,2.7958
2023-08-26,Western Africa,Benin,Alibori,Violence against civilians,Abduction/forced disappearance,1,0,13399.0,Political violence,326.0,11.4661,2.7958
2023-09-02,Western Africa,Benin,Alibori,Violence against civilians,Abduction/forced disappearance,1,0,395.0,Political violence,326.0,11.4661,2.7958
2023-09-09,Western Africa,Benin,Alibori,Violence against civilians,Abduction/forced disappearance,1,0,1882.0,Political violence,326.0,11.4661,2.7958
2023-09-16,Western Africa,Benin,Alibori,Violence against civilians,Abduction/forced disappearance,1,0,13399.0,Political violence,326.0,11.4661,2.7958
2023-09-23,Western Africa,Benin,Alibori,Violence against civilians,Abduction/forced disappearance,1,0,1726.0,Political violence,326.0,11.4661,2.7958
2023-09-30,Western Africa,Benin,Alibori,Violence against civilians,Abduction/forced disappearance,1,0,4472.0,Political violence,326.0,11.4661,2.7958
2023-10-07,Western Africa,Benin,Alibori,Violence against civilians,Abduction/forced disappearance,1,0,395.0,Political violence,326.0,11.4661,2.7958
2023-10-14,Western Africa,Benin,Alibori,Violence against civilians,Abduction/forced disappearance,1,0,13399.0,Political violence,326.0,11.4661,2.7958
2023-10-21,Western Africa,Benin,Alibori,Violence against civilians,Abduction/forced disappearance,2,0,5087.0,Political violence,326.0,11.4661,2.7958
2023-10-28,Western Africa,Benin,Alibori,Violence against civilians,Abduction/forced disappearance,2,0,14166.0,Political violence,326.0,11.4661,2.7958
2023-11-04,Western Africa,Benin,Alibori,Violence against civilians,Abduction/forced disappearance,3,0,13617.0,Political violence,326.0,11.4661,2.7958
2023-12-02,Western Africa,Benin,Alibori,Violence against civilians,Abduction/forced disappearance,1,0,1534.0,Political violence,326.0,11.4661,2.7958
2023-12-09,Western Africa,Benin,Alibori,Violence against civilians,Abduction/forced disappearance,1,0,1596.0,Political violence,326.0,11.4661,2.7958
2023-12-16,Western Africa,Benin,Alibori,Violence against civilians,Abduction/forced disappearance,1,0,1882.0,Political violence,326.0,11.4661,2.7958
2023-12-30,Western Africa,Benin,Alibori,Violence against civilians,Abduction/forced disappearance,4,0,18623.0,Political violence,326.0,11.4661,2.7958
2024-01-06,Western Africa,Benin,Alibori,Violence against civilians,Abduction/forced disappearance,1,0,39805.0,Political violence,326.0,11.4661,2.7958
2024-01-13,Western Africa,Benin,Alibori,Violence against civilians,Abduction/forced disappearance,2,0,15683.0,Political violence,326.0,11.4661,2.7958
2024-01-20,Western Africa,Benin,Alibori,Violence against civilians,Abduction/forced disappearance,1,0,4579.0,Political violence,326.0,11.4661,2.7958
2024-01-27,Western Africa,Benin,Alibori,Violence against civilians,Abduction/forced disappearance,1,0,2318.0,Political violence,326.0,11.4661,2.7958
2024-02-03,Western Africa,Benin,Alibori,Violence against civilians,Abduction/forced disappearance,2,0,5191.0,Political violence,326.0,11.4661,2.7958
2024-02-10,Western Africa,Benin,Alibori,Violence against civilians,Abduction/forced disappearance,1,0,2318.0,Political violence,326.0,11.4661,2.7958
2024-02-17,Western Africa,Benin,Alibori,Violence against civilians,Abduction/forced disappearance,1,0,1630.0,Political violence,326.0,11.4661,2.7958
2024-02-24,Western Africa,Benin,Alibori,Violence against civilians,Abduction/forced disappearance,1,0,13787.0,Political violence,326.0,11.4661,2.7958
2024-03-02,Western Africa,Benin,Alibori,Violence against civilians,Abduction/forced disappearance,2,0,2873.0,Political violence,326.0,11.4661,2.7958
2024-03-09,Western Africa,Benin,Alibori,Violence against civilians,Abduction/forced disappearance,1,0,1896.0,Political violence,326.0,11.4661,2.7958
2024-03-16,Western Africa,Benin,Alibori,Violence against civilians,Abduction/forced disappearance,1,0,326.0,Political violence,326.0,11.4661,2.7958
2024-03-23,Western Africa,Benin,Alibori,Violence against civilians,Abduction/forced disappearance,1,0,1896.0,Political violence,326.0,11.4661,2.7958
2024-03-30,Western Africa,Benin,Alibori,Violence against civilians,Abduction/forced disappearance,2,0,2008.0,Political violence,326.0,11.4661,2.7958
2024-04-06,Western Africa,Benin,Alibori,Violence against civilians,Abduction/forced disappearance,2,0,1950.0,Political violence,326.0,11.4661,2.7958
2024-04-13,Western Africa,Benin,Alibori,Violence against civilians,Abduction/forced disappearance,1,0,1106.0,Political violence,326.0,11.4661,2.7958
2024-04-20,Western Africa,Benin,Alibori,Violence against civilians,Abduction/forced disappearance,2,0,5343.0,Political violence,326.0,11.4661,2.7958
2024-04-27,Western Africa,Benin,Alibori,Violence against civilians,Abduction/forced disappearance,2,0,2450.0,Political violence,326.0,11.4661,2.7958
2024-05-04,Western Africa,Benin,Alibori,Violence against civilians,Abduction/forced disappearance,2,0,13072.0,Political violence,326.0,11.4661,2.7958
2024-05-11,Western Africa,Benin,Alibori,Violence against civilians,Abduction/forced disappearance,1,0,402.0,Political violence,326.0,11.4661,2.7958
2024-05-18,Western Africa,Benin,Alibori,Violence against civilians,Abduction/forced disappearance,2,0,4508.0,Political violence,326.0,11.4661,2.7958
2024-05-25,Western Africa,Benin,Alibori,Violence against civilians,Abduction/forced disappearance,1,0,1630.0,Political violence,326.0,11.4661,2.7958
2024-06-01,Western Africa,Benin,Alibori,Violence against civilians,Abduction/forced disappearance,1,0,1162.0,Political violence,326.0,11.4661,2.7958
2024-06-29,Western Africa,Benin,Alibori,Violence against civilians,Abduction/forced disappearance,1,0,698.0,Political violence,326.0,11.4661,2.7958
2024-07-13,Western Africa,Benin,Alibori,Violence against civilians,Abduction/forced disappearance,1,0,2179.0,Political violence,326.0,11.4661,2.7958
2024-08-10,Western Africa,Benin,Alibori,Violence against civilians,Abduction/forced disappearance,3,0,40446.0,Political violence,326.0,11.4661,2.7958
2024-08-17,Western Africa,Benin,Alibori,Violence against civilians,Abduction/forced disappearance,2,0,4433.0,Political violence,326.0,11.4661,2.7958
2024-09-28,Western Africa,Benin,Alibori,Violence against civilians,Abduction/forced disappearance,1,0,1841.0,Political violence,326.0,11.4661,2.7958
2024-10-19,Western Africa,Benin,Alibori,Violence against civilians,Abduction/forced disappearance,1,0,943.0,Political violence,326.0,11.4661,2.7958
2024-11-16,Western Africa,Benin,Alibori,Violence against civilians,Abduction/forced disappearance,1,0,789.0,Political violence,326.0,11.4661,2.7958
2024-12-07,Western Africa,Benin,Alibori,Violence against civilians,Abduction/forced disappearance,2,0,1884.0,Political violence,326.0,11.4661,2.7958
2025-01-04,Western Africa,Benin,Alibori,Violence against civilians,Abduction/forced disappearance,1,0,1308.0,Political violence,326.0,11.4661,2.7958
2025-01-11,Western Africa,Benin,Alibori,Violence against civilians,Abduction/forced disappearance,1,0,705.0,Political violence,326.0,11.4661,2.7958
2025-01-18,Western Africa,Benin,Alibori,Violence against civilians,Abduction/forced disappearance,1,0,810.0,Political violence,326.0,11.4661,2.7958
2025-01-25,Western Africa,Benin,Alibori,Violence against civilians,Abduction/forced disappearance,3,0,17983.0,Political violence,326.0,11.4661,2.7958
2025-02-08,Western Africa,Benin,Alibori,Violence against civilians,Abduction/forced disappearance,1,0,810.0,Political violence,326.0,11.4661,2.7958
2025-02-15,Western Africa,Benin,Alibori,Violence against civilians,Abduction/forced disappearance,1,0,965.0,Political violence,326.0,11.4661,2.7958
2025-03-15,Western Africa,Benin,Alibori,Violence against civilians,Abduction/forced disappearance,1,0,2209.0,Political violence,326.0,11.4661,2.7958
2025-03-22,Western Africa,Benin,Alibori,Violence against civilians,Abduction/forced disappearance,1,0,1816.0,Political violence,326.0,11.4661,2.7958
2025-03-29,Western Africa,Benin,Alibori,Violence against civilians,Abduction/forced disappearance,1,0,687.0,Political violence,326.0,11.4661,2.7958
2025-04-05,Western Africa,Benin,Alibori,Violence against civilians,Abduction/forced disappearance,1,0,965.0,Political violence,326.0,11.4661,2.7958
2025-04-12,Western Africa,Benin,Alibori,Violence against civilians,Abduction/forced disappearance,1,0,626.0,Political violence,326.0,11.4661,2.7958
2025-04-19,Western Africa,Benin,Alibori,Violence against civilians,Abduction/forced disappearance,1,0,2698.0,Political violence,326.0,11.4661,2.7958
2025-05-03,Western Africa,Benin,Alibori,Violence against civilians,Abduction/forced disappearance,1,0,6884.0,Political violence,326.0,11.4661,2.7958
2025-05-17,Western Africa,Benin,Alibori,Violence against civilians,Abduction/forced disappearance,1,0,2317.0,Political violence,326.0,11.4661,2.7958
2025-11-08,Western Africa,Benin,Alibori,Violence against civilians,Abduction/forced disappearance,1,0,,Political violence,326.0,11.4661,2.7958
2018-01-27,Western Africa,Benin,Alibori,Violence against civilians,Attack,1,0,4569.0,Political violence,326.0,11.4661,2.7958
2020-03-21,Western Africa,Benin,Alibori,Violence against civilians,Attack,1,0,2005.0,Political violence,326.0,11.4661,2.7958
2020-06-13,Western Africa,Benin,Alibori,Violence against civilians,Attack,1,1,5175.0,Political violence,326.0,11.4661,2.7958
2020-08-15,Western Africa,Benin,Alibori,Violence against civilians,Attack,1,0,9821.0,Political violence,326.0,11.4661,2.7958
2020-09-12,Western Africa,Benin,Alibori,Violence against civilians,Attack,1,0,1962.0,Political violence,326.0,11.4661,2.7958
2020-09-26,Western Africa,Benin,Alibori,Violence against civilians,Attack,1,1,4923.0,Political violence,326.0,11.4661,2.7958
2021-01-23,Western Africa,Benin,Alibori,Violence against civilians,Attack,1,1,2241.0,Political violence,326.0,11.4661,2.7958
2021-07-24,Western Africa,Benin,Alibori,Violence against civilians,Attack,1,0,318.0,Political violence,326.0,11.4661,2.7958
2021-09-18,Western Africa,Benin,Alibori,Violence against civilians,Attack,1,1,11334.0,Political violence,326.0,11.4661,2.7958
2021-10-02,Western Africa,Benin,Alibori,Violence against civilians,Attack,1,1,20241.0,Political violence,326.0,11.4661,2.7958
2021-11-13,Western Africa,Benin,Alibori,Violence against civilians,Attack,1,0,961.0,Political violence,326.0,11.4661,2.7958
2021-12-04,Western Africa,Benin,Alibori,Violence against civilians,Attack,1,1,12358.0,Political violence,326.0,11.4661,2.7958
2022-01-29,Western Africa,Benin,Alibori,Violence against civilians,Attack,1,0,13.0,Political violence,326.0,11.4661,2.7958
2022-03-12,Western Africa,Benin,Alibori,Violence against civilians,Attack,1,0,2060.0,Political violence,326.0,11.4661,2.7958
2022-06-04,Western Africa,Benin,Alibori,Violence against civilians,Attack,1,2,4589.0,Political violence,326.0,11.4661,2.7958
2022-06-11,Western Africa,Benin,Alibori,Violence against civilians,Attack,1,1,2611.0,Political violence,326.0,11.4661,2.7958
2022-07-02,Western Africa,Benin,Alibori,Violence against civilians,Attack,1,0,321.0,Political violence,326.0,11.4661,2.7958
2022-07-09,Western Africa,Benin,Alibori,Violence against civilians,Attack,1,1,3919.0,Political violence,326.0,11.4661,2.7958
2022-07-16,Western Africa,Benin,Alibori,Violence against civilians,Attack,1,1,82202.0,Political violence,326.0,11.4661,2.7958
2022-07-23,Western Africa,Benin,Alibori,Violence against civilians,Attack,1,1,5674.0,Political violence,326.0,11.4661,2.7958
2022-08-06,Western Africa,Benin,Alibori,Violence against civilians,Attack,1,0,389.0,Political violence,326.0,11.4661,2.7958
2022-09-17,Western Africa,Benin,Alibori,Violence against civilians,Attack,1,0,1210.0,Political violence,326.0,11.4661,2.7958
2022-09-24,Western Africa,Benin,Alibori,Violence against civilians,Attack,1,1,4256.0,Political violence,326.0,11.4661,2.7958
2022-10-01,Western Africa,Benin,Alibori,Violence against civilians,Attack,1,1,2737.0,Political violence,326.0,11.4661,2.7958
2022-10-08,Western Africa,Benin,Alibori,Violence against civilians,Attack,1,0,4366.0,Political violence,326.0,11.4661,2.7958
2022-10-15,Western Africa,Benin,Alibori,Violence against civilians,Attack,1,0,4366.0,Political violence,326.0,11.4661,2.7958
2022-10-22,Western Africa,Benin,Alibori,Violence against civilians,Attack,1,1,8093.0,Political violence,326.0,11.4661,2.7958
2022-11-12,Western Africa,Benin,Alibori,Violence against civilians,Attack,1,0,1135.0,Political violence,326.0,11.4661,2.7958
2022-11-19,Western Africa,Benin,Alibori,Violence against civilians,Attack,1,1,14930.0,Political violence,326.0,11.4661,2.7958
2022-12-03,Western Africa,Benin,Alibori,Violence against civilians,Attack,1,1,2936.0,Political violence,326.0,11.4661,2.7958
2022-12-10,Western Africa,Benin,Alibori,Violence against civilians,Attack,1,0,321.0,Political violence,326.0,11.4661,2.7958
2022-12-24,Western Africa,Benin,Alibori,Violence against civilians,Attack,1,0,1247.0,Political violence,326.0,11.4661,2.7958
2022-12-31,Western Africa,Benin,Alibori,Violence against civilians,Attack,2,2,18676.0,Political violence,326.0,11.4661,2.7958
2023-01-07,Western Africa,Benin,Alibori,Violence against civilians,Attack,2,0,39162.0,Political violence,326.0,11.4661,2.7958
2023-01-28,Western Africa,Benin,Alibori,Violence against civilians,Attack,1,1,11497.0,Political violence,326.0,11.4661,2.7958
2023-03-11,Western Africa,Benin,Alibori,Violence against civilians,Attack,2,2,12566.0,Political violence,326.0,11.4661,2.7958
2023-04-01,Western Africa,Benin,Alibori,Violence against civilians,Attack,1,0,2156.0,Political violence,326.0,11.4661,2.7958
2023-04-15,Western Africa,Benin,Alibori,Violence against civilians,Attack,1,2,2057.0,Political violence,326.0,11.4661,2.7958
2023-04-29,Western Africa,Benin,Alibori,Violence against civilians,Attack,1,3,39827.0,Political violence,326.0,11.4661,2.7958
2023-05-06,Western Africa,Benin,Alibori,Violence against civilians,Attack,1,1,2991.0,Political violence,326.0,11.4661,2.7958
2023-05-27,Western Africa,Benin,Alibori,Violence against civilians,Attack,1,1,3210.0,Political violence,326.0,11.4661,2.7958
2023-06-03,Western Africa,Benin,Alibori,Violence against civilians,Attack,1,2,31.0,Political violence,326.0,11.4661,2.7958
2023-06-24,Western Africa,Benin,Alibori,Violence against civilians,Attack,2,3,61031.0,Political violence,326.0,11.4661,2.7958
2023-07-01,Western Africa,Benin,Alibori,Violence against civilians,Attack,1,1,15907.0,Political violence,326.0,11.4661,2.7958
2023-07-29,Western Africa,Benin,Alibori,Violence against civilians,Attack,1,1,6063.0,Political violence,326.0,11.4661,2.7958
2023-08-05,Western Africa,Benin,Alibori,Violence against civilians,Attack,3,3,78030.0,Political violence,326.0,11.4661,2.7958
2023-08-12,Western Africa,Benin,Alibori,Violence against civilians,Attack,1,0,1534.0,Political violence,326.0,11.4661,2.7958
2023-08-19,Western Africa,Benin,Alibori,Violence against civilians,Attack,1,0,600.0,Political violence,326.0,11.4661,2.7958
2023-09-02,Western Africa,Benin,Alibori,Violence against civilians,Attack,4,8,68438.0,Political violence,326.0,11.4661,2.7958
2023-09-09,Western Africa,Benin,Alibori,Violence against civilians,Attack,2,3,8060.0,Political violence,326.0,11.4661,2.7958
2023-09-23,Western Africa,Benin,Alibori,Violence against civilians,Attack,1,1,19489.0,Political violence,326.0,11.4661,2.7958
2023-10-07,Western Africa,Benin,Alibori,Violence against civilians,Attack,2,1,6830.0,Political violence,326.0,11.4661,2.7958
2023-10-14,Western Africa,Benin,Alibori,Violence against civilians,Attack,2,2,9190.0,Political violence,326.0,11.4661,2.7958
2023-10-21,Western Africa,Benin,Alibori,Violence against civilians,Attack,2,3,5695.0,Political violence,326.0,11.4661,2.7958
2023-11-04,Western Africa,Benin,Alibori,Violence against civilians,Attack,2,2,17395.0,Political violence,326.0,11.4661,2.7958
2023-11-11,Western Africa,Benin,Alibori,Violence against civilians,Attack,3,3,7378.0,Political violence,326.0,11.4661,2.7958
2023-11-18,Western Africa,Benin,Alibori,Violence against civilians,Attack,2,1,61367.0,Political violence,326.0,11.4661,2.7958
2023-11-25,Western Africa,Benin,Alibori,Violence against civilians,Attack,1,1,3183.0,Political violence,326.0,11.4661,2.7958
2023-12-23,Western Africa,Benin,Alibori,Violence against civilians,Attack,3,0,8762.0,Political violence,326.0,11.4661,2.7958
2024-01-06,Western Africa,Benin,Alibori,Violence against civilians,Attack,6,5,27889.0,Political violence,326.0,11.4661,2.7958
2024-01-13,Western Africa,Benin,Alibori,Violence against civilians,Attack,1,2,31.0,Political violence,326.0,11.4661,2.7958
2024-01-27,Western Africa,Benin,Alibori,Violence against civilians,Attack,1,1,5741.0,Political violence,326.0,11.4661,2.7958
2024-02-03,Western Africa,Benin,Alibori,Violence against civilians,Attack,2,2,7352.0,Political violence,326.0,11.4661,2.7958
2024-02-10,Western Africa,Benin,Alibori,Violence against civilians,Attack,2,3,43028.0,Political violence,326.0,11.4661,2.7958
2024-02-24,Western Africa,Benin,Alibori,Violence against civilians,Attack,1,1,55149.0,Political violence,326.0,11.4661,2.7958
2024-03-02,Western Africa,Benin,Alibori,Violence against civilians,Attack,1,0,9584.0,Political violence,326.0,11.4661,2.7958
2024-03-09,Western Africa,Benin,Alibori,Violence against civilians,Attack,2,3,12250.0,Political violence,326.0,11.4661,2.7958
2024-03-16,Western Africa,Benin,Alibori,Violence against civilians,Attack,2,1,5113.0,Political violence,326.0,11.4661,2.7958
2024-03-30,Western Africa,Benin,Alibori,Violence against civilians,Attack,2,3,1588.0,Political violence,326.0,11.4661,2.7958
2024-04-06,Western Africa,Benin,Alibori,Violence against civilians,Attack,1,1,21897.0,Political violence,326.0,11.4661,2.7958
2024-04-13,Western Africa,Benin,Alibori,Violence against civilians,Attack,3,3,22004.0,Political violence,326.0,11.4661,2.7958
2024-04-20,Western Africa,Benin,Alibori,Violence against civilians,Attack,2,1,8555.0,Political violence,326.0,11.4661,2.7958
2024-05-04,Western Africa,Benin,Alibori,Violence against civilians,Attack,2,2,12859.0,Political violence,326.0,11.4661,2.7958
2024-05-11,Western Africa,Benin,Alibori,Violence against civilians,Attack,2,2,7053.0,Political violence,326.0,11.4661,2.7958
2024-05-25,Western Africa,Benin,Alibori,Violence against civilians,Attack,1,0,612.0,Political violence,326.0,11.4661,2.7958
2024-06-08,Western Africa,Benin,Alibori,Violence against civilians,Attack,1,1,319.0,Political violence,326.0,11.4661,2.7958
2024-07-20,Western Africa,Benin,Alibori,Violence against civilians,Attack,2,2,4591.0,Political violence,326.0,11.4661,2.7958
2024-07-27,Western Africa,Benin,Alibori,Violence against civilians,Attack,1,4,21357.0,Political violence,326.0,11.4661,2.7958
2024-08-17,Western Africa,Benin,Alibori,Violence against civilians,Attack,1,0,326.0,Political violence,326.0,11.4661,2.7958
2024-08-24,Western Africa,Benin,Alibori,Violence against civilians,Attack,2,2,10237.0,Political violence,326.0,11.4661,2.7958
2024-09-07,Western Africa,Benin,Alibori,Violence against civilians,Attack,2,0,1612.0,Political violence,326.0,11.4661,2.7958
2024-09-14,Western Africa,Benin,Alibori,Violence against civilians,Attack,2,1,12706.0,Political violence,326.0,11.4661,2.7958
2024-09-21,Western Africa,Benin,Alibori,Violence against civilians,Attack,2,3,6426.0,Political violence,326.0,11.4661,2.7958
2024-09-28,Western Africa,Benin,Alibori,Violence against civilians,Attack,2,12,8182.0,Political violence,326.0,11.4661,2.7958
2024-10-05,Western Africa,Benin,Alibori,Violence against civilians,Attack,1,2,3122.0,Political violence,326.0,11.4661,2.7958
2024-10-12,Western Africa,Benin,Alibori,Violence against civilians,Attack,1,0,39657.0,Political violence,326.0,11.4661,2.7958
2024-10-26,Western Africa,Benin,Alibori,Violence against civilians,Attack,2,2,4488.0,Political violence,326.0,11.4661,2.7958
2024-11-09,Western Africa,Benin,Alibori,Violence against civilians,Attack,1,0,645.0,Political violence,326.0,11.4661,2.7958
2024-11-16,Western Africa,Benin,Alibori,Violence against civilians,Attack,2,1,6546.0,Political violence,326.0,11.4661,2.7958
2024-11-23,Western Africa,Benin,Alibori,Violence against civilians,Attack,2,3,6279.0,Political violence,326.0,11.4661,2.7958
2024-11-30,Western Africa,Benin,Alibori,Violence against civilians,Attack,1,0,1630.0,Political violence,326.0,11.4661,2.7958
2024-12-07,Western Africa,Benin,Alibori,Violence against civilians,Attack,1,2,5927.0,Political violence,326.0,11.4661,2.7958
2024-12-14,Western Africa,Benin,Alibori,Violence against civilians,Attack,2,1,17646.0,Political violence,326.0,11.4661,2.7958
2025-01-11,Western Africa,Benin,Alibori,Violence against civilians,Attack,2,11,15872.0,Political violence,326.0,11.4661,2.7958
2025-01-18,Western Africa,Benin,Alibori,Violence against civilians,Attack,2,2,3369.0,Political violence,326.0,11.4661,2.7958
2025-01-25,Western Africa,Benin,Alibori,Violence against civilians,Attack,2,3,40784.0,Political violence,326.0,11.4661,2.7958
2025-02-01,Western Africa,Benin,Alibori,Violence against civilians,Attack,1,4,21947.0,Political violence,326.0,11.4661,2.7958
2025-02-08,Western Africa,Benin,Alibori,Violence against civilians,Attack,2,4,59413.0,Political violence,326.0,11.4661,2.7958
2025-02-15,Western Africa,Benin,Alibori,Violence against civilians,Attack,1,1,11622.0,Political violence,326.0,11.4661,2.7958
2025-02-22,Western Africa,Benin,Alibori,Violence against civilians,Attack,1,1,5657.0,Political violence,326.0,11.4661,2.7958
2025-03-08,Western Africa,Benin,Alibori,Violence against civilians,Attack,2,2,3675.0,Political violence,326.0,11.4661,2.7958
2025-03-15,Western Africa,Benin,Alibori,Violence against civilians,Attack,3,5,55546.0,Political violence,326.0,11.4661,2.7958
2025-03-22,Western Africa,Benin,Alibori,Violence against civilians,Attack,2,1,21947.0,Political violence,326.0,11.4661,2.7958
2025-03-29,Western Africa,Benin,Alibori,Violence against civilians,Attack,5,11,65727.0,Political violence,326.0,11.4661,2.7958
2025-04-05,Western Africa,Benin,Alibori,Violence against civilians,Attack,2,1,18180.0,Political violence,326.0,11.4661,2.7958
2025-04-12,Western Africa,Benin,Alibori,Violence against civilians,Attack,1,0,997.0,Political violence,326.0,11.4661,2.7958
2025-04-26,Western Africa,Benin,Alibori,Violence against civilians,Attack,1,3,6363.0,Political violence,326.0,11.4661,2.7958
2025-05-03,Western Africa,Benin,Alibori,Violence against civilians,Attack,1,2,21947.0,Political violence,326.0,11.4661,2.7958
2025-05-10,Western Africa,Benin,Alibori,Violence against civilians,Attack,1,1,4240.0,Political violence,326.0,11.4661,2.7958
2025-05-17,Western Africa,Benin,Alibori,Violence against civilians,Attack,4,8,20251.0,Political violence,326.0,11.4661,2.7958
2025-05-24,Western Africa,Benin,Alibori,Violence against civilians,Attack,4,7,33437.0,Political violence,326.0,11.4661,2.7958
2025-05-31,Western Africa,Benin,Alibori,Violence against civilians,Attack,1,1,2543.0,Political violence,326.0,11.4661,2.7958
2025-06-07,Western Africa,Benin,Alibori,Violence against civilians,Attack,4,4,44455.0,Political violence,326.0,11.4661,2.7958
2025-06-21,Western Africa,Benin,Alibori,Violence against civilians,Attack,1,1,3170.0,Political violence,326.0,11.4661,2.7958
2025-08-23,Western Africa,Benin,Alibori,Violence against civilians,Attack,1,1,83571.0,Political violence,326.0,11.4661,2.7958
2025-11-08,Western Africa,Benin,Alibori,Violence against civilians,Attack,1,1,,Political violence,326.0,11.4661,2.7958
2017-10-14,Western Africa,Benin,Atacora,Battles,Armed clash,1,0,6768.0,Political violence,327.0,10.5177,1.52
2019-04-27,Western Africa,Benin,Atacora,Battles,Armed clash,1,5,26806.0,Political violence,327.0,10.5177,1.52
2021-03-06,Western Africa,Benin,Atacora,Battles,Armed clash,1,4,8327.0,Political violence,327.0,10.5177,1.52
2021-03-20,Western Africa,Benin,Atacora,Battles,Armed clash,1,0,932.0,Political violence,327.0,10.5177,1.52
2021-04-24,Western Africa,Benin,Atacora,Battles,Armed clash,1,0,1990.0,Political violence,327.0,10.5177,1.52
2021-11-27,Western Africa,Benin,Atacora,Battles,Armed clash,2,4,11029.0,Political violence,327.0,10.5177,1.52
2021-12-04,Western Africa,Benin,Atacora,Battles,Armed clash,1,1,6726.0,Political violence,327.0,10.5177,1.52
2021-12-18,Western Africa,Benin,Atacora,Battles,Armed clash,1,3,43939.0,Political violence,327.0,10.5177,1.52
2022-02-05,Western Africa,Benin,Atacora,Battles,Armed clash,1,1,119.0,Political violence,327.0,10.5177,1.52
2022-02-26,Western Africa,Benin,Atacora,Battles,Armed clash,1,3,8265.0,Political violence,327.0,10.5177,1.52
2022-04-09,Western Africa,Benin,Atacora,Battles,Armed clash,1,5,17.0,Political violence,327.0,10.5177,1.52
2022-05-07,Western Africa,Benin,Atacora,Battles,Armed clash,1,4,4418.0,Political violence,327.0,10.5177,1.52
2022-06-25,Western Africa,Benin,Atacora,Battles,Armed clash,1,5,7686.0,Political violence,327.0,10.5177,1.52
2022-07-02,Western Africa,Benin,Atacora,Battles,Armed clash,2,0,1127.0,Political violence,327.0,10.5177,1.52
2022-07-23,Western Africa,Benin,Atacora,Battles,Armed clash,2,0,10308.0,Political violence,327.0,10.5177,1.52
2022-10-08,Western Africa,Benin,Atacora,Battles,Armed clash,1,8,2585.0,Political violence,327.0,10.5177,1.52
2022-10-15,Western Africa,Benin,Atacora,Battles,Armed clash,1,0,10193.0,Political violence,327.0,10.5177,1.52
2022-11-19,Western Africa,Benin,Atacora,Battles,Armed clash,1,4,4211.0,Political violence,327.0,10.5177,1.52
2023-01-28,Western Africa,Benin,Atacora,Battles,Armed clash,1,0,4305.0,Political violence,327.0,10.5177,1.52
2023-02-18,Western Africa,Benin,Atacora,Battles,Armed clash,1,3,1168.0,Political violence,327.0,10.5177,1.52
2023-02-25,Western Africa,Benin,Atacora,Battles,Armed clash,1,1,10428.0,Political violence,327.0,10.5177,1.52
2023-04-29,Western Africa,Benin,Atacora,Battles,Armed clash,1,4,30015.0,Political violence,327.0,10.5177,1.52
2023-05-06,Western Africa,Benin,Atacora,Battles,Armed clash,2,3,1589.0,Political violence,327.0,10.5177,1.52
2023-05-13,Western Africa,Benin,Atacora,Battles,Armed clash,1,12,1168.0,Political violence,327.0,10.5177,1.52
2023-05-27,Western Africa,Benin,Atacora,Battles,Armed clash,1,0,4194.0,Political violence,327.0,10.5177,1.52
2023-07-29,Western Africa,Benin,Atacora,Battles,Armed clash,1,2,21049.0,Political violence,327.0,10.5177,1.52
2023-09-02,Western Africa,Benin,Atacora,Battles,Armed clash,1,1,4305.0,Political violence,327.0,10.5177,1.52
2023-09-09,Western Africa,Benin,Atacora,Battles,Armed clash,1,3,6795.0,Political violence,327.0,10.5177,1.52
2023-09-23,Western Africa,Benin,Atacora,Battles,Armed clash,1,0,6795.0,Political violence,327.0,10.5177,1.52
2023-09-30,Western Africa,Benin,Atacora,Battles,Armed clash,1,0,1168.0,Political violence,327.0,10.5177,1.52
2023-10-14,Western Africa,Benin,Atacora,Battles,Armed clash,1,0,4305.0,Political violence,327.0,10.5177,1.52
2023-10-28,Western Africa,Benin,Atacora,Battles,Armed clash,2,0,72218.0,Political violence,327.0,10.5177,1.52
2023-11-04,Western Africa,Benin,Atacora,Battles,Armed clash,1,1,4194.0,Political violence,327.0,10.5177,1.52
2023-11-11,Western Africa,Benin,Atacora,Battles,Armed clash,1,1,24975.0,Political violence,327.0,10.5177,1.52
2023-12-30,Western Africa,Benin,Atacora,Battles,Armed clash,1,0,7369.0,Political violence,327.0,10.5177,1.52
2024-01-27,Western Africa,Benin,Atacora,Battles,Armed clash,2,2,1200.0,Political violence,327.0,10.5177,1.52
2024-02-17,Western Africa,Benin,Atacora,Battles,Armed clash,1,0,12213.0,Political violence,327.0,10.5177,1.52
2024-03-02,Western Africa,Benin,Atacora,Battles,Armed clash,1,0,3348.0,Political violence,327.0,10.5177,1.52
2024-06-01,Western Africa,Benin,Atacora,Battles,Armed clash,1,7,2066.0,Political violence,327.0,10.5177,1.52
2024-07-20,Western Africa,Benin,Atacora,Battles,Armed clash,1,0,25657.0,Political violence,327.0,10.5177,1.52
2024-08-03,Western Africa,Benin,Atacora,Battles,Armed clash,2,2,7104.0,Political violence,327.0,10.5177,1.52
2024-08-10,Western Africa,Benin,Atacora,Battles,Armed clash,1,0,309.0,Political violence,327.0,10.5177,1.52
2024-08-17,Western Africa,Benin,Atacora,Battles,Armed clash,1,0,309.0,Political violence,327.0,10.5177,1.52
2024-09-07,Western Africa,Benin,Atacora,Battles,Armed clash,1,0,4592.0,Political violence,327.0,10.5177,1.52
2024-09-14,Western Africa,Benin,Atacora,Battles,Armed clash,2,3,3404.0,Political violence,327.0,10.5177,1.52
2024-12-07,Western Africa,Benin,Atacora,Battles,Armed clash,3,5,14831.0,Political violence,327.0,10.5177,1.52
2024-12-14,Western Africa,Benin,Atacora,Battles,Armed clash,1,0,1055.0,Political violence,327.0,10.5177,1.52
2025-01-18,Western Africa,Benin,Atacora,Battles,Armed clash,1,5,4706.0,Political violence,327.0,10.5177,1.52
2025-02-08,Western Africa,Benin,Atacora,Battles,Armed clash,2,3,1250.0,Political violence,327.0,10.5177,1.52
2025-02-22,Western Africa,Benin,Atacora,Battles,Armed clash,1,0,1232.0,Political violence,327.0,10.5177,1.52
2025-04-05,Western Africa,Benin,Atacora,Battles,Armed clash,2,0,4491.0,Political violence,327.0,10.5177,1.52
2025-04-19,Western Africa,Benin,Atacora,Battles,Armed clash,1,0,18.0,Political violence,327.0,10.5177,1.52
2025-05-03,Western Africa,Benin,Atacora,Battles,Armed clash,1,3,9630.0,Political violence,327.0,10.5177,1.52
2025-05-10,Western Africa,Benin,Atacora,Battles,Armed clash,1,0,2710.0,Political violence,327.0,10.5177,1.52
2025-05-31,Western Africa,Benin,Atacora,Battles,Armed clash,1,8,2710.0,Political violence,327.0,10.5177,1.52
2025-06-14,Western Africa,Benin,Atacora,Battles,Armed clash,1,0,2509.0,Political violence,327.0,10.5177,1.52
2025-07-26,Western Africa,Benin,Atacora,Battles,Armed clash,2,2,18.0,Political violence,327.0,10.5177,1.52
2025-08-02,Western Africa,Benin,Atacora,Battles,Armed clash,2,1,18.0,Political violence,327.0,10.5177,1.52
2025-09-06,Western Africa,Benin,Atacora,Battles,Armed clash,1,6,18.0,Political violence,327.0,10.5177,1.52
2026-01-10,Western Africa,Benin,Atacora,Battles,Armed clash,1,0,3725.0,Political violence,327.0,10.5177,1.52
2026-02-07,Western Africa,Benin,Atacora,Battles,Armed clash,1,0,108884.0,Political violence,327.0,10.5177,1.52
2026-02-14,Western Africa,Benin,Atacora,Battles,Armed clash,1,2,6440.0,Political violence,327.0,10.5177,1.52
2026-02-21,Western Africa,Benin,Atacora,Battles,Armed clash,1,0,18669.0,Political violence,327.0,10.5177,1.52
2026-03-07,Western Africa,Benin,Atacora,Battles,Armed clash,1,22,54.0,Political violence,327.0,10.5177,1.52
2024-06-15,Western Africa,Benin,Atacora,Explosions/Remote violence,Air/drone strike,1,0,3386.0,Political violence,327.0,10.5177,1.52
2021-12-04,Western Africa,Benin,Atacora,Explosions/Remote violence,Remote explosive/landmine/IED,1,0,4305.0,Political violence,327.0,10.5177,1.52
2022-01-01,Western Africa,Benin,Atacora,Explosions/Remote violence,Remote explosive/landmine/IED,1,3,205.0,Political violence,327.0,10.5177,1.52
2023-02-25,Western Africa,Benin,Atacora,Explosions/Remote violence,Remote explosive/landmine/IED,1,1,1168.0,Political violence,327.0,10.5177,1.52
2023-03-11,Western Africa,Benin,Atacora,Explosions/Remote violence,Remote explosive/landmine/IED,1,1,2652.0,Political violence,327.0,10.5177,1.52
2023-04-29,Western Africa,Benin,Atacora,Explosions/Remote violence,Remote explosive/landmine/IED,3,2,26234.0,Political violence,327.0,10.5177,1.52
2023-05-06,Western Africa,Benin,Atacora,Explosions/Remote violence,Remote explosive/landmine/IED,2,5,4561.0,Political violence,327.0,10.5177,1.52
2023-05-27,Western Africa,Benin,Atacora,Explosions/Remote violence,Remote explosive/landmine/IED,1,0,1168.0,Political violence,327.0,10.5177,1.52
2023-06-03,Western Africa,Benin,Atacora,Explosions/Remote violence,Remote explosive/landmine/IED,2,1,1168.0,Political violence,327.0,10.5177,1.52
2023-06-24,Western Africa,Benin,Atacora,Explosions/Remote violence,Remote explosive/landmine/IED,1,0,1168.0,Political violence,327.0,10.5177,1.52
2023-07-01,Western Africa,Benin,Atacora,Explosions/Remote violence,Remote explosive/landmine/IED,1,0,1168.0,Political violence,327.0,10.5177,1.52
2023-07-29,Western Africa,Benin,Atacora,Explosions/Remote violence,Remote explosive/landmine/IED,3,0,1168.0,Political violence,327.0,10.5177,1.52
2023-08-12,Western Africa,Benin,Atacora,Explosions/Remote violence,Remote explosive/landmine/IED,1,0,1168.0,Political violence,327.0,10.5177,1.52
2024-02-10,Western Africa,Benin,Atacora,Explosions/Remote violence,Remote explosive/landmine/IED,1,0,1055.0,Political violence,327.0,10.5177,1.52
2024-02-24,Western Africa,Benin,Atacora,Explosions/Remote violence,Remote explosive/landmine/IED,1,0,4301.0,Political violence,327.0,10.5177,1.52
2025-03-01,Western Africa,Benin,Atacora,Explosions/Remote violence,Remote explosive/landmine/IED,1,0,2710.0,Political violence,327.0,10.5177,1.52
2025-05-17,Western Africa,Benin,Atacora,Explosions/Remote violence,Remote explosive/landmine/IED,1,1,9630.0,Political violence,327.0,10.5177,1.52
2012-08-11,Western Africa,Benin,Atacora,Protests,Peaceful protest,1,0,,Demonstrations,327.0,10.5177,1.52
2018-04-28,Western Africa,Benin,Atacora,Protests,Peaceful protest,1,0,21421.0,Demonstrations,327.0,10.5177,1.52
2018-12-08,Western Africa,Benin,Atacora,Protests,Peaceful protest,1,0,21421.0,Demonstrations,327.0,10.5177,1.52
2020-04-04,Western Africa,Benin,Atacora,Protests,Peaceful protest,2,0,15537.0,Demonstrations,327.0,10.5177,1.52
2020-04-11,Western Africa,Benin,Atacora,Protests,Peaceful protest,1,0,507.0,Demonstrations,327.0,10.5177,1.52
2020-11-21,Western Africa,Benin,Atacora,Protests,Peaceful protest,1,0,22429.0,Demonstrations,327.0,10.5177,1.52
2021-02-13,Western Africa,Benin,Atacora,Protests,Peaceful protest,1,0,15911.0,Demonstrations,327.0,10.5177,1.52
2021-04-03,Western Africa,Benin,Atacora,Protests,Peaceful protest,2,0,22555.0,Demonstrations,327.0,10.5177,1.52
2022-11-05,Western Africa,Benin,Atacora,Protests,Peaceful protest,1,0,3828.0,Demonstrations,327.0,10.5177,1.52
2023-12-02,Western Africa,Benin,Atacora,Protests,Peaceful protest,1,0,24048.0,Demonstrations,327.0,10.5177,1.52
2024-02-24,Western Africa,Benin,Atacora,Protests,Peaceful protest,1,0,24577.0,Demonstrations,327.0,10.5177,1.52
2024-05-04,Western Africa,Benin,Atacora,Protests,Peaceful protest,1,0,16980.0,Demonstrations,327.0,10.5177,1.52
2025-03-15,Western Africa,Benin,Atacora,Protests,Peaceful protest,1,0,25098.0,Demonstrations,327.0,10.5177,1.52
2018-11-10,Western Africa,Benin,Atacora,Riots,Mob violence,1,1,23149.0,Political violence,327.0,10.5177,1.52
2018-12-01,Western Africa,Benin,Atacora,Riots,Mob violence,1,0,12924.0,Political violence,327.0,10.5177,1.52
2019-11-02,Western Africa,Benin,Atacora,Riots,Mob violence,1,1,628.0,Political violence,327.0,10.5177,1.52
2019-12-21,Western Africa,Benin,Atacora,Riots,Mob violence,1,0,1426.0,Political violence,327.0,10.5177,1.52
2020-05-16,Western Africa,Benin,Atacora,Riots,Mob violence,1,0,13420.0,Political violence,327.0,10.5177,1.52
2020-05-30,Western Africa,Benin,Atacora,Riots,Mob violence,2,0,12600.0,Political violence,327.0,10.5177,1.52
2020-06-13,Western Africa,Benin,Atacora,Riots,Mob violence,1,1,21184.0,Political violence,327.0,10.5177,1.52
2020-07-11,Western Africa,Benin,Atacora,Riots,Mob violence,1,1,1486.0,Political violence,327.0,10.5177,1.52
2020-08-15,Western Africa,Benin,Atacora,Riots,Mob violence,1,0,1869.0,Political violence,327.0,10.5177,1.52
2020-10-10,Western Africa,Benin,Atacora,Riots,Mob violence,1,1,2016.0,Political violence,327.0,10.5177,1.52
2021-01-23,Western Africa,Benin,Atacora,Riots,Mob violence,2,1,13760.0,Political violence,327.0,10.5177,1.52
2021-02-06,Western Africa,Benin,Atacora,Riots,Mob violence,1,0,3601.0,Political violence,327.0,10.5177,1.52
2021-02-27,Western Africa,Benin,Atacora,Riots,Mob violence,1,1,4948.0,Political violence,327.0,10.5177,1.52
2021-03-13,Western Africa,Benin,Atacora,Riots,Mob violence,1,0,635.0,Political violence,327.0,10.5177,1.52
2021-04-03,Western Africa,Benin,Atacora,Riots,Mob violence,1,2,3172.0,Political violence,327.0,10.5177,1.52
2021-04-10,Western Africa,Benin,Atacora,Riots,Mob violence,1,0,1321.0,Political violence,327.0,10.5177,1.52
2021-05-22,Western Africa,Benin,Atacora,Riots,Mob violence,1,0,1295.0,Political violence,327.0,10.5177,1.52
2021-05-29,Western Africa,Benin,Atacora,Riots,Mob violence,1,2,4795.0,Political violence,327.0,10.5177,1.52
2021-06-05,Western Africa,Benin,Atacora,Riots,Mob violence,1,1,7250.0,Political violence,327.0,10.5177,1.52
2021-09-25,Western Africa,Benin,Atacora,Riots,Mob violence,1,1,3172.0,Political violence,327.0,10.5177,1.52
2021-10-09,Western Africa,Benin,Atacora,Riots,Mob violence,1,0,4795.0,Political violence,327.0,10.5177,1.52
2022-03-05,Western Africa,Benin,Atacora,Riots,Mob violence,2,0,2617.0,Political violence,327.0,10.5177,1.52
2022-03-19,Western Africa,Benin,Atacora,Riots,Mob violence,1,3,39004.0,Political violence,327.0,10.5177,1.52
2022-05-28,Western Africa,Benin,Atacora,Riots,Mob violence,1,0,61941.0,Political violence,327.0,10.5177,1.52
2022-09-10,Western Africa,Benin,Atacora,Riots,Mob violence,1,0,39004.0,Political violence,327.0,10.5177,1.52
2023-01-14,Western Africa,Benin,Atacora,Riots,Mob violence,1,0,1661.0,Political violence,327.0,10.5177,1.52
2023-01-21,Western Africa,Benin,Atacora,Riots,Mob violence,1,1,4772.0,Political violence,327.0,10.5177,1.52
2023-02-11,Western Africa,Benin,Atacora,Riots,Mob violence,1,0,2072.0,Political violence,327.0,10.5177,1.52
2023-05-13,Western Africa,Benin,Atacora,Riots,Mob violence,2,0,5971.0,Political violence,327.0,10.5177,1.52
2023-05-20,Western Africa,Benin,Atacora,Riots,Mob violence,1,0,2072.0,Political violence,327.0,10.5177,1.52
2023-06-10,Western Africa,Benin,Atacora,Riots,Mob violence,2,1,9417.0,Political violence,327.0,10.5177,1.52
2023-06-17,Western Africa,Benin,Atacora,Riots,Mob violence,1,0,5031.0,Political violence,327.0,10.5177,1.52
2023-07-01,Western Africa,Benin,Atacora,Riots,Mob violence,1,0,669.0,Political violence,327.0,10.5177,1.52
2023-07-15,Western Africa,Benin,Atacora,Riots,Mob violence,1,0,5031.0,Political violence,327.0,10.5177,1.52
2023-09-02,Western Africa,Benin,Atacora,Riots,Mob violence,1,0,287.0,Political violence,327.0,10.5177,1.52
2023-10-28,Western Africa,Benin,Atacora,Riots,Mob violence,1,0,14438.0,Political violence,327.0,10.5177,1.52
2023-11-11,Western Africa,Benin,Atacora,Riots,Mob violence,1,0,23068.0,Political violence,327.0,10.5177,1.52
2023-12-02,Western Africa,Benin,Atacora,Riots,Mob violence,2,1,3646.0,Political violence,327.0,10.5177,1.52
2023-12-09,Western Africa,Benin,Atacora,Riots,Mob violence,1,0,8450.0,Political violence,327.0,10.5177,1.52
2024-02-24,Western Africa,Benin,Atacora,Riots,Mob violence,3,7,7014.0,Political violence,327.0,10.5177,1.52
2024-06-22,Western Africa,Benin,Atacora,Riots,Mob violence,1,1,7615.0,Political violence,327.0,10.5177,1.52
2024-06-29,Western Africa,Benin,Atacora,Riots,Mob violence,2,4,7113.0,Political violence,327.0,10.5177,1.52
2024-10-19,Western Africa,Benin,Atacora,Riots,Mob violence,1,2,291.0,Political violence,327.0,10.5177,1.52
2025-03-29,Western Africa,Benin,Atacora,Riots,Mob violence,1,1,1993.0,Political violence,327.0,10.5177,1.52
2025-04-05,Western Africa,Benin,Atacora,Riots,Mob violence,1,0,27885.0,Political violence,327.0,10.5177,1.52
2018-02-17,Western Africa,Benin,Atacora,Riots,Violent demonstration,1,0,35140.0,Demonstrations,327.0,10.5177,1.52
2018-09-08,Western Africa,Benin,Atacora,Riots,Violent demonstration,1,0,8543.0,Demonstrations,327.0,10.5177,1.52
2019-02-16,Western Africa,Benin,Atacora,Riots,Violent demonstration,1,0,36112.0,Demonstrations,327.0,10.5177,1.52
2021-04-03,Western Africa,Benin,Atacora,Riots,Violent demonstration,4,0,114004.0,Demonstrations,327.0,10.5177,1.52
2023-07-01,Western Africa,Benin,Atacora,Riots,Violent demonstration,1,0,15043.0,Demonstrations,327.0,10.5177,1.52
2024-04-13,Western Africa,Benin,Atacora,Riots,Violent demonstration,1,0,35966.0,Demonstrations,327.0,10.5177,1.52
2021-10-23,Western Africa,Benin,Atacora,Strategic developments,Arrests,2,0,,Strategic developments,327.0,10.5177,1.52
2021-12-04,Western Africa,Benin,Atacora,Strategic developments,Arrests,1,0,,Strategic developments,327.0,10.5177,1.52
2022-07-02,Western Africa,Benin,Atacora,Strategic developments,Arrests,1,0,,Strategic developments,327.0,10.5177,1.52
2022-10-08,Western Africa,Benin,Atacora,Strategic developments,Arrests,2,0,,Strategic developments,327.0,10.5177,1.52
2022-10-15,Western Africa,Benin,Atacora,Strategic developments,Arrests,1,0,,Strategic developments,327.0,10.5177,1.52
2022-11-05,Western Africa,Benin,Atacora,Strategic developments,Arrests,1,0,,Strategic developments,327.0,10.5177,1.52
2026-05-09,Western Africa,Benin,Atacora,Strategic developments,Arrests,1,0,,Strategic developments,327.0,10.5177,1.52
2022-07-16,Western Africa,Benin,Atacora,Strategic developments,Change to group/activity,1,0,,Strategic developments,327.0,10.5177,1.52
2022-10-29,Western Africa,Benin,Atacora,Strategic developments,Change to group/activity,2,0,,Strategic developments,327.0,10.5177,1.52
2022-11-05,Western Africa,Benin,Atacora,Strategic developments,Change to group/activity,1,0,,Strategic developments,327.0,10.5177,1.52
2022-11-26,Western Africa,Benin,Atacora,Strategic developments,Change to group/activity,1,0,,Strategic developments,327.0,10.5177,1.52
2022-12-31,Western Africa,Benin,Atacora,Strategic developments,Change to group/activity,1,0,,Strategic developments,327.0,10.5177,1.52
2023-01-14,Western Africa,Benin,Atacora,Strategic developments,Change to group/activity,3,0,,Strategic developments,327.0,10.5177,1.52
2023-02-11,Western Africa,Benin,Atacora,Strategic developments,Change to group/activity,2,0,,Strategic developments,327.0,10.5177,1.52
2023-02-18,Western Africa,Benin,Atacora,Strategic developments,Change to group/activity,1,0,,Strategic developments,327.0,10.5177,1.52
2023-03-04,Western Africa,Benin,Atacora,Strategic developments,Change to group/activity,3,0,,Strategic developments,327.0,10.5177,1.52
2023-05-13,Western Africa,Benin,Atacora,Strategic developments,Change to group/activity,1,0,,Strategic developments,327.0,10.5177,1.52
2024-03-02,Western Africa,Benin,Atacora,Strategic developments,Change to group/activity,1,0,,Strategic developments,327.0,10.5177,1.52
2024-03-30,Western Africa,Benin,Atacora,Strategic developments,Change to group/activity,1,0,,Strategic developments,327.0,10.5177,1.52
2024-10-19,Western Africa,Benin,Atacora,Strategic developments,Change to group/activity,1,0,,Strategic developments,327.0,10.5177,1.52
2025-03-29,Western Africa,Benin,Atacora,Strategic developments,Change to group/activity,1,0,,Strategic developments,327.0,10.5177,1.52
2025-05-24,Western Africa,Benin,Atacora,Strategic developments,Change to group/activity,1,0,,Strategic developments,327.0,10.5177,1.52
2025-06-07,Western Africa,Benin,Atacora,Strategic developments,Change to group/activity,1,0,,Strategic developments,327.0,10.5177,1.52
2022-04-09,Western Africa,Benin,Atacora,Strategic developments,Disrupted weapons use,1,0,,Strategic developments,327.0,10.5177,1.52
2023-05-20,Western Africa,Benin,Atacora,Strategic developments,Disrupted weapons use,1,0,,Strategic developments,327.0,10.5177,1.52
2023-06-03,Western Africa,Benin,Atacora,Strategic developments,Disrupted weapons use,1,0,,Strategic developments,327.0,10.5177,1.52
2023-06-10,Western Africa,Benin,Atacora,Strategic developments,Disrupted weapons use,1,0,,Strategic developments,327.0,10.5177,1.52
2023-06-24,Western Africa,Benin,Atacora,Strategic developments,Disrupted weapons use,1,0,,Strategic developments,327.0,10.5177,1.52
2023-07-15,Western Africa,Benin,Atacora,Strategic developments,Disrupted weapons use,1,0,,Strategic developments,327.0,10.5177,1.52
2023-10-14,Western Africa,Benin,Atacora,Strategic developments,Disrupted weapons use,1,0,,Strategic developments,327.0,10.5177,1.52
2024-06-22,Western Africa,Benin,Atacora,Strategic developments,Disrupted weapons use,1,0,,Strategic developments,327.0,10.5177,1.52
2024-09-14,Western Africa,Benin,Atacora,Strategic developments,Disrupted weapons use,1,0,,Strategic developments,327.0,10.5177,1.52
2024-01-27,Western Africa,Benin,Atacora,Strategic developments,Headquarters or base established,1,0,,Strategic developments,327.0,10.5177,1.52
2017-09-16,Western Africa,Benin,Atacora,Strategic developments,Looting/property destruction,1,0,,Strategic developments,327.0,10.5177,1.52
2020-08-15,Western Africa,Benin,Atacora,Strategic developments,Looting/property destruction,1,0,,Strategic developments,327.0,10.5177,1.52
2021-11-27,Western Africa,Benin,Atacora,Strategic developments,Looting/property destruction,1,0,,Strategic developments,327.0,10.5177,1.52
2021-12-04,Western Africa,Benin,Atacora,Strategic developments,Looting/property destruction,1,0,,Strategic developments,327.0,10.5177,1.52
2021-12-18,Western Africa,Benin,Atacora,Strategic developments,Looting/property destruction,1,0,,Strategic developments,327.0,10.5177,1.52
2022-02-19,Western Africa,Benin,Atacora,Strategic developments,Looting/property destruction,1,0,,Strategic developments,327.0,10.5177,1.52
2022-07-09,Western Africa,Benin,Atacora,Strategic developments,Looting/property destruction,3,0,,Strategic developments,327.0,10.5177,1.52
2022-07-23,Western Africa,Benin,Atacora,Strategic developments,Looting/property destruction,2,0,,Strategic developments,327.0,10.5177,1.52
2022-08-06,Western Africa,Benin,Atacora,Strategic developments,Looting/property destruction,1,0,,Strategic developments,327.0,10.5177,1.52
2022-08-20,Western Africa,Benin,Atacora,Strategic developments,Looting/property destruction,1,0,,Strategic developments,327.0,10.5177,1.52
2023-02-18,Western Africa,Benin,Atacora,Strategic developments,Looting/property destruction,1,0,,Strategic developments,327.0,10.5177,1.52
2023-04-15,Western Africa,Benin,Atacora,Strategic developments,Looting/property destruction,2,0,,Strategic developments,327.0,10.5177,1.52
2023-05-06,Western Africa,Benin,Atacora,Strategic developments,Looting/property destruction,1,0,,Strategic developments,327.0,10.5177,1.52
2023-06-10,Western Africa,Benin,Atacora,Strategic developments,Looting/property destruction,1,0,,Strategic developments,327.0,10.5177,1.52
2023-10-21,Western Africa,Benin,Atacora,Strategic developments,Looting/property destruction,1,0,,Strategic developments,327.0,10.5177,1.52
2023-12-09,Western Africa,Benin,Atacora,Strategic developments,Looting/property destruction,2,0,,Strategic developments,327.0,10.5177,1.52
2023-12-23,Western Africa,Benin,Atacora,Strategic developments,Looting/property destruction,1,0,,Strategic developments,327.0,10.5177,1.52
2023-12-30,Western Africa,Benin,Atacora,Strategic developments,Looting/property destruction,1,0,,Strategic developments,327.0,10.5177,1.52
2024-01-06,Western Africa,Benin,Atacora,Strategic developments,Looting/property destruction,1,0,,Strategic developments,327.0,10.5177,1.52
2024-01-20,Western Africa,Benin,Atacora,Strategic developments,Looting/property destruction,1,0,,Strategic developments,327.0,10.5177,1.52
2024-03-09,Western Africa,Benin,Atacora,Strategic developments,Looting/property destruction,2,0,,Strategic developments,327.0,10.5177,1.52
2024-03-16,Western Africa,Benin,Atacora,Strategic developments,Looting/property destruction,1,0,,Strategic developments,327.0,10.5177,1.52
2024-04-13,Western Africa,Benin,Atacora,Strategic developments,Looting/property destruction,1,0,,Strategic developments,327.0,10.5177,1.52
2024-05-11,Western Africa,Benin,Atacora,Strategic developments,Looting/property destruction,2,0,,Strategic developments,327.0,10.5177,1.52
2024-05-25,Western Africa,Benin,Atacora,Strategic developments,Looting/property destruction,1,0,,Strategic developments,327.0,10.5177,1.52
2024-06-08,Western Africa,Benin,Atacora,Strategic developments,Looting/property destruction,1,0,,Strategic developments,327.0,10.5177,1.52
2024-08-17,Western Africa,Benin,Atacora,Strategic developments,Looting/property destruction,1,0,,Strategic developments,327.0,10.5177,1.52
2024-08-24,Western Africa,Benin,Atacora,Strategic developments,Looting/property destruction,1,0,,Strategic developments,327.0,10.5177,1.52
2024-09-14,Western Africa,Benin,Atacora,Strategic developments,Looting/property destruction,1,0,,Strategic developments,327.0,10.5177,1.52
2024-09-28,Western Africa,Benin,Atacora,Strategic developments,Looting/property destruction,1,0,,Strategic developments,327.0,10.5177,1.52
2024-11-02,Western Africa,Benin,Atacora,Strategic developments,Looting/property destruction,1,0,,Strategic developments,327.0,10.5177,1.52
2024-11-16,Western Africa,Benin,Atacora,Strategic developments,Looting/property destruction,1,0,,Strategic developments,327.0,10.5177,1.52
2025-02-15,Western Africa,Benin,Atacora,Strategic developments,Looting/property destruction,1,0,,Strategic developments,327.0,10.5177,1.52
2025-03-08,Western Africa,Benin,Atacora,Strategic developments,Looting/property destruction,1,0,,Strategic developments,327.0,10.5177,1.52
2025-05-03,Western Africa,Benin,Atacora,Strategic developments,Looting/property destruction,1,0,,Strategic developments,327.0,10.5177,1.52
2025-05-17,Western Africa,Benin,Atacora,Strategic developments,Looting/property destruction,1,0,,Strategic developments,327.0,10.5177,1.52
2025-05-24,Western Africa,Benin,Atacora,Strategic developments,Looting/property destruction,2,0,,Strategic developments,327.0,10.5177,1.52
2025-05-31,Western Africa,Benin,Atacora,Strategic developments,Looting/property destruction,1,0,,Strategic developments,327.0,10.5177,1.52
2025-06-07,Western Africa,Benin,Atacora,Strategic developments,Looting/property destruction,2,0,,Strategic developments,327.0,10.5177,1.52
2026-02-14,Western Africa,Benin,Atacora,Strategic developments,Looting/property destruction,1,0,,Strategic developments,327.0,10.5177,1.52
2022-07-16,Western Africa,Benin,Atacora,Strategic developments,Other,1,0,,Strategic developments,327.0,10.5177,1.52
2022-07-30,Western Africa,Benin,Atacora,Strategic developments,Other,1,0,,Strategic developments,327.0,10.5177,1.52
2022-09-03,Western Africa,Benin,Atacora,Strategic developments,Other,1,0,,Strategic developments,327.0,10.5177,1.52
2022-10-15,Western Africa,Benin,Atacora,Strategic developments,Other,1,0,,Strategic developments,327.0,10.5177,1.52
2022-10-22,Western Africa,Benin,Atacora,Strategic developments,Other,1,0,,Strategic developments,327.0,10.5177,1.52
2023-01-14,Western Africa,Benin,Atacora,Strategic developments,Other,1,0,,Strategic developments,327.0,10.5177,1.52
2023-01-21,Western Africa,Benin,Atacora,Strategic developments,Other,1,0,,Strategic developments,327.0,10.5177,1.52
2023-02-04,Western Africa,Benin,Atacora,Strategic developments,Other,2,0,,Strategic developments,327.0,10.5177,1.52
2023-02-11,Western Africa,Benin,Atacora,Strategic developments,Other,1,0,,Strategic developments,327.0,10.5177,1.52
2023-03-11,Western Africa,Benin,Atacora,Strategic developments,Other,1,0,,Strategic developments,327.0,10.5177,1.52
2023-04-22,Western Africa,Benin,Atacora,Strategic developments,Other,1,0,,Strategic developments,327.0,10.5177,1.52
2023-04-29,Western Africa,Benin,Atacora,Strategic developments,Other,1,0,,Strategic developments,327.0,10.5177,1.52
2023-05-20,Western Africa,Benin,Atacora,Strategic developments,Other,2,0,,Strategic developments,327.0,10.5177,1.52
2023-05-27,Western Africa,Benin,Atacora,Strategic developments,Other,1,0,,Strategic developments,327.0,10.5177,1.52
2023-06-24,Western Africa,Benin,Atacora,Strategic developments,Other,1,0,,Strategic developments,327.0,10.5177,1.52
2023-07-15,Western Africa,Benin,Atacora,Strategic developments,Other,2,0,,Strategic developments,327.0,10.5177,1.52
2023-09-02,Western Africa,Benin,Atacora,Strategic developments,Other,1,0,,Strategic developments,327.0,10.5177,1.52
2023-11-11,Western Africa,Benin,Atacora,Strategic developments,Other,1,0,,Strategic developments,327.0,10.5177,1.52
2023-11-18,Western Africa,Benin,Atacora,Strategic developments,Other,1,0,,Strategic developments,327.0,10.5177,1.52
2023-12-30,Western Africa,Benin,Atacora,Strategic developments,Other,1,0,,Strategic developments,327.0,10.5177,1.52
2024-01-27,Western Africa,Benin,Atacora,Strategic developments,Other,2,0,,Strategic developments,327.0,10.5177,1.52
2024-02-03,Western Africa,Benin,Atacora,Strategic developments,Other,3,0,,Strategic developments,327.0,10.5177,1.52
2024-02-10,Western Africa,Benin,Atacora,Strategic developments,Other,2,0,,Strategic developments,327.0,10.5177,1.52
2024-03-23,Western Africa,Benin,Atacora,Strategic developments,Other,1,0,,Strategic developments,327.0,10.5177,1.52
2024-06-15,Western Africa,Benin,Atacora,Strategic developments,Other,1,0,,Strategic developments,327.0,10.5177,1.52
2024-07-20,Western Africa,Benin,Atacora,Strategic developments,Other,2,0,,Strategic developments,327.0,10.5177,1.52
2024-07-27,Western Africa,Benin,Atacora,Strategic developments,Other,1,0,,Strategic developments,327.0,10.5177,1.52
2024-09-21,Western Africa,Benin,Atacora,Strategic developments,Other,1,0,,Strategic developments,327.0,10.5177,1.52
2024-11-09,Western Africa,Benin,Atacora,Strategic developments,Other,2,0,,Strategic developments,327.0,10.5177,1.52
2024-12-21,Western Africa,Benin,Atacora,Strategic developments,Other,1,0,,Strategic developments,327.0,10.5177,1.52
2025-04-26,Western Africa,Benin,Atacora,Strategic developments,Other,2,0,,Strategic developments,327.0,10.5177,1.52
2025-05-17,Western Africa,Benin,Atacora,Strategic developments,Other,1,0,,Strategic developments,327.0,10.5177,1.52
2025-05-24,Western Africa,Benin,Atacora,Strategic developments,Other,4,0,,Strategic developments,327.0,10.5177,1.52
2025-05-31,Western Africa,Benin,Atacora,Strategic developments,Other,2,0,,Strategic developments,327.0,10.5177,1.52
2025-06-07,Western Africa,Benin,Atacora,Strategic developments,Other,2,0,,Strategic developments,327.0,10.5177,1.52
2020-10-17,Western Africa,Benin,Atacora,Violence against civilians,Abduction/forced disappearance,1,0,58963.0,Political violence,327.0,10.5177,1.52
2022-07-09,Western Africa,Benin,Atacora,Violence against civilians,Abduction/forced disappearance,1,0,7690.0,Political violence,327.0,10.5177,1.52
2022-08-27,Western Africa,Benin,Atacora,Violence against civilians,Abduction/forced disappearance,2,0,2247.0,Political violence,327.0,10.5177,1.52
2022-10-01,Western Africa,Benin,Atacora,Violence against civilians,Abduction/forced disappearance,2,0,36529.0,Political violence,327.0,10.5177,1.52
2022-11-12,Western Africa,Benin,Atacora,Violence against civilians,Abduction/forced disappearance,1,0,387.0,Political violence,327.0,10.5177,1.52
2022-12-31,Western Africa,Benin,Atacora,Violence against civilians,Abduction/forced disappearance,2,0,19469.0,Political violence,327.0,10.5177,1.52
2023-02-25,Western Africa,Benin,Atacora,Violence against civilians,Abduction/forced disappearance,1,0,15043.0,Political violence,327.0,10.5177,1.52
2023-03-18,Western Africa,Benin,Atacora,Violence against civilians,Abduction/forced disappearance,1,0,7664.0,Political violence,327.0,10.5177,1.52
2023-03-25,Western Africa,Benin,Atacora,Violence against civilians,Abduction/forced disappearance,1,0,15043.0,Political violence,327.0,10.5177,1.52
2023-04-01,Western Africa,Benin,Atacora,Violence against civilians,Abduction/forced disappearance,1,0,3808.0,Political violence,327.0,10.5177,1.52
2023-04-22,Western Africa,Benin,Atacora,Violence against civilians,Abduction/forced disappearance,2,0,17115.0,Political violence,327.0,10.5177,1.52
2023-05-06,Western Africa,Benin,Atacora,Violence against civilians,Abduction/forced disappearance,1,0,747.0,Political violence,327.0,10.5177,1.52
2023-05-13,Western Africa,Benin,Atacora,Violence against civilians,Abduction/forced disappearance,1,0,7916.0,Political violence,327.0,10.5177,1.52
2023-05-20,Western Africa,Benin,Atacora,Violence against civilians,Abduction/forced disappearance,1,0,3805.0,Political violence,327.0,10.5177,1.52
2023-06-03,Western Africa,Benin,Atacora,Violence against civilians,Abduction/forced disappearance,3,0,7971.0,Political violence,327.0,10.5177,1.52
2023-06-10,Western Africa,Benin,Atacora,Violence against civilians,Abduction/forced disappearance,1,0,876.0,Political violence,327.0,10.5177,1.52
2023-07-08,Western Africa,Benin,Atacora,Violence against civilians,Abduction/forced disappearance,1,0,7916.0,Political violence,327.0,10.5177,1.52
2023-07-15,Western Africa,Benin,Atacora,Violence against civilians,Abduction/forced disappearance,2,0,14438.0,Political violence,327.0,10.5177,1.52
2023-07-29,Western Africa,Benin,Atacora,Violence against civilians,Abduction/forced disappearance,1,0,3808.0,Political violence,327.0,10.5177,1.52
2023-08-26,Western Africa,Benin,Atacora,Violence against civilians,Abduction/forced disappearance,1,0,7373.0,Political violence,327.0,10.5177,1.52
2023-10-07,Western Africa,Benin,Atacora,Violence against civilians,Abduction/forced disappearance,1,0,2175.0,Political violence,327.0,10.5177,1.52
2023-11-11,Western Africa,Benin,Atacora,Violence against civilians,Abduction/forced disappearance,1,0,1361.0,Political violence,327.0,10.5177,1.52
2023-11-18,Western Africa,Benin,Atacora,Violence against civilians,Abduction/forced disappearance,1,0,952.0,Political violence,327.0,10.5177,1.52
2023-11-25,Western Africa,Benin,Atacora,Violence against civilians,Abduction/forced disappearance,1,0,7916.0,Political violence,327.0,10.5177,1.52
2023-12-30,Western Africa,Benin,Atacora,Violence against civilians,Abduction/forced disappearance,3,0,6178.0,Political violence,327.0,10.5177,1.52
2024-01-06,Western Africa,Benin,Atacora,Violence against civilians,Abduction/forced disappearance,5,0,50692.0,Political violence,327.0,10.5177,1.52
2024-01-13,Western Africa,Benin,Atacora,Violence against civilians,Abduction/forced disappearance,2,0,15207.0,Political violence,327.0,10.5177,1.52
2024-02-03,Western Africa,Benin,Atacora,Violence against civilians,Abduction/forced disappearance,1,0,1424.0,Political violence,327.0,10.5177,1.52
2024-02-10,Western Africa,Benin,Atacora,Violence against civilians,Abduction/forced disappearance,1,0,6128.0,Political violence,327.0,10.5177,1.52
2024-03-23,Western Africa,Benin,Atacora,Violence against civilians,Abduction/forced disappearance,1,0,40918.0,Political violence,327.0,10.5177,1.52
2024-04-06,Western Africa,Benin,Atacora,Violence against civilians,Abduction/forced disappearance,1,0,35966.0,Political violence,327.0,10.5177,1.52
2024-05-18,Western Africa,Benin,Atacora,Violence against civilians,Abduction/forced disappearance,1,0,1646.0,Political violence,327.0,10.5177,1.52
2024-06-22,Western Africa,Benin,Atacora,Violence against civilians,Abduction/forced disappearance,1,0,421.0,Political violence,327.0,10.5177,1.52
2024-08-24,Western Africa,Benin,Atacora,Violence against civilians,Abduction/forced disappearance,1,0,5396.0,Political violence,327.0,10.5177,1.52
2024-11-30,Western Africa,Benin,Atacora,Violence against civilians,Abduction/forced disappearance,1,0,1881.0,Political violence,327.0,10.5177,1.52
2024-12-28,Western Africa,Benin,Atacora,Violence against civilians,Abduction/forced disappearance,1,0,5156.0,Political violence,327.0,10.5177,1.52
2025-01-04,Western Africa,Benin,Atacora,Violence against civilians,Abduction/forced disappearance,1,0,6280.0,Political violence,327.0,10.5177,1.52
2025-02-08,Western Africa,Benin,Atacora,Violence against civilians,Abduction/forced disappearance,1,0,787.0,Political violence,327.0,10.5177,1.52
2025-02-15,Western Africa,Benin,Atacora,Violence against civilians,Abduction/forced disappearance,1,0,760.0,Political violence,327.0,10.5177,1.52
2025-03-01,Western Africa,Benin,Atacora,Violence against civilians,Abduction/forced disappearance,1,0,4245.0,Political violence,327.0,10.5177,1.52
2025-06-07,Western Africa,Benin,Atacora,Violence against civilians,Abduction/forced disappearance,1,0,1309.0,Political violence,327.0,10.5177,1.52
2018-06-30,Western Africa,Benin,Atacora,Violence against civilians,Attack,1,0,611.0,Political violence,327.0,10.5177,1.52
2018-07-07,Western Africa,Benin,Atacora,Violence against civilians,Attack,2,8,2490.0,Political violence,327.0,10.5177,1.52
2018-08-25,Western Africa,Benin,Atacora,Violence against civilians,Attack,2,0,7709.0,Political violence,327.0,10.5177,1.52
2019-04-27,Western Africa,Benin,Atacora,Violence against civilians,Attack,1,1,4595.0,Political violence,327.0,10.5177,1.52
2019-12-14,Western Africa,Benin,Atacora,Violence against civilians,Attack,2,3,13232.0,Political violence,327.0,10.5177,1.52
2020-05-02,Western Africa,Benin,Atacora,Violence against civilians,Attack,1,0,4679.0,Political violence,327.0,10.5177,1.52
2020-05-09,Western Africa,Benin,Atacora,Violence against civilians,Attack,1,0,1854.0,Political violence,327.0,10.5177,1.52
2020-09-26,Western Africa,Benin,Atacora,Violence against civilians,Attack,1,1,43126.0,Political violence,327.0,10.5177,1.52
2020-11-07,Western Africa,Benin,Atacora,Violence against civilians,Attack,1,1,43126.0,Political violence,327.0,10.5177,1.52
2021-02-06,Western Africa,Benin,Atacora,Violence against civilians,Attack,1,1,5201.0,Political violence,327.0,10.5177,1.52
2021-03-06,Western Africa,Benin,Atacora,Violence against civilians,Attack,1,1,8327.0,Political violence,327.0,10.5177,1.52
2021-04-10,Western Africa,Benin,Atacora,Violence against civilians,Attack,1,0,1321.0,Political violence,327.0,10.5177,1.52
2021-04-24,Western Africa,Benin,Atacora,Violence against civilians,Attack,2,8,13651.0,Political violence,327.0,10.5177,1.52
2021-11-20,Western Africa,Benin,Atacora,Violence against civilians,Attack,1,0,914.0,Political violence,327.0,10.5177,1.52
2022-02-26,Western Africa,Benin,Atacora,Violence against civilians,Attack,1,1,8265.0,Political violence,327.0,10.5177,1.52
2022-06-25,Western Africa,Benin,Atacora,Violence against civilians,Attack,1,2,3806.0,Political violence,327.0,10.5177,1.52
2022-07-02,Western Africa,Benin,Atacora,Violence against civilians,Attack,4,6,36175.0,Political violence,327.0,10.5177,1.52
2022-07-09,Western Africa,Benin,Atacora,Violence against civilians,Attack,3,9,48668.0,Political violence,327.0,10.5177,1.52
2022-07-16,Western Africa,Benin,Atacora,Violence against civilians,Attack,2,10,20503.0,Political violence,327.0,10.5177,1.52
2022-09-17,Western Africa,Benin,Atacora,Violence against civilians,Attack,1,1,20276.0,Political violence,327.0,10.5177,1.52
2022-10-08,Western Africa,Benin,Atacora,Violence against civilians,Attack,1,1,17218.0,Political violence,327.0,10.5177,1.52
2022-10-15,Western Africa,Benin,Atacora,Violence against civilians,Attack,1,1,1794.0,Political violence,327.0,10.5177,1.52
2022-11-26,Western Africa,Benin,Atacora,Violence against civilians,Attack,1,2,1110.0,Political violence,327.0,10.5177,1.52
2023-01-21,Western Africa,Benin,Atacora,Violence against civilians,Attack,1,1,46531.0,Political violence,327.0,10.5177,1.52
2023-03-04,Western Africa,Benin,Atacora,Violence against civilians,Attack,1,1,2652.0,Political violence,327.0,10.5177,1.52
2023-03-18,Western Africa,Benin,Atacora,Violence against civilians,Attack,1,1,30015.0,Political violence,327.0,10.5177,1.52
2023-03-25,Western Africa,Benin,Atacora,Violence against civilians,Attack,1,1,6455.0,Political violence,327.0,10.5177,1.52
2023-04-01,Western Africa,Benin,Atacora,Violence against civilians,Attack,1,4,4467.0,Political violence,327.0,10.5177,1.52
2023-04-29,Western Africa,Benin,Atacora,Violence against civilians,Attack,3,11,10295.0,Political violence,327.0,10.5177,1.52
2023-05-13,Western Africa,Benin,Atacora,Violence against civilians,Attack,1,1,1168.0,Political violence,327.0,10.5177,1.52
2023-05-20,Western Africa,Benin,Atacora,Violence against civilians,Attack,1,1,1168.0,Political violence,327.0,10.5177,1.52
2023-05-27,Western Africa,Benin,Atacora,Violence against civilians,Attack,2,3,31189.0,Political violence,327.0,10.5177,1.52
2023-06-10,Western Africa,Benin,Atacora,Violence against civilians,Attack,2,0,15442.0,Political violence,327.0,10.5177,1.52
2023-07-01,Western Africa,Benin,Atacora,Violence against civilians,Attack,1,3,9441.0,Political violence,327.0,10.5177,1.52
2023-07-15,Western Africa,Benin,Atacora,Violence against civilians,Attack,1,2,1168.0,Political violence,327.0,10.5177,1.52
2023-07-22,Western Africa,Benin,Atacora,Violence against civilians,Attack,1,2,20761.0,Political violence,327.0,10.5177,1.52
2023-07-29,Western Africa,Benin,Atacora,Violence against civilians,Attack,1,1,1168.0,Political violence,327.0,10.5177,1.52
2023-09-09,Western Africa,Benin,Atacora,Violence against civilians,Attack,1,1,9753.0,Political violence,327.0,10.5177,1.52
2023-09-23,Western Africa,Benin,Atacora,Violence against civilians,Attack,1,1,14159.0,Political violence,327.0,10.5177,1.52
2023-10-14,Western Africa,Benin,Atacora,Violence against civilians,Attack,1,2,4194.0,Political violence,327.0,10.5177,1.52
2023-10-28,Western Africa,Benin,Atacora,Violence against civilians,Attack,1,0,35167.0,Political violence,327.0,10.5177,1.52
2023-11-18,Western Africa,Benin,Atacora,Violence against civilians,Attack,1,1,43846.0,Political violence,327.0,10.5177,1.52
2023-12-09,Western Africa,Benin,Atacora,Violence against civilians,Attack,3,3,57903.0,Political violence,327.0,10.5177,1.52
2023-12-23,Western Africa,Benin,Atacora,Violence against civilians,Attack,1,0,26518.0,Political violence,327.0,10.5177,1.52
2023-12-30,Western Africa,Benin,Atacora,Violence against civilians,Attack,1,1,32743.0,Political violence,327.0,10.5177,1.52
2024-01-06,Western Africa,Benin,Atacora,Violence against civilians,Attack,1,0,14786.0,Political violence,327.0,10.5177,1.52
2024-01-20,Western Africa,Benin,Atacora,Violence against civilians,Attack,1,0,23708.0,Political violence,327.0,10.5177,1.52
2024-02-17,Western Africa,Benin,Atacora,Violence against civilians,Attack,1,0,8682.0,Political violence,327.0,10.5177,1.52
2024-02-24,Western Africa,Benin,Atacora,Violence against civilians,Attack,1,0,8682.0,Political violence,327.0,10.5177,1.52
2024-03-02,Western Africa,Benin,Atacora,Violence against civilians,Attack,2,2,10191.0,Political violence,327.0,10.5177,1.52
2024-03-30,Western Africa,Benin,Atacora,Violence against civilians,Attack,1,1,47683.0,Political violence,327.0,10.5177,1.52
2024-04-06,Western Africa,Benin,Atacora,Violence against civilians,Attack,1,0,35966.0,Political violence,327.0,10.5177,1.52
2024-04-27,Western Africa,Benin,Atacora,Violence against civilians,Attack,2,1,32962.0,Political violence,327.0,10.5177,1.52
2024-05-04,Western Africa,Benin,Atacora,Violence against civilians,Attack,2,2,5868.0,Political violence,327.0,10.5177,1.52
2024-05-11,Western Africa,Benin,Atacora,Violence against civilians,Attack,1,1,2205.0,Political violence,327.0,10.5177,1.52
2024-05-18,Western Africa,Benin,Atacora,Violence against civilians,Attack,1,1,18.0,Political violence,327.0,10.5177,1.52
2024-05-25,Western Africa,Benin,Atacora,Violence against civilians,Attack,1,1,47683.0,Political violence,327.0,10.5177,1.52
2024-06-15,Western Africa,Benin,Atacora,Violence against civilians,Attack,1,1,862.0,Political violence,327.0,10.5177,1.52
2024-06-29,Western Africa,Benin,Atacora,Violence against civilians,Attack,1,0,82.0,Political violence,327.0,10.5177,1.52
2024-07-13,Western Africa,Benin,Atacora,Violence against civilians,Attack,1,2,21445.0,Political violence,327.0,10.5177,1.52
2024-07-20,Western Africa,Benin,Atacora,Violence against civilians,Attack,2,2,3386.0,Political violence,327.0,10.5177,1.52
2024-08-24,Western Africa,Benin,Atacora,Violence against civilians,Attack,1,0,1812.0,Political violence,327.0,10.5177,1.52
2024-09-21,Western Africa,Benin,Atacora,Violence against civilians,Attack,1,0,6128.0,Political violence,327.0,10.5177,1.52
2024-09-28,Western Africa,Benin,Atacora,Violence against civilians,Attack,1,1,3386.0,Political violence,327.0,10.5177,1.52
2024-11-09,Western Africa,Benin,Atacora,Violence against civilians,Attack,1,2,3988.0,Political violence,327.0,10.5177,1.52
2024-11-23,Western Africa,Benin,Atacora,Violence against civilians,Attack,1,0,767.0,Political violence,327.0,10.5177,1.52
2024-12-14,Western Africa,Benin,Atacora,Violence against civilians,Attack,1,2,309.0,Political violence,327.0,10.5177,1.52
2024-12-21,Western Africa,Benin,Atacora,Violence against civilians,Attack,1,1,47328.0,Political violence,327.0,10.5177,1.52
2024-12-28,Western Africa,Benin,Atacora,Violence against civilians,Attack,1,1,2751.0,Political violence,327.0,10.5177,1.52
2025-01-04,Western Africa,Benin,Atacora,Violence against civilians,Attack,1,0,1457.0,Political violence,327.0,10.5177,1.52
2025-02-01,Western Africa,Benin,Atacora,Violence against civilians,Attack,1,2,2710.0,Political violence,327.0,10.5177,1.52
2025-03-01,Western Africa,Benin,Atacora,Violence against civilians,Attack,3,5,46263.0,Political violence,327.0,10.5177,1.52
2025-04-05,Western Africa,Benin,Atacora,Violence against civilians,Attack,1,1,106431.0,Political violence,327.0,10.5177,1.52
2025-04-26,Western Africa,Benin,Atacora,Violence against civilians,Attack,3,1,17986.0,Political violence,327.0,10.5177,1.52
2025-05-10,Western Africa,Benin,Atacora,Violence against civilians,Attack,2,1,2187.0,Political violence,327.0,10.5177,1.52
2025-05-17,Western Africa,Benin,Atacora,Violence against civilians,Attack,2,2,125735.0,Political violence,327.0,10.5177,1.52
2025-05-24,Western Africa,Benin,Atacora,Violence against civilians,Attack,1,0,1659.0,Political violence,327.0,10.5177,1.52
2026-02-07,Western Africa,Benin,Atacora,Violence against civilians,Attack,1,3,3683.0,Political violence,327.0,10.5177,1.52
2025-03-29,Western Africa,Benin,Atacora,Violence against civilians,Sexual violence,1,0,14852.0,Political violence,327.0,10.5177,1.52
2020-09-12,Western Africa,Benin,Atlantique,Battles,Armed clash,1,0,170286.0,Political violence,328.0,6.6135,2.2186
2012-08-11,Western Africa,Benin,Atlantique,Protests,Peaceful protest,1,0,,Demonstrations,328.0,6.6135,2.2186
2020-06-27,Western Africa,Benin,Atlantique,Protests,Peaceful protest,1,0,52177.0,Demonstrations,328.0,6.6135,2.2186
2020-10-31,Western Africa,Benin,Atlantique,Protests,Peaceful protest,1,0,52177.0,Demonstrations,328.0,6.6135,2.2186
2024-09-28,Western Africa,Benin,Atlantique,Protests,Peaceful protest,1,0,57741.0,Demonstrations,328.0,6.6135,2.2186
2024-10-12,Western Africa,Benin,Atlantique,Protests,Peaceful protest,1,0,57741.0,Demonstrations,328.0,6.6135,2.2186
2024-11-30,Western Africa,Benin,Atlantique,Protests,Peaceful protest,1,0,11812.0,Demonstrations,328.0,6.6135,2.2186
2018-01-13,Western Africa,Benin,Atlantique,Protests,Protest with intervention,1,0,43.0,Demonstrations,328.0,6.6135,2.2186
2019-02-23,Western Africa,Benin,Atlantique,Protests,Protest with intervention,2,0,24577.0,Demonstrations,328.0,6.6135,2.2186
2020-12-19,Western Africa,Benin,Atlantique,Protests,Protest with intervention,1,0,52177.0,Demonstrations,328.0,6.6135,2.2186
2021-04-03,Western Africa,Benin,Atlantique,Protests,Protest with intervention,1,0,53544.0,Demonstrations,328.0,6.6135,2.2186
2020-06-13,Western Africa,Benin,Atlantique,Riots,Mob violence,1,0,144146.0,Political violence,328.0,6.6135,2.2186
2020-07-11,Western Africa,Benin,Atlantique,Riots,Mob violence,1,0,21024.0,Political violence,328.0,6.6135,2.2186
2021-01-09,Western Africa,Benin,Atlantique,Riots,Mob violence,1,1,147933.0,Political violence,328.0,6.6135,2.2186
2021-09-04,Western Africa,Benin,Atlantique,Riots,Mob violence,1,0,147933.0,Political violence,328.0,6.6135,2.2186
2021-10-02,Western Africa,Benin,Atlantique,Riots,Mob violence,1,1,147933.0,Political violence,328.0,6.6135,2.2186
2021-12-11,Western Africa,Benin,Atlantique,Riots,Mob violence,1,0,147933.0,Political violence,328.0,6.6135,2.2186
2022-01-29,Western Africa,Benin,Atlantique,Riots,Mob violence,1,0,97470.0,Political violence,328.0,6.6135,2.2186
2022-03-26,Western Africa,Benin,Atlantique,Riots,Mob violence,1,1,6103.0,Political violence,328.0,6.6135,2.2186
2022-09-17,Western Africa,Benin,Atlantique,Riots,Mob violence,2,4,9285.0,Political violence,328.0,6.6135,2.2186
2022-10-08,Western Africa,Benin,Atlantique,Riots,Mob violence,1,1,44627.0,Political violence,328.0,6.6135,2.2186
2022-11-12,Western Africa,Benin,Atlantique,Riots,Mob violence,1,1,5784.0,Political violence,328.0,6.6135,2.2186
2022-11-26,Western Africa,Benin,Atlantique,Riots,Mob violence,1,0,151911.0,Political violence,328.0,6.6135,2.2186
2022-12-03,Western Africa,Benin,Atlantique,Riots,Mob violence,1,1,151911.0,Political violence,328.0,6.6135,2.2186
2023-02-04,Western Africa,Benin,Atlantique,Riots,Mob violence,1,0,155822.0,Political violence,328.0,6.6135,2.2186
2023-02-11,Western Africa,Benin,Atlantique,Riots,Mob violence,1,1,155822.0,Political violence,328.0,6.6135,2.2186
2023-08-19,Western Africa,Benin,Atlantique,Riots,Mob violence,1,1,155822.0,Political violence,328.0,6.6135,2.2186
2024-02-10,Western Africa,Benin,Atlantique,Riots,Mob violence,1,0,6082.0,Political violence,328.0,6.6135,2.2186
2024-02-17,Western Africa,Benin,Atlantique,Riots,Mob violence,1,1,159737.0,Political violence,328.0,6.6135,2.2186
2024-04-06,Western Africa,Benin,Atlantique,Riots,Mob violence,1,0,159737.0,Political violence,328.0,6.6135,2.2186
2024-04-20,Western Africa,Benin,Atlantique,Riots,Mob violence,1,0,159737.0,Political violence,328.0,6.6135,2.2186
2024-07-27,Western Africa,Benin,Atlantique,Riots,Mob violence,1,0,159737.0,Political violence,328.0,6.6135,2.2186
2024-12-28,Western Africa,Benin,Atlantique,Riots,Mob violence,1,0,48299.0,Political violence,328.0,6.6135,2.2186
2025-01-11,Western Africa,Benin,Atlantique,Riots,Mob violence,1,1,49318.0,Political violence,328.0,6.6135,2.2186
2025-02-01,Western Africa,Benin,Atlantique,Riots,Mob violence,1,0,163560.0,Political violence,328.0,6.6135,2.2186
2025-02-15,Western Africa,Benin,Atlantique,Riots,Mob violence,1,0,163560.0,Political violence,328.0,6.6135,2.2186
2025-09-06,Western Africa,Benin,Atlantique,Riots,Mob violence,1,0,181361.0,Political violence,328.0,6.6135,2.2186
2025-09-13,Western Africa,Benin,Atlantique,Riots,Mob violence,1,0,1363.0,Political violence,328.0,6.6135,2.2186
2020-03-21,Western Africa,Benin,Atlantique,Riots,Violent demonstration,1,1,144146.0,Demonstrations,328.0,6.6135,2.2186
2025-07-12,Western Africa,Benin,Atlantique,Riots,Violent demonstration,1,1,163560.0,Demonstrations,328.0,6.6135,2.2186
2026-03-14,Western Africa,Benin,Atlantique,Strategic developments,Agreement,1,0,,Strategic developments,328.0,6.6135,2.2186
2024-08-24,Western Africa,Benin,Atlantique,Strategic developments,Arrests,1,0,,Strategic developments,328.0,6.6135,2.2186
2024-11-09,Western Africa,Benin,Atlantique,Strategic developments,Arrests,1,0,,Strategic developments,328.0,6.6135,2.2186
2020-11-07,Western Africa,Benin,Atlantique,Strategic developments,Looting/property destruction,1,0,,Strategic developments,328.0,6.6135,2.2186
2023-05-27,Western Africa,Benin,Atlantique,Violence against civilians,Abduction/forced disappearance,1,0,155822.0,Political violence,328.0,6.6135,2.2186
2001-01-13,Western Africa,Benin,Atlantique,Violence against civilians,Attack,1,0,,Political violence,328.0,6.6135,2.2186
2007-05-12,Western Africa,Benin,Atlantique,Violence against civilians,Attack,2,2,,Political violence,328.0,6.6135,2.2186
2020-01-18,Western Africa,Benin,Atlantique,Violence against civilians,Attack,1,1,421986.0,Political violence,328.0,6.6135,2.2186
2021-01-30,Western Africa,Benin,Atlantique,Violence against civilians,Attack,1,0,11968.0,Political violence,328.0,6.6135,2.2186
2022-01-29,Western Africa,Benin,Atlantique,Violence against civilians,Attack,1,0,4503.0,Political violence,328.0,6.6135,2.2186
2023-07-01,Western Africa,Benin,Atlantique,Violence against civilians,Attack,1,0,3305.0,Political violence,328.0,6.6135,2.2186
2023-09-02,Western Africa,Benin,Atlantique,Violence against civilians,Attack,1,1,365485.0,Political violence,328.0,6.6135,2.2186
2024-03-02,Western Africa,Benin,Atlantique,Violence against civilians,Attack,1,1,13970.0,Political violence,328.0,6.6135,2.2186
2025-12-06,Western Africa,Benin,Atlantique,Violence against civilians,Attack,1,1,378591.0,Political violence,328.0,6.6135,2.2186
2022-01-29,Western Africa,Benin,Atlantique,Violence against civilians,Sexual violence,1,0,55450.0,Political violence,328.0,6.6135,2.2186
2019-06-08,Western Africa,Benin,Borgou,Battles,Armed clash,1,0,32211.0,Political violence,329.0,9.7104,2.7396
2020-04-25,Western Africa,Benin,Borgou,Battles,Armed clash,1,0,9650.0,Political violence,329.0,9.7104,2.7396
2020-05-30,Western Africa,Benin,Borgou,Battles,Armed clash,1,1,3582.0,Political violence,329.0,9.7104,2.7396
2020-06-27,Western Africa,Benin,Borgou,Battles,Armed clash,2,1,12112.0,Political violence,329.0,9.7104,2.7396
2020-07-18,Western Africa,Benin,Borgou,Battles,Armed clash,1,1,18340.0,Political violence,329.0,9.7104,2.7396
2020-08-01,Western Africa,Benin,Borgou,Battles,Armed clash,1,2,6248.0,Political violence,329.0,9.7104,2.7396
2020-08-15,Western Africa,Benin,Borgou,Battles,Armed clash,1,0,6566.0,Political violence,329.0,9.7104,2.7396
2020-09-05,Western Africa,Benin,Borgou,Battles,Armed clash,1,0,9297.0,Political violence,329.0,9.7104,2.7396
2021-04-03,Western Africa,Benin,Borgou,Battles,Armed clash,1,2,33947.0,Political violence,329.0,9.7104,2.7396
2021-04-24,Western Africa,Benin,Borgou,Battles,Armed clash,1,5,3462.0,Political violence,329.0,9.7104,2.7396
2022-05-21,Western Africa,Benin,Borgou,Battles,Armed clash,1,1,10092.0,Political violence,329.0,9.7104,2.7396
2022-10-29,Western Africa,Benin,Borgou,Battles,Armed clash,1,1,11037.0,Political violence,329.0,9.7104,2.7396
2022-11-19,Western Africa,Benin,Borgou,Battles,Armed clash,1,0,11037.0,Political violence,329.0,9.7104,2.7396
2022-11-26,Western Africa,Benin,Borgou,Battles,Armed clash,1,0,11037.0,Political violence,329.0,9.7104,2.7396
2023-04-15,Western Africa,Benin,Borgou,Battles,Armed clash,1,0,11332.0,Political violence,329.0,9.7104,2.7396
2023-05-20,Western Africa,Benin,Borgou,Battles,Armed clash,1,0,11332.0,Political violence,329.0,9.7104,2.7396
2023-05-27,Western Africa,Benin,Borgou,Battles,Armed clash,1,2,3109.0,Political violence,329.0,9.7104,2.7396
2024-04-13,Western Africa,Benin,Borgou,Battles,Armed clash,1,1,380018.0,Political violence,329.0,9.7104,2.7396
2025-06-07,Western Africa,Benin,Borgou,Battles,Armed clash,1,1,3329.0,Political violence,329.0,9.7104,2.7396
2025-09-06,Western Africa,Benin,Borgou,Battles,Armed clash,1,3,12292.0,Political violence,329.0,9.7104,2.7396
2025-10-04,Western Africa,Benin,Borgou,Battles,Armed clash,2,2,6923.0,Political violence,329.0,9.7104,2.7396
2012-08-11,Western Africa,Benin,Borgou,Protests,Peaceful protest,1,0,,Demonstrations,329.0,9.7104,2.7396
2019-09-21,Western Africa,Benin,Borgou,Protests,Peaceful protest,1,0,43936.0,Demonstrations,329.0,9.7104,2.7396
2019-12-14,Western Africa,Benin,Borgou,Protests,Peaceful protest,1,0,43936.0,Demonstrations,329.0,9.7104,2.7396
2020-04-18,Western Africa,Benin,Borgou,Protests,Peaceful protest,1,0,5726.0,Demonstrations,329.0,9.7104,2.7396
2020-10-17,Western Africa,Benin,Borgou,Protests,Peaceful protest,1,0,44966.0,Demonstrations,329.0,9.7104,2.7396
2020-10-31,Western Africa,Benin,Borgou,Protests,Peaceful protest,1,0,44966.0,Demonstrations,329.0,9.7104,2.7396
2020-12-05,Western Africa,Benin,Borgou,Protests,Peaceful protest,3,0,47188.0,Demonstrations,329.0,9.7104,2.7396
2024-03-30,Western Africa,Benin,Borgou,Protests,Peaceful protest,1,0,48839.0,Demonstrations,329.0,9.7104,2.7396
2024-08-24,Western Africa,Benin,Borgou,Protests,Peaceful protest,1,0,21968.0,Demonstrations,329.0,9.7104,2.7396
2024-12-07,Western Africa,Benin,Borgou,Protests,Peaceful protest,1,0,48839.0,Demonstrations,329.0,9.7104,2.7396
2025-09-06,Western Africa,Benin,Borgou,Protests,Peaceful protest,1,0,49786.0,Demonstrations,329.0,9.7104,2.7396
2025-12-06,Western Africa,Benin,Borgou,Protests,Peaceful protest,4,0,95080.0,Demonstrations,329.0,9.7104,2.7396
2012-08-11,Western Africa,Benin,Borgou,Protests,Protest with intervention,1,0,,Demonstrations,329.0,9.7104,2.7396
2012-09-15,Western Africa,Benin,Borgou,Protests,Protest with intervention,1,0,,Demonstrations,329.0,9.7104,2.7396
2019-08-24,Western Africa,Benin,Borgou,Protests,Protest with intervention,1,0,43936.0,Demonstrations,329.0,9.7104,2.7396
2020-04-04,Western Africa,Benin,Borgou,Protests,Protest with intervention,1,0,3513.0,Demonstrations,329.0,9.7104,2.7396
2022-07-16,Western Africa,Benin,Borgou,Protests,Protest with intervention,1,0,4440.0,Demonstrations,329.0,9.7104,2.7396
2023-06-24,Western Africa,Benin,Borgou,Protests,Protest with intervention,1,0,47868.0,Demonstrations,329.0,9.7104,2.7396
2023-09-16,Western Africa,Benin,Borgou,Protests,Protest with intervention,1,0,47868.0,Demonstrations,329.0,9.7104,2.7396
2024-04-27,Western Africa,Benin,Borgou,Protests,Protest with intervention,1,0,48839.0,Demonstrations,329.0,9.7104,2.7396
2025-01-11,Western Africa,Benin,Borgou,Protests,Protest with intervention,1,0,49786.0,Demonstrations,329.0,9.7104,2.7396
2018-12-08,Western Africa,Benin,Borgou,Riots,Mob violence,1,0,4182.0,Political violence,329.0,9.7104,2.7396
2019-04-27,Western Africa,Benin,Borgou,Riots,Mob violence,1,1,128976.0,Political violence,329.0,9.7104,2.7396
2019-09-07,Western Africa,Benin,Borgou,Riots,Mob violence,1,0,128976.0,Political violence,329.0,9.7104,2.7396
2020-03-21,Western Africa,Benin,Borgou,Riots,Mob violence,2,0,133674.0,Political violence,329.0,9.7104,2.7396
2020-03-28,Western Africa,Benin,Borgou,Riots,Mob violence,1,0,132161.0,Political violence,329.0,9.7104,2.7396
2020-04-11,Western Africa,Benin,Borgou,Riots,Mob violence,2,0,47690.0,Political violence,329.0,9.7104,2.7396
2020-05-16,Western Africa,Benin,Borgou,Riots,Mob violence,2,0,2674.0,Political violence,329.0,9.7104,2.7396
2020-05-30,Western Africa,Benin,Borgou,Riots,Mob violence,1,0,5347.0,Political violence,329.0,9.7104,2.7396
2020-06-06,Western Africa,Benin,Borgou,Riots,Mob violence,2,1,3334.0,Political violence,329.0,9.7104,2.7396
2020-06-13,Western Africa,Benin,Borgou,Riots,Mob violence,1,0,132161.0,Political violence,329.0,9.7104,2.7396
2020-06-20,Western Africa,Benin,Borgou,Riots,Mob violence,1,0,11096.0,Political violence,329.0,9.7104,2.7396
2020-06-27,Western Africa,Benin,Borgou,Riots,Mob violence,1,1,522.0,Political violence,329.0,9.7104,2.7396
2020-07-04,Western Africa,Benin,Borgou,Riots,Mob violence,1,1,3409.0,Political violence,329.0,9.7104,2.7396
2020-07-11,Western Africa,Benin,Borgou,Riots,Mob violence,1,0,4518.0,Political violence,329.0,9.7104,2.7396
2020-08-22,Western Africa,Benin,Borgou,Riots,Mob violence,2,0,15570.0,Political violence,329.0,9.7104,2.7396
2020-08-29,Western Africa,Benin,Borgou,Riots,Mob violence,3,0,143785.0,Political violence,329.0,9.7104,2.7396
2020-09-12,Western Africa,Benin,Borgou,Riots,Mob violence,1,0,2301.0,Political violence,329.0,9.7104,2.7396
2020-09-19,Western Africa,Benin,Borgou,Riots,Mob violence,2,0,13962.0,Political violence,329.0,9.7104,2.7396
2020-10-03,Western Africa,Benin,Borgou,Riots,Mob violence,2,0,9866.0,Political violence,329.0,9.7104,2.7396
2020-10-10,Western Africa,Benin,Borgou,Riots,Mob violence,2,1,137115.0,Political violence,329.0,9.7104,2.7396
2020-12-05,Western Africa,Benin,Borgou,Riots,Mob violence,1,0,12998.0,Political violence,329.0,9.7104,2.7396
2020-12-12,Western Africa,Benin,Borgou,Riots,Mob violence,1,0,132161.0,Political violence,329.0,9.7104,2.7396
2020-12-19,Western Africa,Benin,Borgou,Riots,Mob violence,1,0,7594.0,Political violence,329.0,9.7104,2.7396
2021-02-13,Western Africa,Benin,Borgou,Riots,Mob violence,1,0,135215.0,Political violence,329.0,9.7104,2.7396
2021-03-06,Western Africa,Benin,Borgou,Riots,Mob violence,2,2,15708.0,Political violence,329.0,9.7104,2.7396
2021-03-27,Western Africa,Benin,Borgou,Riots,Mob violence,1,0,28694.0,Political violence,329.0,9.7104,2.7396
2021-05-01,Western Africa,Benin,Borgou,Riots,Mob violence,3,2,135215.0,Political violence,329.0,9.7104,2.7396
2021-06-12,Western Africa,Benin,Borgou,Riots,Mob violence,1,0,3494.0,Political violence,329.0,9.7104,2.7396
2021-06-19,Western Africa,Benin,Borgou,Riots,Mob violence,1,0,135215.0,Political violence,329.0,9.7104,2.7396
2021-07-03,Western Africa,Benin,Borgou,Riots,Mob violence,1,0,135215.0,Political violence,329.0,9.7104,2.7396
2021-07-17,Western Africa,Benin,Borgou,Riots,Mob violence,2,0,31088.0,Political violence,329.0,9.7104,2.7396
2021-09-11,Western Africa,Benin,Borgou,Riots,Mob violence,1,1,135215.0,Political violence,329.0,9.7104,2.7396
2021-10-02,Western Africa,Benin,Borgou,Riots,Mob violence,1,0,14666.0,Political violence,329.0,9.7104,2.7396
2021-10-09,Western Africa,Benin,Borgou,Riots,Mob violence,1,0,1942.0,Political violence,329.0,9.7104,2.7396
2021-10-16,Western Africa,Benin,Borgou,Riots,Mob violence,2,2,136078.0,Political violence,329.0,9.7104,2.7396
2022-04-23,Western Africa,Benin,Borgou,Riots,Mob violence,1,0,138205.0,Political violence,329.0,9.7104,2.7396
2022-04-30,Western Africa,Benin,Borgou,Riots,Mob violence,1,0,8047.0,Political violence,329.0,9.7104,2.7396
2022-05-28,Western Africa,Benin,Borgou,Riots,Mob violence,1,2,2363.0,Political violence,329.0,9.7104,2.7396
2022-06-18,Western Africa,Benin,Borgou,Riots,Mob violence,1,0,34075.0,Political violence,329.0,9.7104,2.7396
2022-08-06,Western Africa,Benin,Borgou,Riots,Mob violence,1,0,5255.0,Political violence,329.0,9.7104,2.7396
2022-08-27,Western Africa,Benin,Borgou,Riots,Mob violence,1,0,138205.0,Political violence,329.0,9.7104,2.7396
2022-09-17,Western Africa,Benin,Borgou,Riots,Mob violence,1,0,589.0,Political violence,329.0,9.7104,2.7396
2022-10-08,Western Africa,Benin,Borgou,Riots,Mob violence,2,1,139675.0,Political violence,329.0,9.7104,2.7396
2022-10-29,Western Africa,Benin,Borgou,Riots,Mob violence,1,0,138205.0,Political violence,329.0,9.7104,2.7396
2022-11-12,Western Africa,Benin,Borgou,Riots,Mob violence,1,1,4718.0,Political violence,329.0,9.7104,2.7396
2023-02-25,Western Africa,Benin,Borgou,Riots,Mob violence,1,0,141252.0,Political violence,329.0,9.7104,2.7396
2023-06-10,Western Africa,Benin,Borgou,Riots,Mob violence,1,0,331.0,Political violence,329.0,9.7104,2.7396
2023-07-08,Western Africa,Benin,Borgou,Riots,Mob violence,1,0,8266.0,Political violence,329.0,9.7104,2.7396
2023-08-12,Western Africa,Benin,Borgou,Riots,Mob violence,1,0,94919.0,Political violence,329.0,9.7104,2.7396
2023-09-02,Western Africa,Benin,Borgou,Riots,Mob violence,1,0,1248.0,Political violence,329.0,9.7104,2.7396
2023-09-23,Western Africa,Benin,Borgou,Riots,Mob violence,1,0,8266.0,Political violence,329.0,9.7104,2.7396
2023-10-14,Western Africa,Benin,Borgou,Riots,Mob violence,1,0,141252.0,Political violence,329.0,9.7104,2.7396
2023-10-28,Western Africa,Benin,Borgou,Riots,Mob violence,1,0,141252.0,Political violence,329.0,9.7104,2.7396
2023-11-25,Western Africa,Benin,Borgou,Riots,Mob violence,1,0,3428.0,Political violence,329.0,9.7104,2.7396
2024-01-06,Western Africa,Benin,Borgou,Riots,Mob violence,1,0,30976.0,Political violence,329.0,9.7104,2.7396
2024-01-13,Western Africa,Benin,Borgou,Riots,Mob violence,1,0,12816.0,Political violence,329.0,9.7104,2.7396
2024-01-27,Western Africa,Benin,Borgou,Riots,Mob violence,1,1,2917.0,Political violence,329.0,9.7104,2.7396
2024-03-09,Western Africa,Benin,Borgou,Riots,Mob violence,2,0,15438.0,Political violence,329.0,9.7104,2.7396
2024-03-30,Western Africa,Benin,Borgou,Riots,Mob violence,1,2,144305.0,Political violence,329.0,9.7104,2.7396
2024-04-06,Western Africa,Benin,Borgou,Riots,Mob violence,1,0,1277.0,Political violence,329.0,9.7104,2.7396
2024-08-31,Western Africa,Benin,Borgou,Riots,Mob violence,1,1,35944.0,Political violence,329.0,9.7104,2.7396
2025-01-11,Western Africa,Benin,Borgou,Riots,Mob violence,1,1,3697.0,Political violence,329.0,9.7104,2.7396
2025-02-22,Western Africa,Benin,Borgou,Riots,Mob violence,1,6,549.0,Political violence,329.0,9.7104,2.7396
2025-03-15,Western Africa,Benin,Borgou,Riots,Mob violence,1,2,8004.0,Political violence,329.0,9.7104,2.7396
2025-03-29,Western Africa,Benin,Borgou,Riots,Mob violence,2,1,2415.0,Political violence,329.0,9.7104,2.7396
2016-07-09,Western Africa,Benin,Borgou,Riots,Violent demonstration,1,0,118994.0,Demonstrations,329.0,9.7104,2.7396
2019-02-23,Western Africa,Benin,Borgou,Riots,Violent demonstration,1,0,27203.0,Demonstrations,329.0,9.7104,2.7396
2019-04-27,Western Africa,Benin,Borgou,Riots,Violent demonstration,2,0,27203.0,Demonstrations,329.0,9.7104,2.7396
2019-06-08,Western Africa,Benin,Borgou,Riots,Violent demonstration,4,0,27203.0,Demonstrations,329.0,9.7104,2.7396
2019-06-15,Western Africa,Benin,Borgou,Riots,Violent demonstration,1,2,27203.0,Demonstrations,329.0,9.7104,2.7396
2019-08-10,Western Africa,Benin,Borgou,Riots,Violent demonstration,1,3,22689.0,Demonstrations,329.0,9.7104,2.7396
2020-05-23,Western Africa,Benin,Borgou,Riots,Violent demonstration,1,0,132161.0,Demonstrations,329.0,9.7104,2.7396
2020-06-20,Western Africa,Benin,Borgou,Riots,Violent demonstration,1,0,15765.0,Demonstrations,329.0,9.7104,2.7396
2020-10-31,Western Africa,Benin,Borgou,Riots,Violent demonstration,1,0,32251.0,Demonstrations,329.0,9.7104,2.7396
2020-11-07,Western Africa,Benin,Borgou,Riots,Violent demonstration,1,0,27956.0,Demonstrations,329.0,9.7104,2.7396
2021-04-03,Western Africa,Benin,Borgou,Riots,Violent demonstration,8,0,201690.0,Demonstrations,329.0,9.7104,2.7396
2022-10-22,Western Africa,Benin,Borgou,Riots,Violent demonstration,1,0,1470.0,Demonstrations,329.0,9.7104,2.7396
2023-01-07,Western Africa,Benin,Borgou,Strategic developments,Arrests,1,0,,Strategic developments,329.0,9.7104,2.7396
2023-08-26,Western Africa,Benin,Borgou,Strategic developments,Arrests,1,0,,Strategic developments,329.0,9.7104,2.7396
2023-10-07,Western Africa,Benin,Borgou,Strategic developments,Arrests,1,0,,Strategic developments,329.0,9.7104,2.7396
2022-10-08,Western Africa,Benin,Borgou,Strategic developments,Change to group/activity,1,0,,Strategic developments,329.0,9.7104,2.7396
2022-11-12,Western Africa,Benin,Borgou,Strategic developments,Change to group/activity,1,0,,Strategic developments,329.0,9.7104,2.7396
2023-03-04,Western Africa,Benin,Borgou,Strategic developments,Change to group/activity,1,0,,Strategic developments,329.0,9.7104,2.7396
2023-06-17,Western Africa,Benin,Borgou,Strategic developments,Change to group/activity,1,0,,Strategic developments,329.0,9.7104,2.7396
2025-04-19,Western Africa,Benin,Borgou,Strategic developments,Change to group/activity,1,0,,Strategic developments,329.0,9.7104,2.7396
2025-05-17,Western Africa,Benin,Borgou,Strategic developments,Change to group/activity,1,0,,Strategic developments,329.0,9.7104,2.7396
2025-09-20,Western Africa,Benin,Borgou,Strategic developments,Disrupted weapons use,1,0,,Strategic developments,329.0,9.7104,2.7396
2023-01-21,Western Africa,Benin,Borgou,Strategic developments,Headquarters or base established,1,0,,Strategic developments,329.0,9.7104,2.7396
2024-10-19,Western Africa,Benin,Borgou,Strategic developments,Headquarters or base established,1,0,,Strategic developments,329.0,9.7104,2.7396
2019-04-27,Western Africa,Benin,Borgou,Strategic developments,Looting/property destruction,1,0,,Strategic developments,329.0,9.7104,2.7396
2020-02-29,Western Africa,Benin,Borgou,Strategic developments,Looting/property destruction,1,0,,Strategic developments,329.0,9.7104,2.7396
2020-10-31,Western Africa,Benin,Borgou,Strategic developments,Looting/property destruction,1,0,,Strategic developments,329.0,9.7104,2.7396
2020-11-14,Western Africa,Benin,Borgou,Strategic developments,Looting/property destruction,2,0,,Strategic developments,329.0,9.7104,2.7396
2021-06-05,Western Africa,Benin,Borgou,Strategic developments,Looting/property destruction,1,0,,Strategic developments,329.0,9.7104,2.7396
2021-07-03,Western Africa,Benin,Borgou,Strategic developments,Looting/property destruction,1,0,,Strategic developments,329.0,9.7104,2.7396
2021-09-11,Western Africa,Benin,Borgou,Strategic developments,Looting/property destruction,1,0,,Strategic developments,329.0,9.7104,2.7396
2021-11-27,Western Africa,Benin,Borgou,Strategic developments,Looting/property destruction,1,0,,Strategic developments,329.0,9.7104,2.7396
2021-12-18,Western Africa,Benin,Borgou,Strategic developments,Looting/property destruction,1,0,,Strategic developments,329.0,9.7104,2.7396
2022-02-12,Western Africa,Benin,Borgou,Strategic developments,Looting/property destruction,1,0,,Strategic developments,329.0,9.7104,2.7396
2022-07-09,Western Africa,Benin,Borgou,Strategic developments,Looting/property destruction,1,0,,Strategic developments,329.0,9.7104,2.7396
2022-08-06,Western Africa,Benin,Borgou,Strategic developments,Looting/property destruction,1,0,,Strategic developments,329.0,9.7104,2.7396
2022-08-27,Western Africa,Benin,Borgou,Strategic developments,Looting/property destruction,1,0,,Strategic developments,329.0,9.7104,2.7396
2023-07-01,Western Africa,Benin,Borgou,Strategic developments,Looting/property destruction,1,0,,Strategic developments,329.0,9.7104,2.7396
2023-12-23,Western Africa,Benin,Borgou,Strategic developments,Looting/property destruction,1,0,,Strategic developments,329.0,9.7104,2.7396
2024-02-10,Western Africa,Benin,Borgou,Strategic developments,Looting/property destruction,1,0,,Strategic developments,329.0,9.7104,2.7396
2024-05-04,Western Africa,Benin,Borgou,Strategic developments,Looting/property destruction,1,0,,Strategic developments,329.0,9.7104,2.7396
2024-05-11,Western Africa,Benin,Borgou,Strategic developments,Looting/property destruction,2,0,,Strategic developments,329.0,9.7104,2.7396
2024-06-01,Western Africa,Benin,Borgou,Strategic developments,Looting/property destruction,1,0,,Strategic developments,329.0,9.7104,2.7396
2024-11-02,Western Africa,Benin,Borgou,Strategic developments,Looting/property destruction,1,0,,Strategic developments,329.0,9.7104,2.7396
2024-11-16,Western Africa,Benin,Borgou,Strategic developments,Looting/property destruction,1,0,,Strategic developments,329.0,9.7104,2.7396
2025-05-10,Western Africa,Benin,Borgou,Strategic developments,Looting/property destruction,1,0,,Strategic developments,329.0,9.7104,2.7396
2025-04-19,Western Africa,Benin,Borgou,Strategic developments,Other,1,0,,Strategic developments,329.0,9.7104,2.7396
2025-04-26,Western Africa,Benin,Borgou,Strategic developments,Other,1,0,,Strategic developments,329.0,9.7104,2.7396
2025-05-03,Western Africa,Benin,Borgou,Strategic developments,Other,1,0,,Strategic developments,329.0,9.7104,2.7396
2025-05-24,Western Africa,Benin,Borgou,Strategic developments,Other,1,0,,Strategic developments,329.0,9.7104,2.7396
2020-05-16,Western Africa,Benin,Borgou,Violence against civilians,Abduction/forced disappearance,1,0,14288.0,Political violence,329.0,9.7104,2.7396
2020-12-26,Western Africa,Benin,Borgou,Violence against civilians,Abduction/forced disappearance,1,0,1623.0,Political violence,329.0,9.7104,2.7396
2021-04-10,Western Africa,Benin,Borgou,Violence against civilians,Abduction/forced disappearance,1,0,2394.0,Political violence,329.0,9.7104,2.7396
2022-01-15,Western Africa,Benin,Borgou,Violence against civilians,Abduction/forced disappearance,2,0,9046.0,Political violence,329.0,9.7104,2.7396
2022-06-25,Western Africa,Benin,Borgou,Violence against civilians,Abduction/forced disappearance,1,0,2424.0,Political violence,329.0,9.7104,2.7396
2022-07-16,Western Africa,Benin,Borgou,Violence against civilians,Abduction/forced disappearance,1,0,1362.0,Political violence,329.0,9.7104,2.7396
2022-12-17,Western Africa,Benin,Borgou,Violence against civilians,Abduction/forced disappearance,2,0,8047.0,Political violence,329.0,9.7104,2.7396
2023-04-29,Western Africa,Benin,Borgou,Violence against civilians,Abduction/forced disappearance,1,0,2300.0,Political violence,329.0,9.7104,2.7396
2023-06-10,Western Africa,Benin,Borgou,Violence against civilians,Abduction/forced disappearance,1,0,3521.0,Political violence,329.0,9.7104,2.7396
2023-07-01,Western Africa,Benin,Borgou,Violence against civilians,Abduction/forced disappearance,1,0,3521.0,Political violence,329.0,9.7104,2.7396
2023-09-23,Western Africa,Benin,Borgou,Violence against civilians,Abduction/forced disappearance,1,0,1248.0,Political violence,329.0,9.7104,2.7396
2023-10-28,Western Africa,Benin,Borgou,Violence against civilians,Abduction/forced disappearance,1,0,2300.0,Political violence,329.0,9.7104,2.7396
2025-04-12,Western Africa,Benin,Borgou,Violence against civilians,Abduction/forced disappearance,1,0,2423.0,Political violence,329.0,9.7104,2.7396
2025-05-10,Western Africa,Benin,Borgou,Violence against civilians,Abduction/forced disappearance,1,0,3697.0,Political violence,329.0,9.7104,2.7396
2020-04-11,Western Africa,Benin,Borgou,Violence against civilians,Attack,2,2,1808.0,Political violence,329.0,9.7104,2.7396
2020-04-18,Western Africa,Benin,Borgou,Violence against civilians,Attack,1,1,1493.0,Political violence,329.0,9.7104,2.7396
2020-05-02,Western Africa,Benin,Borgou,Violence against civilians,Attack,2,1,17953.0,Political violence,329.0,9.7104,2.7396
2020-05-23,Western Africa,Benin,Borgou,Violence against civilians,Attack,2,1,29195.0,Political violence,329.0,9.7104,2.7396
2020-05-30,Western Africa,Benin,Borgou,Violence against civilians,Attack,1,0,132161.0,Political violence,329.0,9.7104,2.7396
2020-06-06,Western Africa,Benin,Borgou,Violence against civilians,Attack,1,1,5153.0,Political violence,329.0,9.7104,2.7396
2020-06-20,Western Africa,Benin,Borgou,Violence against civilians,Attack,1,1,2142.0,Political violence,329.0,9.7104,2.7396
2020-06-27,Western Africa,Benin,Borgou,Violence against civilians,Attack,3,2,455079.0,Political violence,329.0,9.7104,2.7396
2020-07-11,Western Africa,Benin,Borgou,Violence against civilians,Attack,1,1,3716.0,Political violence,329.0,9.7104,2.7396
2020-07-18,Western Africa,Benin,Borgou,Violence against civilians,Attack,1,0,4641.0,Political violence,329.0,9.7104,2.7396
2020-08-22,Western Africa,Benin,Borgou,Violence against civilians,Attack,1,0,4518.0,Political violence,329.0,9.7104,2.7396
2020-08-29,Western Africa,Benin,Borgou,Violence against civilians,Attack,1,0,7065.0,Political violence,329.0,9.7104,2.7396
2020-09-19,Western Africa,Benin,Borgou,Violence against civilians,Attack,1,0,721.0,Political violence,329.0,9.7104,2.7396
2020-10-03,Western Africa,Benin,Borgou,Violence against civilians,Attack,2,1,53937.0,Political violence,329.0,9.7104,2.7396
2021-01-30,Western Africa,Benin,Borgou,Violence against civilians,Attack,1,1,3133.0,Political violence,329.0,9.7104,2.7396
2021-02-27,Western Africa,Benin,Borgou,Violence against civilians,Attack,1,1,463826.0,Political violence,329.0,9.7104,2.7396
2021-05-08,Western Africa,Benin,Borgou,Violence against civilians,Attack,3,2,40418.0,Political violence,329.0,9.7104,2.7396
2021-05-22,Western Africa,Benin,Borgou,Violence against civilians,Attack,1,0,2263.0,Political violence,329.0,9.7104,2.7396
2021-10-09,Western Africa,Benin,Borgou,Violence against civilians,Attack,1,1,3846.0,Political violence,329.0,9.7104,2.7396
2022-01-15,Western Africa,Benin,Borgou,Violence against civilians,Attack,1,1,11363.0,Political violence,329.0,9.7104,2.7396
2022-01-22,Western Africa,Benin,Borgou,Violence against civilians,Attack,1,0,1362.0,Political violence,329.0,9.7104,2.7396
2022-01-29,Western Africa,Benin,Borgou,Violence against civilians,Attack,1,0,29452.0,Political violence,329.0,9.7104,2.7396
2022-04-30,Western Africa,Benin,Borgou,Violence against civilians,Attack,1,3,6129.0,Political violence,329.0,9.7104,2.7396
2022-08-20,Western Africa,Benin,Borgou,Violence against civilians,Attack,1,2,34831.0,Political violence,329.0,9.7104,2.7396
2022-12-03,Western Africa,Benin,Borgou,Violence against civilians,Attack,1,1,485827.0,Political violence,329.0,9.7104,2.7396
2023-02-11,Western Africa,Benin,Borgou,Violence against civilians,Attack,1,1,23095.0,Political violence,329.0,9.7104,2.7396
2023-02-25,Western Africa,Benin,Borgou,Violence against civilians,Attack,2,2,7034.0,Political violence,329.0,9.7104,2.7396
2023-03-18,Western Africa,Benin,Borgou,Violence against civilians,Attack,1,2,3020.0,Political violence,329.0,9.7104,2.7396
2023-05-06,Western Africa,Benin,Borgou,Violence against civilians,Attack,1,0,25714.0,Political violence,329.0,9.7104,2.7396
2023-06-17,Western Africa,Benin,Borgou,Violence against civilians,Attack,1,0,8266.0,Political violence,329.0,9.7104,2.7396
2023-06-24,Western Africa,Benin,Borgou,Violence against civilians,Attack,1,1,36786.0,Political violence,329.0,9.7104,2.7396
2023-10-28,Western Africa,Benin,Borgou,Violence against civilians,Attack,1,1,11666.0,Political violence,329.0,9.7104,2.7396
2024-01-20,Western Africa,Benin,Borgou,Violence against civilians,Attack,1,0,2362.0,Political violence,329.0,9.7104,2.7396
2024-02-24,Western Africa,Benin,Borgou,Violence against civilians,Attack,2,2,381771.0,Political violence,329.0,9.7104,2.7396
2024-03-02,Western Africa,Benin,Borgou,Violence against civilians,Attack,1,1,12694.0,Political violence,329.0,9.7104,2.7396
2024-03-23,Western Africa,Benin,Borgou,Violence against civilians,Attack,2,2,13653.0,Political violence,329.0,9.7104,2.7396
2024-03-30,Western Africa,Benin,Borgou,Violence against civilians,Attack,1,0,8489.0,Political violence,329.0,9.7104,2.7396
2024-04-13,Western Africa,Benin,Borgou,Violence against civilians,Attack,1,1,380018.0,Political violence,329.0,9.7104,2.7396
2024-04-27,Western Africa,Benin,Borgou,Violence against civilians,Attack,1,1,5713.0,Political violence,329.0,9.7104,2.7396
2024-05-25,Western Africa,Benin,Borgou,Violence against civilians,Attack,1,2,3372.0,Political violence,329.0,9.7104,2.7396
2024-07-20,Western Africa,Benin,Borgou,Violence against civilians,Attack,1,0,,Political violence,329.0,9.7104,2.7396
2024-07-27,Western Africa,Benin,Borgou,Violence against civilians,Attack,1,1,2942.0,Political violence,329.0,9.7104,2.7396
2024-08-03,Western Africa,Benin,Borgou,Violence against civilians,Attack,1,0,616.0,Political violence,329.0,9.7104,2.7396
2024-10-05,Western Africa,Benin,Borgou,Violence against civilians,Attack,1,0,3241.0,Political violence,329.0,9.7104,2.7396
2024-11-09,Western Africa,Benin,Borgou,Violence against civilians,Attack,1,0,6163.0,Political violence,329.0,9.7104,2.7396
2024-11-16,Western Africa,Benin,Borgou,Violence against civilians,Attack,1,1,510895.0,Political violence,329.0,9.7104,2.7396
2024-12-07,Western Africa,Benin,Borgou,Violence against civilians,Attack,1,1,5932.0,Political violence,329.0,9.7104,2.7396
2025-03-08,Western Africa,Benin,Borgou,Violence against civilians,Attack,2,2,12983.0,Political violence,329.0,9.7104,2.7396
2025-05-17,Western Africa,Benin,Borgou,Violence against civilians,Attack,1,1,6743.0,Political violence,329.0,9.7104,2.7396
2025-06-07,Western Africa,Benin,Borgou,Violence against civilians,Attack,1,3,3847.0,Political violence,329.0,9.7104,2.7396
2025-07-19,Western Africa,Benin,Borgou,Violence against civilians,Attack,1,0,2150.0,Political violence,329.0,9.7104,2.7396
2019-01-05,Western Africa,Benin,Coast of Benin,Violence against civilians,Abduction/forced disappearance,1,0,,Political violence,4123.0,6.2375,2.1643
2021-05-29,Western Africa,Benin,Coast of Benin,Violence against civilians,Attack,1,0,,Political violence,4123.0,6.2375,2.1643
2019-05-25,Western Africa,Benin,Collines,Battles,Armed clash,1,1,8668.0,Political violence,330.0,7.9413,2.1656
2019-06-08,Western Africa,Benin,Collines,Battles,Armed clash,1,1,44748.0,Political violence,330.0,7.9413,2.1656
2019-08-03,Western Africa,Benin,Collines,Battles,Armed clash,1,1,30252.0,Political violence,330.0,7.9413,2.1656
2020-01-11,Western Africa,Benin,Collines,Battles,Armed clash,1,2,46136.0,Political violence,330.0,7.9413,2.1656
2020-05-09,Western Africa,Benin,Collines,Battles,Armed clash,1,1,10335.0,Political violence,330.0,7.9413,2.1656
2020-11-21,Western Africa,Benin,Collines,Battles,Armed clash,1,0,27303.0,Political violence,330.0,7.9413,2.1656
2021-04-03,Western Africa,Benin,Collines,Battles,Armed clash,2,1,35131.0,Political violence,330.0,7.9413,2.1656
2021-07-31,Western Africa,Benin,Collines,Battles,Armed clash,1,0,46918.0,Political violence,330.0,7.9413,2.1656
2022-01-29,Western Africa,Benin,Collines,Battles,Armed clash,1,9,11582.0,Political violence,330.0,7.9413,2.1656
2016-03-12,Western Africa,Benin,Collines,Protests,Excessive force against protesters,1,1,9786.0,Political violence; Demonstrations,330.0,7.9413,2.1656
2021-04-03,Western Africa,Benin,Collines,Protests,Excessive force against protesters,1,2,13471.0,Political violence; Demonstrations,330.0,7.9413,2.1656
2017-10-07,Western Africa,Benin,Collines,Protests,Peaceful protest,1,0,10102.0,Demonstrations,330.0,7.9413,2.1656
2018-02-17,Western Africa,Benin,Collines,Protests,Peaceful protest,1,0,12424.0,Demonstrations,330.0,7.9413,2.1656
2020-09-26,Western Africa,Benin,Collines,Protests,Peaceful protest,1,0,144.0,Demonstrations,330.0,7.9413,2.1656
2021-03-27,Western Africa,Benin,Collines,Protests,Peaceful protest,1,0,7007.0,Demonstrations,330.0,7.9413,2.1656
2021-04-03,Western Africa,Benin,Collines,Protests,Peaceful protest,3,0,30800.0,Demonstrations,330.0,7.9413,2.1656
2025-12-13,Western Africa,Benin,Collines,Protests,Peaceful protest,2,0,34540.0,Demonstrations,330.0,7.9413,2.1656
2026-04-25,Western Africa,Benin,Collines,Protests,Protest with intervention,1,0,,Demonstrations,330.0,7.9413,2.1656
2021-08-07,Western Africa,Benin,Collines,Riots,Mob violence,1,1,4508.0,Political violence,330.0,7.9413,2.1656
2022-01-22,Western Africa,Benin,Collines,Riots,Mob violence,1,0,3745.0,Political violence,330.0,7.9413,2.1656
2022-10-15,Western Africa,Benin,Collines,Riots,Mob violence,1,0,3075.0,Political violence,330.0,7.9413,2.1656
2023-01-21,Western Africa,Benin,Collines,Riots,Mob violence,1,3,4197.0,Political violence,330.0,7.9413,2.1656
2023-03-18,Western Africa,Benin,Collines,Riots,Mob violence,2,2,31632.0,Political violence,330.0,7.9413,2.1656
2023-09-09,Western Africa,Benin,Collines,Riots,Mob violence,1,1,151.0,Political violence,330.0,7.9413,2.1656
2024-03-23,Western Africa,Benin,Collines,Riots,Mob violence,1,0,27704.0,Political violence,330.0,7.9413,2.1656
2024-05-11,Western Africa,Benin,Collines,Riots,Mob violence,1,0,31564.0,Political violence,330.0,7.9413,2.1656
2025-03-01,Western Africa,Benin,Collines,Riots,Mob violence,3,0,935.0,Political violence,330.0,7.9413,2.1656
2025-07-12,Western Africa,Benin,Collines,Riots,Mob violence,1,2,155.0,Political violence,330.0,7.9413,2.1656
2025-08-02,Western Africa,Benin,Collines,Riots,Mob violence,1,1,11951.0,Political violence,330.0,7.9413,2.1656
2025-12-27,Western Africa,Benin,Collines,Riots,Mob violence,1,0,44617.0,Political violence,330.0,7.9413,2.1656
2019-02-23,Western Africa,Benin,Collines,Riots,Violent demonstration,1,1,9889.0,Demonstrations,330.0,7.9413,2.1656
2019-04-27,Western Africa,Benin,Collines,Riots,Violent demonstration,3,1,57015.0,Demonstrations,330.0,7.9413,2.1656
2019-07-13,Western Africa,Benin,Collines,Riots,Violent demonstration,1,0,36905.0,Demonstrations,330.0,7.9413,2.1656
2020-01-04,Western Africa,Benin,Collines,Riots,Violent demonstration,1,0,38023.0,Demonstrations,330.0,7.9413,2.1656
2020-01-11,Western Africa,Benin,Collines,Riots,Violent demonstration,1,0,38023.0,Demonstrations,330.0,7.9413,2.1656
2021-03-13,Western Africa,Benin,Collines,Riots,Violent demonstration,1,0,21316.0,Demonstrations,330.0,7.9413,2.1656
2021-04-03,Western Africa,Benin,Collines,Riots,Violent demonstration,7,2,82746.0,Demonstrations,330.0,7.9413,2.1656
2023-01-07,Western Africa,Benin,Collines,Strategic developments,Arrests,2,0,,Strategic developments,330.0,7.9413,2.1656
2025-03-22,Western Africa,Benin,Collines,Strategic developments,Other,1,0,,Strategic developments,330.0,7.9413,2.1656
2020-06-13,Western Africa,Benin,Collines,Violence against civilians,Abduction/forced disappearance,1,0,5416.0,Political violence,330.0,7.9413,2.1656
2020-09-05,Western Africa,Benin,Collines,Violence against civilians,Abduction/forced disappearance,1,0,7311.0,Political violence,330.0,7.9413,2.1656
2021-04-10,Western Africa,Benin,Collines,Violence against civilians,Abduction/forced disappearance,1,0,7594.0,Political violence,330.0,7.9413,2.1656
2021-05-15,Western Africa,Benin,Collines,Violence against civilians,Abduction/forced disappearance,1,0,1210.0,Political violence,330.0,7.9413,2.1656
2022-01-08,Western Africa,Benin,Collines,Violence against civilians,Abduction/forced disappearance,1,0,30395.0,Political violence,330.0,7.9413,2.1656
2022-10-29,Western Africa,Benin,Collines,Violence against civilians,Abduction/forced disappearance,1,0,2516.0,Political violence,330.0,7.9413,2.1656
2023-04-01,Western Africa,Benin,Collines,Violence against civilians,Abduction/forced disappearance,1,0,41289.0,Political violence,330.0,7.9413,2.1656
2001-08-11,Western Africa,Benin,Collines,Violence against civilians,Attack,1,2,,Political violence,330.0,7.9413,2.1656
2018-08-11,Western Africa,Benin,Collines,Violence against civilians,Attack,1,0,22416.0,Political violence,330.0,7.9413,2.1656
2019-06-01,Western Africa,Benin,Collines,Violence against civilians,Attack,1,4,8668.0,Political violence,330.0,7.9413,2.1656
2019-08-03,Western Africa,Benin,Collines,Violence against civilians,Attack,1,1,30252.0,Political violence,330.0,7.9413,2.1656
2019-10-19,Western Africa,Benin,Collines,Violence against civilians,Attack,1,1,2228.0,Political violence,330.0,7.9413,2.1656
2020-07-11,Western Africa,Benin,Collines,Violence against civilians,Attack,1,0,10160.0,Political violence,330.0,7.9413,2.1656
2021-01-30,Western Africa,Benin,Collines,Violence against civilians,Attack,1,5,1717.0,Political violence,330.0,7.9413,2.1656
2021-12-25,Western Africa,Benin,Collines,Violence against civilians,Attack,1,1,7041.0,Political violence,330.0,7.9413,2.1656
2022-03-19,Western Africa,Benin,Collines,Violence against civilians,Attack,3,6,6726.0,Political violence,330.0,7.9413,2.1656
2022-06-11,Western Africa,Benin,Collines,Violence against civilians,Attack,1,3,12395.0,Political violence,330.0,7.9413,2.1656
2023-03-11,Western Africa,Benin,Collines,Violence against civilians,Attack,1,3,735.0,Political violence,330.0,7.9413,2.1656
2025-08-02,Western Africa,Benin,Collines,Violence against civilians,Attack,1,1,3503.0,Political violence,330.0,7.9413,2.1656
2017-02-04,Western Africa,Benin,Couffo,Protests,Peaceful protest,1,0,1743.0,Demonstrations,331.0,7.1325,1.7567
2017-10-07,Western Africa,Benin,Couffo,Protests,Peaceful protest,1,0,1743.0,Demonstrations,331.0,7.1325,1.7567
2017-10-21,Western Africa,Benin,Couffo,Protests,Peaceful protest,1,0,1743.0,Demonstrations,331.0,7.1325,1.7567
2019-03-30,Western Africa,Benin,Couffo,Protests,Peaceful protest,5,0,58205.0,Demonstrations,331.0,7.1325,1.7567
2020-03-07,Western Africa,Benin,Couffo,Protests,Peaceful protest,2,0,1917.0,Demonstrations,331.0,7.1325,1.7567
2024-02-24,Western Africa,Benin,Couffo,Protests,Peaceful protest,1,0,21722.0,Demonstrations,331.0,7.1325,1.7567
2026-01-17,Western Africa,Benin,Couffo,Protests,Peaceful protest,1,0,1506.0,Demonstrations,331.0,7.1325,1.7567
2019-11-30,Western Africa,Benin,Couffo,Protests,Protest with intervention,1,0,16733.0,Demonstrations,331.0,7.1325,1.7567
2020-07-25,Western Africa,Benin,Couffo,Riots,Mob violence,1,1,16606.0,Political violence,331.0,7.1325,1.7567
2021-01-16,Western Africa,Benin,Couffo,Riots,Mob violence,1,1,53596.0,Political violence,331.0,7.1325,1.7567
2021-05-15,Western Africa,Benin,Couffo,Riots,Mob violence,2,1,32349.0,Political violence,331.0,7.1325,1.7567
2021-12-11,Western Africa,Benin,Couffo,Riots,Mob violence,1,1,1978.0,Political violence,331.0,7.1325,1.7567
2022-06-18,Western Africa,Benin,Couffo,Riots,Mob violence,1,1,1162.0,Political violence,331.0,7.1325,1.7567
2023-01-28,Western Africa,Benin,Couffo,Riots,Mob violence,1,1,8345.0,Political violence,331.0,7.1325,1.7567
2024-03-02,Western Africa,Benin,Couffo,Riots,Mob violence,1,1,7165.0,Political violence,331.0,7.1325,1.7567
2024-05-25,Western Africa,Benin,Couffo,Riots,Mob violence,1,1,12111.0,Political violence,331.0,7.1325,1.7567
2025-01-11,Western Africa,Benin,Couffo,Riots,Mob violence,1,0,9142.0,Political violence,331.0,7.1325,1.7567
2025-03-29,Western Africa,Benin,Couffo,Riots,Mob violence,1,0,1698.0,Political violence,331.0,7.1325,1.7567
2025-04-05,Western Africa,Benin,Couffo,Riots,Violent demonstration,1,1,375.0,Demonstrations,331.0,7.1325,1.7567
2026-01-24,Western Africa,Benin,Couffo,Riots,Violent demonstration,1,0,6499.0,Demonstrations,331.0,7.1325,1.7567
2025-05-10,Western Africa,Benin,Couffo,Strategic developments,Looting/property destruction,1,0,,Strategic developments,331.0,7.1325,1.7567
2020-02-29,Western Africa,Benin,Couffo,Violence against civilians,Attack,1,0,30446.0,Political violence,331.0,7.1325,1.7567
2023-01-28,Western Africa,Benin,Couffo,Violence against civilians,Attack,1,0,6034.0,Political violence,331.0,7.1325,1.7567
2024-11-23,Western Africa,Benin,Couffo,Violence against civilians,Attack,1,1,114284.0,Political violence,331.0,7.1325,1.7567
2025-11-08,Western Africa,Benin,Couffo,Violence against civilians,Attack,1,1,6405.0,Political violence,331.0,7.1325,1.7567
2018-07-14,Western Africa,Benin,Donga,Battles,Armed clash,1,4,7849.0,Political violence,332.0,9.2644,1.7188
2020-06-20,Western Africa,Benin,Donga,Battles,Armed clash,1,1,6797.0,Political violence,332.0,9.2644,1.7188
2020-08-15,Western Africa,Benin,Donga,Battles,Armed clash,1,0,16885.0,Political violence,332.0,9.2644,1.7188
2022-04-09,Western Africa,Benin,Donga,Protests,Excessive force against protesters,1,2,7497.0,Political violence; Demonstrations,332.0,9.2644,1.7188
2015-04-25,Western Africa,Benin,Donga,Protests,Peaceful protest,1,0,1403.0,Demonstrations,332.0,9.2644,1.7188
2017-09-30,Western Africa,Benin,Donga,Protests,Peaceful protest,1,0,6866.0,Demonstrations,332.0,9.2644,1.7188
2020-10-31,Western Africa,Benin,Donga,Protests,Peaceful protest,1,0,43233.0,Demonstrations,332.0,9.2644,1.7188
2021-05-08,Western Africa,Benin,Donga,Protests,Peaceful protest,1,0,44314.0,Demonstrations,332.0,9.2644,1.7188
2021-06-05,Western Africa,Benin,Donga,Protests,Peaceful protest,2,0,7913.0,Demonstrations,332.0,9.2644,1.7188
2025-08-30,Western Africa,Benin,Donga,Protests,Peaceful protest,1,0,11344.0,Demonstrations,332.0,9.2644,1.7188
2026-04-25,Western Africa,Benin,Donga,Protests,Protest with intervention,1,0,,Demonstrations,332.0,9.2644,1.7188
2016-10-08,Western Africa,Benin,Donga,Riots,Mob violence,1,8,10427.0,Political violence,332.0,9.2644,1.7188
2018-09-08,Western Africa,Benin,Donga,Riots,Mob violence,1,0,12620.0,Political violence,332.0,9.2644,1.7188
2020-06-20,Western Africa,Benin,Donga,Riots,Mob violence,1,0,4595.0,Political violence,332.0,9.2644,1.7188
2021-02-20,Western Africa,Benin,Donga,Riots,Mob violence,1,3,4727.0,Political violence,332.0,9.2644,1.7188
2021-06-05,Western Africa,Benin,Donga,Riots,Mob violence,2,2,18474.0,Political violence,332.0,9.2644,1.7188
2021-12-11,Western Africa,Benin,Donga,Riots,Mob violence,1,1,14347.0,Political violence,332.0,9.2644,1.7188
2022-04-16,Western Africa,Benin,Donga,Riots,Mob violence,1,0,4398.0,Political violence,332.0,9.2644,1.7188
2022-05-07,Western Africa,Benin,Donga,Riots,Mob violence,1,1,14434.0,Political violence,332.0,9.2644,1.7188
2022-05-21,Western Africa,Benin,Donga,Riots,Mob violence,1,0,99405.0,Political violence,332.0,9.2644,1.7188
2022-06-25,Western Africa,Benin,Donga,Riots,Mob violence,2,0,12553.0,Political violence,332.0,9.2644,1.7188
2022-07-23,Western Africa,Benin,Donga,Riots,Mob violence,1,0,14434.0,Political violence,332.0,9.2644,1.7188
2022-08-20,Western Africa,Benin,Donga,Riots,Mob violence,1,0,2507.0,Political violence,332.0,9.2644,1.7188
2022-08-27,Western Africa,Benin,Donga,Riots,Mob violence,1,0,2507.0,Political violence,332.0,9.2644,1.7188
2022-09-17,Western Africa,Benin,Donga,Riots,Mob violence,1,0,99405.0,Political violence,332.0,9.2644,1.7188
2022-12-17,Western Africa,Benin,Donga,Riots,Mob violence,1,0,2654.0,Political violence,332.0,9.2644,1.7188
2023-07-15,Western Africa,Benin,Donga,Riots,Mob violence,1,1,101999.0,Political violence,332.0,9.2644,1.7188
2023-07-22,Western Africa,Benin,Donga,Riots,Mob violence,1,0,15201.0,Political violence,332.0,9.2644,1.7188
2023-12-23,Western Africa,Benin,Donga,Riots,Mob violence,1,0,4405.0,Political violence,332.0,9.2644,1.7188
2024-02-17,Western Africa,Benin,Donga,Riots,Mob violence,1,0,5175.0,Political violence,332.0,9.2644,1.7188
2024-05-04,Western Africa,Benin,Donga,Riots,Mob violence,2,0,105149.0,Political violence,332.0,9.2644,1.7188
2024-12-14,Western Africa,Benin,Donga,Riots,Mob violence,1,0,4331.0,Political violence,332.0,9.2644,1.7188
2021-04-03,Western Africa,Benin,Donga,Riots,Violent demonstration,2,0,113146.0,Demonstrations,332.0,9.2644,1.7188
2023-10-14,Western Africa,Benin,Donga,Riots,Violent demonstration,1,0,17299.0,Demonstrations,332.0,9.2644,1.7188
2026-03-14,Western Africa,Benin,Donga,Riots,Violent demonstration,1,1,19044.0,Demonstrations,332.0,9.2644,1.7188
2026-02-14,Western Africa,Benin,Donga,Strategic developments,Disrupted weapons use,1,0,,Strategic developments,332.0,9.2644,1.7188
2022-01-01,Western Africa,Benin,Donga,Strategic developments,Looting/property destruction,1,0,,Strategic developments,332.0,9.2644,1.7188
2022-02-05,Western Africa,Benin,Donga,Strategic developments,Looting/property destruction,1,0,,Strategic developments,332.0,9.2644,1.7188
2022-02-12,Western Africa,Benin,Donga,Strategic developments,Looting/property destruction,1,0,,Strategic developments,332.0,9.2644,1.7188
2022-03-26,Western Africa,Benin,Donga,Strategic developments,Looting/property destruction,1,0,,Strategic developments,332.0,9.2644,1.7188
2025-03-01,Western Africa,Benin,Donga,Strategic developments,Looting/property destruction,1,0,,Strategic developments,332.0,9.2644,1.7188
2020-06-20,Western Africa,Benin,Donga,Violence against civilians,Abduction/forced disappearance,1,0,8797.0,Political violence,332.0,9.2644,1.7188
2022-07-23,Western Africa,Benin,Donga,Violence against civilians,Abduction/forced disappearance,1,0,12553.0,Political violence,332.0,9.2644,1.7188
2024-01-27,Western Africa,Benin,Donga,Violence against civilians,Abduction/forced disappearance,1,0,15192.0,Political violence,332.0,9.2644,1.7188
2024-02-17,Western Africa,Benin,Donga,Violence against civilians,Abduction/forced disappearance,1,0,13763.0,Political violence,332.0,9.2644,1.7188
2015-04-25,Western Africa,Benin,Donga,Violence against civilians,Attack,1,2,10447.0,Political violence,332.0,9.2644,1.7188
2018-07-21,Western Africa,Benin,Donga,Violence against civilians,Attack,1,0,4768.0,Political violence,332.0,9.2644,1.7188
2020-07-04,Western Africa,Benin,Donga,Violence against civilians,Attack,1,0,476.0,Political violence,332.0,9.2644,1.7188
2020-08-22,Western Africa,Benin,Donga,Violence against civilians,Attack,1,1,16885.0,Political violence,332.0,9.2644,1.7188
2021-02-20,Western Africa,Benin,Donga,Violence against civilians,Attack,1,1,17407.0,Political violence,332.0,9.2644,1.7188
2022-01-01,Western Africa,Benin,Donga,Violence against civilians,Attack,2,2,12721.0,Political violence,332.0,9.2644,1.7188
2022-05-14,Western Africa,Benin,Donga,Violence against civilians,Attack,1,0,14053.0,Political violence,332.0,9.2644,1.7188
2022-10-01,Western Africa,Benin,Donga,Violence against civilians,Attack,1,0,12553.0,Political violence,332.0,9.2644,1.7188
2022-11-05,Western Africa,Benin,Donga,Violence against civilians,Attack,1,1,163514.0,Political violence,332.0,9.2644,1.7188
2023-10-07,Western Africa,Benin,Donga,Violence against civilians,Attack,1,1,21581.0,Political violence,332.0,9.2644,1.7188
2024-04-06,Western Africa,Benin,Donga,Violence against civilians,Attack,1,1,172802.0,Political violence,332.0,9.2644,1.7188
2007-03-10,Western Africa,Benin,Littoral,Battles,Armed clash,1,0,,Political violence,333.0,6.3711,2.3916
2011-07-30,Western Africa,Benin,Littoral,Battles,Armed clash,1,0,,Political violence,333.0,6.3711,2.3916
2016-01-02,Western Africa,Benin,Littoral,Battles,Armed clash,1,1,583633.0,Political violence,333.0,6.3711,2.3916
2021-11-13,Western Africa,Benin,Littoral,Battles,Armed clash,1,3,656722.0,Political violence,333.0,6.3711,2.3916
2025-12-06,Western Africa,Benin,Littoral,Battles,Armed clash,1,4,710368.0,Political violence,333.0,6.3711,2.3916
2010-10-09,Western Africa,Benin,Littoral,Protests,Excessive force against protesters,1,0,,Political violence; Demonstrations,333.0,6.3711,2.3916
2016-07-09,Western Africa,Benin,Littoral,Protests,Excessive force against protesters,1,0,25472.0,Political violence; Demonstrations,333.0,6.3711,2.3916
1997-10-04,Western Africa,Benin,Littoral,Protests,Peaceful protest,1,0,,Demonstrations,333.0,6.3711,2.3916
1997-11-29,Western Africa,Benin,Littoral,Protests,Peaceful protest,1,0,,Demonstrations,333.0,6.3711,2.3916
1998-06-20,Western Africa,Benin,Littoral,Protests,Peaceful protest,1,0,,Demonstrations,333.0,6.3711,2.3916
1998-08-01,Western Africa,Benin,Littoral,Protests,Peaceful protest,1,0,,Demonstrations,333.0,6.3711,2.3916
1999-06-05,Western Africa,Benin,Littoral,Protests,Peaceful protest,1,0,,Demonstrations,333.0,6.3711,2.3916
2003-05-10,Western Africa,Benin,Littoral,Protests,Peaceful protest,1,0,,Demonstrations,333.0,6.3711,2.3916
2005-09-10,Western Africa,Benin,Littoral,Protests,Peaceful protest,1,0,,Demonstrations,333.0,6.3711,2.3916
2006-06-17,Western Africa,Benin,Littoral,Protests,Peaceful protest,1,0,,Demonstrations,333.0,6.3711,2.3916
2008-07-05,Western Africa,Benin,Littoral,Protests,Peaceful protest,1,0,,Demonstrations,333.0,6.3711,2.3916
2009-07-18,Western Africa,Benin,Littoral,Protests,Peaceful protest,1,0,,Demonstrations,333.0,6.3711,2.3916
2010-02-13,Western Africa,Benin,Littoral,Protests,Peaceful protest,1,0,,Demonstrations,333.0,6.3711,2.3916
2010-03-20,Western Africa,Benin,Littoral,Protests,Peaceful protest,2,0,,Demonstrations,333.0,6.3711,2.3916
2010-03-27,Western Africa,Benin,Littoral,Protests,Peaceful protest,1,0,,Demonstrations,333.0,6.3711,2.3916
2010-09-25,Western Africa,Benin,Littoral,Protests,Peaceful protest,1,0,,Demonstrations,333.0,6.3711,2.3916
2010-10-16,Western Africa,Benin,Littoral,Protests,Peaceful protest,1,0,,Demonstrations,333.0,6.3711,2.3916
2011-02-26,Western Africa,Benin,Littoral,Protests,Peaceful protest,1,0,,Demonstrations,333.0,6.3711,2.3916
2011-03-12,Western Africa,Benin,Littoral,Protests,Peaceful protest,1,0,,Demonstrations,333.0,6.3711,2.3916
2011-04-09,Western Africa,Benin,Littoral,Protests,Peaceful protest,1,0,,Demonstrations,333.0,6.3711,2.3916
2012-08-11,Western Africa,Benin,Littoral,Protests,Peaceful protest,1,0,,Demonstrations,333.0,6.3711,2.3916
2012-09-08,Western Africa,Benin,Littoral,Protests,Peaceful protest,1,0,,Demonstrations,333.0,6.3711,2.3916
2012-09-15,Western Africa,Benin,Littoral,Protests,Peaceful protest,1,0,,Demonstrations,333.0,6.3711,2.3916
2013-07-13,Western Africa,Benin,Littoral,Protests,Peaceful protest,1,0,,Demonstrations,333.0,6.3711,2.3916
2013-07-20,Western Africa,Benin,Littoral,Protests,Peaceful protest,1,0,,Demonstrations,333.0,6.3711,2.3916
2013-07-27,Western Africa,Benin,Littoral,Protests,Peaceful protest,3,0,,Demonstrations,333.0,6.3711,2.3916
2013-08-10,Western Africa,Benin,Littoral,Protests,Peaceful protest,1,0,,Demonstrations,333.0,6.3711,2.3916
2014-02-22,Western Africa,Benin,Littoral,Protests,Peaceful protest,1,0,,Demonstrations,333.0,6.3711,2.3916
2014-03-22,Western Africa,Benin,Littoral,Protests,Peaceful protest,1,0,,Demonstrations,333.0,6.3711,2.3916
2014-10-25,Western Africa,Benin,Littoral,Protests,Peaceful protest,1,0,,Demonstrations,333.0,6.3711,2.3916
2014-12-06,Western Africa,Benin,Littoral,Protests,Peaceful protest,2,0,,Demonstrations,333.0,6.3711,2.3916
2015-01-31,Western Africa,Benin,Littoral,Protests,Peaceful protest,1,0,24757.0,Demonstrations,333.0,6.3711,2.3916
2015-02-28,Western Africa,Benin,Littoral,Protests,Peaceful protest,1,0,24757.0,Demonstrations,333.0,6.3711,2.3916
2016-04-09,Western Africa,Benin,Littoral,Protests,Peaceful protest,1,0,25472.0,Demonstrations,333.0,6.3711,2.3916
2016-06-25,Western Africa,Benin,Littoral,Protests,Peaceful protest,1,0,25472.0,Demonstrations,333.0,6.3711,2.3916
2016-07-30,Western Africa,Benin,Littoral,Protests,Peaceful protest,1,0,25472.0,Demonstrations,333.0,6.3711,2.3916
2016-10-22,Western Africa,Benin,Littoral,Protests,Peaceful protest,1,0,25472.0,Demonstrations,333.0,6.3711,2.3916
2016-11-19,Western Africa,Benin,Littoral,Protests,Peaceful protest,1,0,25472.0,Demonstrations,333.0,6.3711,2.3916
2016-12-03,Western Africa,Benin,Littoral,Protests,Peaceful protest,1,0,25472.0,Demonstrations,333.0,6.3711,2.3916
2017-01-07,Western Africa,Benin,Littoral,Protests,Peaceful protest,1,0,26181.0,Demonstrations,333.0,6.3711,2.3916
2017-03-18,Western Africa,Benin,Littoral,Protests,Peaceful protest,3,0,26181.0,Demonstrations,333.0,6.3711,2.3916
2017-03-25,Western Africa,Benin,Littoral,Protests,Peaceful protest,1,0,26181.0,Demonstrations,333.0,6.3711,2.3916
2017-04-29,Western Africa,Benin,Littoral,Protests,Peaceful protest,1,0,26181.0,Demonstrations,333.0,6.3711,2.3916
2017-05-06,Western Africa,Benin,Littoral,Protests,Peaceful protest,1,0,26181.0,Demonstrations,333.0,6.3711,2.3916
2017-06-03,Western Africa,Benin,Littoral,Protests,Peaceful protest,1,0,26181.0,Demonstrations,333.0,6.3711,2.3916
2017-06-17,Western Africa,Benin,Littoral,Protests,Peaceful protest,1,0,26181.0,Demonstrations,333.0,6.3711,2.3916
2017-09-16,Western Africa,Benin,Littoral,Protests,Peaceful protest,1,0,26181.0,Demonstrations,333.0,6.3711,2.3916
2017-10-07,Western Africa,Benin,Littoral,Protests,Peaceful protest,1,0,26181.0,Demonstrations,333.0,6.3711,2.3916
2017-10-14,Western Africa,Benin,Littoral,Protests,Peaceful protest,1,0,26181.0,Demonstrations,333.0,6.3711,2.3916
2017-11-18,Western Africa,Benin,Littoral,Protests,Peaceful protest,1,0,26181.0,Demonstrations,333.0,6.3711,2.3916
2017-11-25,Western Africa,Benin,Littoral,Protests,Peaceful protest,1,0,26181.0,Demonstrations,333.0,6.3711,2.3916
2019-01-26,Western Africa,Benin,Littoral,Protests,Peaceful protest,1,0,27491.0,Demonstrations,333.0,6.3711,2.3916
2019-03-09,Western Africa,Benin,Littoral,Protests,Peaceful protest,1,0,27491.0,Demonstrations,333.0,6.3711,2.3916
2019-12-28,Western Africa,Benin,Littoral,Protests,Peaceful protest,1,0,27491.0,Demonstrations,333.0,6.3711,2.3916
2020-10-31,Western Africa,Benin,Littoral,Protests,Peaceful protest,1,0,28088.0,Demonstrations,333.0,6.3711,2.3916
2020-11-14,Western Africa,Benin,Littoral,Protests,Peaceful protest,1,0,28088.0,Demonstrations,333.0,6.3711,2.3916
2021-06-12,Western Africa,Benin,Littoral,Protests,Peaceful protest,1,0,28651.0,Demonstrations,333.0,6.3711,2.3916
2022-02-12,Western Africa,Benin,Littoral,Protests,Peaceful protest,1,0,29250.0,Demonstrations,333.0,6.3711,2.3916
2022-04-30,Western Africa,Benin,Littoral,Protests,Peaceful protest,1,0,29250.0,Demonstrations,333.0,6.3711,2.3916
2023-04-29,Western Africa,Benin,Littoral,Protests,Peaceful protest,1,0,29828.0,Demonstrations,333.0,6.3711,2.3916
2024-05-11,Western Africa,Benin,Littoral,Protests,Peaceful protest,1,0,30407.0,Demonstrations,333.0,6.3711,2.3916
2024-05-18,Western Africa,Benin,Littoral,Protests,Peaceful protest,2,0,30407.0,Demonstrations,333.0,6.3711,2.3916
2024-10-05,Western Africa,Benin,Littoral,Protests,Peaceful protest,2,0,30407.0,Demonstrations,333.0,6.3711,2.3916
2025-03-22,Western Africa,Benin,Littoral,Protests,Peaceful protest,1,0,30971.0,Demonstrations,333.0,6.3711,2.3916
2025-12-06,Western Africa,Benin,Littoral,Protests,Peaceful protest,2,0,30971.0,Demonstrations,333.0,6.3711,2.3916
2025-12-13,Western Africa,Benin,Littoral,Protests,Peaceful protest,3,0,30971.0,Demonstrations,333.0,6.3711,2.3916
2002-04-20,Western Africa,Benin,Littoral,Protests,Protest with intervention,1,0,,Demonstrations,333.0,6.3711,2.3916
2010-02-20,Western Africa,Benin,Littoral,Protests,Protest with intervention,1,0,,Demonstrations,333.0,6.3711,2.3916
2011-03-19,Western Africa,Benin,Littoral,Protests,Protest with intervention,1,0,,Demonstrations,333.0,6.3711,2.3916
2013-12-21,Western Africa,Benin,Littoral,Protests,Protest with intervention,1,0,,Demonstrations,333.0,6.3711,2.3916
2017-01-07,Western Africa,Benin,Littoral,Protests,Protest with intervention,1,0,26181.0,Demonstrations,333.0,6.3711,2.3916
2017-10-28,Western Africa,Benin,Littoral,Protests,Protest with intervention,1,0,26181.0,Demonstrations,333.0,6.3711,2.3916
2018-03-03,Western Africa,Benin,Littoral,Protests,Protest with intervention,1,0,26855.0,Demonstrations,333.0,6.3711,2.3916
2019-03-30,Western Africa,Benin,Littoral,Protests,Protest with intervention,1,0,27491.0,Demonstrations,333.0,6.3711,2.3916
2019-04-13,Western Africa,Benin,Littoral,Protests,Protest with intervention,1,0,27491.0,Demonstrations,333.0,6.3711,2.3916
2024-04-27,Western Africa,Benin,Littoral,Protests,Protest with intervention,2,0,30407.0,Demonstrations,333.0,6.3711,2.3916
2025-04-26,Western Africa,Benin,Littoral,Protests,Protest with intervention,1,0,30971.0,Demonstrations,333.0,6.3711,2.3916
2026-04-25,Western Africa,Benin,Littoral,Protests,Protest with intervention,1,0,,Demonstrations,333.0,6.3711,2.3916
2021-05-01,Western Africa,Benin,Littoral,Riots,Mob violence,1,0,121113.0,Political violence,333.0,6.3711,2.3916
2021-06-19,Western Africa,Benin,Littoral,Riots,Mob violence,1,0,121113.0,Political violence,333.0,6.3711,2.3916
2023-05-20,Western Africa,Benin,Littoral,Riots,Mob violence,1,1,125937.0,Political violence,333.0,6.3711,2.3916
2024-02-24,Western Africa,Benin,Littoral,Riots,Mob violence,1,2,128314.0,Political violence,333.0,6.3711,2.3916
2012-09-15,Western Africa,Benin,Littoral,Riots,Violent demonstration,1,0,,Demonstrations,333.0,6.3711,2.3916
2013-11-02,Western Africa,Benin,Littoral,Riots,Violent demonstration,1,0,,Demonstrations,333.0,6.3711,2.3916
2015-05-02,Western Africa,Benin,Littoral,Riots,Violent demonstration,2,0,105022.0,Demonstrations,333.0,6.3711,2.3916
2019-04-27,Western Africa,Benin,Littoral,Riots,Violent demonstration,2,3,116267.0,Demonstrations,333.0,6.3711,2.3916
2020-04-04,Western Africa,Benin,Littoral,Riots,Violent demonstration,1,0,116211.0,Demonstrations,333.0,6.3711,2.3916
2021-04-03,Western Africa,Benin,Littoral,Riots,Violent demonstration,1,0,118509.0,Demonstrations,333.0,6.3711,2.3916
2024-04-13,Western Africa,Benin,Littoral,Riots,Violent demonstration,1,0,128314.0,Demonstrations,333.0,6.3711,2.3916
2012-10-20,Western Africa,Benin,Littoral,Strategic developments,Arrests,1,0,,Strategic developments,333.0,6.3711,2.3916
2020-02-29,Western Africa,Benin,Littoral,Strategic developments,Arrests,1,0,,Strategic developments,333.0,6.3711,2.3916
2021-04-10,Western Africa,Benin,Littoral,Strategic developments,Arrests,1,0,,Strategic developments,333.0,6.3711,2.3916
2021-07-17,Western Africa,Benin,Littoral,Strategic developments,Arrests,1,0,,Strategic developments,333.0,6.3711,2.3916
2022-12-17,Western Africa,Benin,Littoral,Strategic developments,Arrests,1,0,,Strategic developments,333.0,6.3711,2.3916
2023-01-07,Western Africa,Benin,Littoral,Strategic developments,Arrests,1,0,,Strategic developments,333.0,6.3711,2.3916
2023-09-09,Western Africa,Benin,Littoral,Strategic developments,Arrests,1,0,,Strategic developments,333.0,6.3711,2.3916
2023-09-23,Western Africa,Benin,Littoral,Strategic developments,Arrests,1,0,,Strategic developments,333.0,6.3711,2.3916
2024-09-21,Western Africa,Benin,Littoral,Strategic developments,Arrests,1,0,,Strategic developments,333.0,6.3711,2.3916
2024-09-28,Western Africa,Benin,Littoral,Strategic developments,Arrests,1,0,,Strategic developments,333.0,6.3711,2.3916
2025-03-29,Western Africa,Benin,Littoral,Strategic developments,Arrests,1,0,,Strategic developments,333.0,6.3711,2.3916
2025-05-31,Western Africa,Benin,Littoral,Strategic developments,Arrests,1,0,,Strategic developments,333.0,6.3711,2.3916
2025-10-04,Western Africa,Benin,Littoral,Strategic developments,Arrests,1,0,,Strategic developments,333.0,6.3711,2.3916
2025-12-06,Western Africa,Benin,Littoral,Strategic developments,Arrests,1,0,,Strategic developments,333.0,6.3711,2.3916
2025-12-13,Western Africa,Benin,Littoral,Strategic developments,Arrests,2,0,,Strategic developments,333.0,6.3711,2.3916
2026-01-24,Western Africa,Benin,Littoral,Strategic developments,Arrests,1,0,,Strategic developments,333.0,6.3711,2.3916
2026-04-11,Western Africa,Benin,Littoral,Strategic developments,Arrests,1,0,,Strategic developments,333.0,6.3711,2.3916
2026-04-18,Western Africa,Benin,Littoral,Strategic developments,Arrests,1,0,,Strategic developments,333.0,6.3711,2.3916
2010-04-17,Western Africa,Benin,Littoral,Strategic developments,Change to group/activity,1,0,,Strategic developments,333.0,6.3711,2.3916
2013-07-27,Western Africa,Benin,Littoral,Strategic developments,Change to group/activity,1,0,,Strategic developments,333.0,6.3711,2.3916
2016-06-11,Western Africa,Benin,Littoral,Strategic developments,Change to group/activity,1,0,,Strategic developments,333.0,6.3711,2.3916
2025-12-06,Western Africa,Benin,Littoral,Strategic developments,Change to group/activity,1,0,,Strategic developments,333.0,6.3711,2.3916
2026-02-28,Western Africa,Benin,Littoral,Strategic developments,Change to group/activity,1,0,,Strategic developments,333.0,6.3711,2.3916
2026-03-28,Western Africa,Benin,Littoral,Strategic developments,Change to group/activity,1,0,,Strategic developments,333.0,6.3711,2.3916
2020-03-21,Western Africa,Benin,Littoral,Strategic developments,Other,1,0,,Strategic developments,333.0,6.3711,2.3916
2024-02-03,Western Africa,Benin,Littoral,Strategic developments,Other,1,0,,Strategic developments,333.0,6.3711,2.3916
2024-06-01,Western Africa,Benin,Littoral,Strategic developments,Other,1,0,,Strategic developments,333.0,6.3711,2.3916
2024-11-09,Western Africa,Benin,Littoral,Strategic developments,Other,1,0,,Strategic developments,333.0,6.3711,2.3916
2025-03-08,Western Africa,Benin,Littoral,Strategic developments,Other,1,0,,Strategic developments,333.0,6.3711,2.3916
2025-10-18,Western Africa,Benin,Littoral,Strategic developments,Other,1,0,,Strategic developments,333.0,6.3711,2.3916
2025-11-15,Western Africa,Benin,Littoral,Strategic developments,Other,1,0,,Strategic developments,333.0,6.3711,2.3916
2025-12-13,Western Africa,Benin,Littoral,Strategic developments,Other,1,0,,Strategic developments,333.0,6.3711,2.3916
2025-12-27,Western Africa,Benin,Littoral,Strategic developments,Other,1,0,,Strategic developments,333.0,6.3711,2.3916
2026-01-03,Western Africa,Benin,Littoral,Strategic developments,Other,1,0,,Strategic developments,333.0,6.3711,2.3916
2026-01-10,Western Africa,Benin,Littoral,Strategic developments,Other,1,0,,Strategic developments,333.0,6.3711,2.3916
2026-03-21,Western Africa,Benin,Littoral,Strategic developments,Other,1,0,,Strategic developments,333.0,6.3711,2.3916
2026-04-11,Western Africa,Benin,Littoral,Strategic developments,Other,1,0,,Strategic developments,333.0,6.3711,2.3916
2011-09-10,Western Africa,Benin,Littoral,Violence against civilians,Abduction/forced disappearance,1,0,,Political violence,333.0,6.3711,2.3916
2016-11-26,Western Africa,Benin,Littoral,Violence against civilians,Abduction/forced disappearance,1,0,107969.0,Political violence,333.0,6.3711,2.3916
2019-11-02,Western Africa,Benin,Littoral,Violence against civilians,Abduction/forced disappearance,1,0,116267.0,Political violence,333.0,6.3711,2.3916
1998-08-01,Western Africa,Benin,Littoral,Violence against civilians,Attack,1,1,,Political violence,333.0,6.3711,2.3916
1999-06-05,Western Africa,Benin,Littoral,Violence against civilians,Attack,1,0,,Political violence,333.0,6.3711,2.3916
2003-03-29,Western Africa,Benin,Littoral,Violence against civilians,Attack,1,0,,Political violence,333.0,6.3711,2.3916
2009-11-21,Western Africa,Benin,Littoral,Violence against civilians,Attack,1,1,,Political violence,333.0,6.3711,2.3916
2011-07-23,Western Africa,Benin,Littoral,Violence against civilians,Attack,1,0,,Political violence,333.0,6.3711,2.3916
2013-12-07,Western Africa,Benin,Littoral,Violence against civilians,Attack,1,0,,Political violence,333.0,6.3711,2.3916
2020-04-18,Western Africa,Benin,Littoral,Violence against civilians,Attack,1,0,6614.0,Political violence,333.0,6.3711,2.3916
2020-06-20,Western Africa,Benin,Littoral,Violence against civilians,Attack,1,0,116211.0,Political violence,333.0,6.3711,2.3916
2021-03-06,Western Africa,Benin,Littoral,Violence against civilians,Attack,1,0,118509.0,Political violence,333.0,6.3711,2.3916
2012-05-05,Western Africa,Benin,Mono,Protests,Peaceful protest,1,0,,Demonstrations,334.0,6.5445,1.8442
2017-10-14,Western Africa,Benin,Mono,Protests,Peaceful protest,1,0,16844.0,Demonstrations,334.0,6.5445,1.8442
2018-03-10,Western Africa,Benin,Mono,Protests,Peaceful protest,1,0,17312.0,Demonstrations,334.0,6.5445,1.8442
2019-01-05,Western Africa,Benin,Mono,Protests,Peaceful protest,1,0,17779.0,Demonstrations,334.0,6.5445,1.8442
2023-10-07,Western Africa,Benin,Mono,Protests,Peaceful protest,1,0,1191.0,Demonstrations,334.0,6.5445,1.8442
2022-02-19,Western Africa,Benin,Mono,Protests,Protest with intervention,1,0,1976.0,Demonstrations,334.0,6.5445,1.8442
2021-03-27,Western Africa,Benin,Mono,Riots,Mob violence,1,1,955.0,Political violence,334.0,6.5445,1.8442
2021-11-06,Western Africa,Benin,Mono,Riots,Mob violence,1,0,11718.0,Political violence,334.0,6.5445,1.8442
2021-12-04,Western Africa,Benin,Mono,Riots,Mob violence,1,0,19435.0,Political violence,334.0,6.5445,1.8442
2021-12-18,Western Africa,Benin,Mono,Riots,Mob violence,1,1,3519.0,Political violence,334.0,6.5445,1.8442
2023-07-29,Western Africa,Benin,Mono,Riots,Mob violence,1,3,1695.0,Political violence,334.0,6.5445,1.8442
2023-10-14,Western Africa,Benin,Mono,Riots,Mob violence,1,0,1695.0,Political violence,334.0,6.5445,1.8442
2024-07-06,Western Africa,Benin,Mono,Riots,Mob violence,2,2,56531.0,Political violence,334.0,6.5445,1.8442
2024-07-27,Western Africa,Benin,Mono,Riots,Mob violence,1,0,9941.0,Political violence,334.0,6.5445,1.8442
2025-01-04,Western Africa,Benin,Mono,Riots,Mob violence,1,1,3897.0,Political violence,334.0,6.5445,1.8442
2025-10-25,Western Africa,Benin,Mono,Riots,Mob violence,1,1,57899.0,Political violence,334.0,6.5445,1.8442
2000-04-29,Western Africa,Benin,Mono,Riots,Violent demonstration,1,1,,Demonstrations,334.0,6.5445,1.8442
2024-08-24,Western Africa,Benin,Mono,Strategic developments,Arrests,1,0,,Strategic developments,334.0,6.5445,1.8442
2012-05-19,Western Africa,Benin,Mono,Violence against civilians,Abduction/forced disappearance,1,0,,Political violence,334.0,6.5445,1.8442
2023-01-28,Western Africa,Benin,Mono,Violence against civilians,Attack,1,1,32412.0,Political violence,334.0,6.5445,1.8442
2004-08-14,Western Africa,Benin,Oueme,Battles,Armed clash,1,2,,Political violence,335.0,6.6663,2.516
2015-01-24,Western Africa,Benin,Oueme,Battles,Armed clash,1,0,122158.0,Political violence,335.0,6.6663,2.516
2015-01-31,Western Africa,Benin,Oueme,Battles,Armed clash,1,1,27850.0,Political violence,335.0,6.6663,2.516
2019-01-05,Western Africa,Benin,Oueme,Battles,Armed clash,1,4,13205.0,Political violence,335.0,6.6663,2.516
2022-12-03,Western Africa,Benin,Oueme,Battles,Armed clash,1,2,49711.0,Political violence,335.0,6.6663,2.516
2023-11-11,Western Africa,Benin,Oueme,Battles,Armed clash,1,1,221529.0,Political violence,335.0,6.6663,2.516
2004-09-04,Western Africa,Benin,Oueme,Protests,Peaceful protest,1,0,,Demonstrations,335.0,6.6663,2.516
2005-07-02,Western Africa,Benin,Oueme,Protests,Peaceful protest,1,0,,Demonstrations,335.0,6.6663,2.516
2010-10-16,Western Africa,Benin,Oueme,Protests,Peaceful protest,1,0,,Demonstrations,335.0,6.6663,2.516
2012-09-08,Western Africa,Benin,Oueme,Protests,Peaceful protest,1,0,,Demonstrations,335.0,6.6663,2.516
2014-12-06,Western Africa,Benin,Oueme,Protests,Peaceful protest,1,0,,Demonstrations,335.0,6.6663,2.516
2017-03-11,Western Africa,Benin,Oueme,Protests,Peaceful protest,1,0,48002.0,Demonstrations,335.0,6.6663,2.516
2017-03-18,Western Africa,Benin,Oueme,Protests,Peaceful protest,2,0,48002.0,Demonstrations,335.0,6.6663,2.516
2017-03-25,Western Africa,Benin,Oueme,Protests,Peaceful protest,1,0,48002.0,Demonstrations,335.0,6.6663,2.516
2018-01-27,Western Africa,Benin,Oueme,Protests,Peaceful protest,1,0,49345.0,Demonstrations,335.0,6.6663,2.516
2018-02-17,Western Africa,Benin,Oueme,Protests,Peaceful protest,1,0,49345.0,Demonstrations,335.0,6.6663,2.516
2021-04-03,Western Africa,Benin,Oueme,Protests,Peaceful protest,2,0,53030.0,Demonstrations,335.0,6.6663,2.516
2021-07-31,Western Africa,Benin,Oueme,Protests,Peaceful protest,1,0,53030.0,Demonstrations,335.0,6.6663,2.516
2024-04-20,Western Africa,Benin,Oueme,Protests,Peaceful protest,1,0,20890.0,Demonstrations,335.0,6.6663,2.516
2025-08-30,Western Africa,Benin,Oueme,Protests,Peaceful protest,1,0,57495.0,Demonstrations,335.0,6.6663,2.516
2025-12-06,Western Africa,Benin,Oueme,Protests,Peaceful protest,1,0,57495.0,Demonstrations,335.0,6.6663,2.516
2019-02-23,Western Africa,Benin,Oueme,Protests,Protest with intervention,2,0,52720.0,Demonstrations,335.0,6.6663,2.516
2019-04-20,Western Africa,Benin,Oueme,Protests,Protest with intervention,1,0,50641.0,Demonstrations,335.0,6.6663,2.516
2021-04-03,Western Africa,Benin,Oueme,Protests,Protest with intervention,1,0,19361.0,Demonstrations,335.0,6.6663,2.516
2020-08-22,Western Africa,Benin,Oueme,Riots,Mob violence,1,0,65367.0,Political violence,335.0,6.6663,2.516
2020-10-03,Western Africa,Benin,Oueme,Riots,Mob violence,1,1,33337.0,Political violence,335.0,6.6663,2.516
2022-01-08,Western Africa,Benin,Oueme,Riots,Mob violence,1,0,46826.0,Political violence,335.0,6.6663,2.516
2023-01-21,Western Africa,Benin,Oueme,Riots,Mob violence,1,0,19806.0,Political violence,335.0,6.6663,2.516
2023-08-19,Western Africa,Benin,Oueme,Riots,Mob violence,1,0,69103.0,Political violence,335.0,6.6663,2.516
2023-10-21,Western Africa,Benin,Oueme,Riots,Mob violence,1,1,12779.0,Political violence,335.0,6.6663,2.516
2024-02-17,Western Africa,Benin,Oueme,Riots,Mob violence,1,0,11647.0,Political violence,335.0,6.6663,2.516
2024-03-30,Western Africa,Benin,Oueme,Riots,Mob violence,1,0,1590.0,Political violence,335.0,6.6663,2.516
2024-07-06,Western Africa,Benin,Oueme,Riots,Mob violence,1,1,37216.0,Political violence,335.0,6.6663,2.516
2026-01-10,Western Africa,Benin,Oueme,Riots,Mob violence,1,1,21473.0,Political violence,335.0,6.6663,2.516
2026-04-18,Western Africa,Benin,Oueme,Riots,Mob violence,1,0,75343.0,Political violence,335.0,6.6663,2.516
2019-03-09,Western Africa,Benin,Oueme,Riots,Violent demonstration,1,0,50731.0,Demonstrations,335.0,6.6663,2.516
2020-05-02,Western Africa,Benin,Oueme,Riots,Violent demonstration,2,0,52531.0,Demonstrations,335.0,6.6663,2.516
2021-03-20,Western Africa,Benin,Oueme,Riots,Violent demonstration,1,1,13900.0,Demonstrations,335.0,6.6663,2.516
2021-07-24,Western Africa,Benin,Oueme,Riots,Violent demonstration,1,0,18711.0,Demonstrations,335.0,6.6663,2.516
2021-02-27,Western Africa,Benin,Oueme,Strategic developments,Arrests,1,0,,Strategic developments,335.0,6.6663,2.516
2021-04-10,Western Africa,Benin,Oueme,Strategic developments,Arrests,1,0,,Strategic developments,335.0,6.6663,2.516
2019-04-27,Western Africa,Benin,Oueme,Strategic developments,Looting/property destruction,1,0,,Strategic developments,335.0,6.6663,2.516
2019-05-18,Western Africa,Benin,Oueme,Strategic developments,Looting/property destruction,1,0,,Strategic developments,335.0,6.6663,2.516
2017-03-25,Western Africa,Benin,Oueme,Strategic developments,Other,1,0,,Strategic developments,335.0,6.6663,2.516
2024-06-01,Western Africa,Benin,Oueme,Strategic developments,Other,1,0,,Strategic developments,335.0,6.6663,2.516
2024-06-22,Western Africa,Benin,Oueme,Strategic developments,Other,1,0,,Strategic developments,335.0,6.6663,2.516
2018-02-24,Western Africa,Benin,Oueme,Violence against civilians,Attack,1,1,8665.0,Political violence,335.0,6.6663,2.516
2022-11-12,Western Africa,Benin,Oueme,Violence against civilians,Attack,1,3,698656.0,Political violence,335.0,6.6663,2.516
2024-02-17,Western Africa,Benin,Oueme,Violence against civilians,Attack,1,1,28149.0,Political violence,335.0,6.6663,2.516
2017-03-25,Western Africa,Benin,Plateau,Battles,Armed clash,1,4,9321.0,Political violence,336.0,7.0993,2.6466
2018-04-21,Western Africa,Benin,Plateau,Battles,Armed clash,1,2,67182.0,Political violence,336.0,7.0993,2.6466
2019-04-27,Western Africa,Benin,Plateau,Battles,Armed clash,1,2,69513.0,Political violence,336.0,7.0993,2.6466
2020-04-25,Western Africa,Benin,Plateau,Battles,Armed clash,1,6,71649.0,Political violence,336.0,7.0993,2.6466
2021-01-30,Western Africa,Benin,Plateau,Battles,Armed clash,1,0,74024.0,Political violence,336.0,7.0993,2.6466
2021-07-31,Western Africa,Benin,Plateau,Battles,Armed clash,1,0,72658.0,Political violence,336.0,7.0993,2.6466
2018-02-17,Western Africa,Benin,Plateau,Protests,Peaceful protest,1,0,17334.0,Demonstrations,336.0,7.0993,2.6466
2018-06-23,Western Africa,Benin,Plateau,Protests,Peaceful protest,1,0,17334.0,Demonstrations,336.0,7.0993,2.6466
2021-02-20,Western Africa,Benin,Plateau,Protests,Peaceful protest,1,0,2969.0,Demonstrations,336.0,7.0993,2.6466
2024-01-13,Western Africa,Benin,Plateau,Protests,Peaceful protest,1,0,20366.0,Demonstrations,336.0,7.0993,2.6466
2020-01-04,Western Africa,Benin,Plateau,Riots,Mob violence,1,0,1069.0,Political violence,336.0,7.0993,2.6466
2020-08-22,Western Africa,Benin,Plateau,Riots,Mob violence,1,0,52759.0,Political violence,336.0,7.0993,2.6466
2022-02-05,Western Africa,Benin,Plateau,Riots,Mob violence,1,0,6021.0,Political violence,336.0,7.0993,2.6466
2022-11-19,Western Africa,Benin,Plateau,Riots,Mob violence,1,1,479.0,Political violence,336.0,7.0993,2.6466
2023-11-18,Western Africa,Benin,Plateau,Riots,Mob violence,1,0,17761.0,Political violence,336.0,7.0993,2.6466
2020-10-24,Western Africa,Benin,Plateau,Riots,Violent demonstration,1,0,21642.0,Demonstrations,336.0,7.0993,2.6466
2018-01-20,Western Africa,Benin,Plateau,Strategic developments,Looting/property destruction,1,0,,Strategic developments,336.0,7.0993,2.6466
2019-11-16,Western Africa,Benin,Plateau,Strategic developments,Looting/property destruction,2,0,,Strategic developments,336.0,7.0993,2.6466
2023-03-18,Western Africa,Benin,Plateau,Violence against civilians,Abduction/forced disappearance,1,0,943.0,Political violence,336.0,7.0993,2.6466
2017-05-13,Western Africa,Benin,Plateau,Violence against civilians,Attack,1,3,9498.0,Political violence,336.0,7.0993,2.6466
2017-05-20,Western Africa,Benin,Plateau,Violence against civilians,Attack,1,3,9498.0,Political violence,336.0,7.0993,2.6466
2017-12-23,Western Africa,Benin,Plateau,Violence against civilians,Attack,1,1,9321.0,Political violence,336.0,7.0993,2.6466
2018-02-03,Western Africa,Benin,Plateau,Violence against civilians,Attack,1,0,41384.0,Political violence,336.0,7.0993,2.6466
2018-02-24,Western Africa,Benin,Plateau,Violence against civilians,Attack,1,0,41384.0,Political violence,336.0,7.0993,2.6466
2018-04-21,Western Africa,Benin,Plateau,Violence against civilians,Attack,1,5,67182.0,Political violence,336.0,7.0993,2.6466
2018-06-23,Western Africa,Benin,Plateau,Violence against civilians,Attack,1,2,4531.0,Political violence,336.0,7.0993,2.6466
2019-02-02,Western Africa,Benin,Plateau,Violence against civilians,Attack,1,1,9859.0,Political violence,336.0,7.0993,2.6466
2020-04-25,Western Africa,Benin,Plateau,Violence against civilians,Attack,1,2,71649.0,Political violence,336.0,7.0993,2.6466
2020-10-17,Western Africa,Benin,Plateau,Violence against civilians,Attack,1,1,4323.0,Political violence,336.0,7.0993,2.6466
2021-02-27,Western Africa,Benin,Plateau,Violence against civilians,Attack,2,3,4333.0,Political violence,336.0,7.0993,2.6466
2023-05-06,Western Africa,Benin,Plateau,Violence against civilians,Attack,1,1,78420.0,Political violence,336.0,7.0993,2.6466
2024-10-12,Western Africa,Benin,Plateau,Violence against civilians,Attack,1,1,40118.0,Political violence,336.0,7.0993,2.6466
2017-01-07,Western Africa,Benin,Zou,Battles,Armed clash,1,2,309690.0,Political violence,337.0,7.2807,2.1233
2018-02-10,Western Africa,Benin,Zou,Battles,Armed clash,1,2,35930.0,Political violence,337.0,7.2807,2.1233
2025-04-26,Western Africa,Benin,Zou,Battles,Armed clash,1,0,345494.0,Political violence,337.0,7.2807,2.1233
2024-09-21,Western Africa,Benin,Zou,Explosions/Remote violence,Remote explosive/landmine/IED,1,0,13142.0,Political violence,337.0,7.2807,2.1233
2018-08-04,Western Africa,Benin,Zou,Protests,Peaceful protest,1,0,40751.0,Demonstrations,337.0,7.2807,2.1233
2024-04-13,Western Africa,Benin,Zou,Protests,Peaceful protest,1,0,47148.0,Demonstrations,337.0,7.2807,2.1233
2025-12-13,Western Africa,Benin,Zou,Protests,Peaceful protest,2,0,46670.0,Demonstrations,337.0,7.2807,2.1233
2017-12-02,Western Africa,Benin,Zou,Protests,Protest with intervention,1,0,17388.0,Demonstrations,337.0,7.2807,2.1233
2022-01-29,Western Africa,Benin,Zou,Protests,Protest with intervention,1,0,5645.0,Demonstrations,337.0,7.2807,2.1233
2023-10-28,Western Africa,Benin,Zou,Protests,Protest with intervention,1,0,6264.0,Demonstrations,337.0,7.2807,2.1233
2014-10-11,Western Africa,Benin,Zou,Riots,Mob violence,1,0,,Political violence,337.0,7.2807,2.1233
2018-08-25,Western Africa,Benin,Zou,Riots,Mob violence,1,1,110591.0,Political violence,337.0,7.2807,2.1233
2018-11-17,Western Africa,Benin,Zou,Riots,Mob violence,1,0,6160.0,Political violence,337.0,7.2807,2.1233
2020-05-16,Western Africa,Benin,Zou,Riots,Mob violence,1,0,116595.0,Political violence,337.0,7.2807,2.1233
2020-05-30,Western Africa,Benin,Zou,Riots,Mob violence,1,2,9159.0,Political violence,337.0,7.2807,2.1233
2020-09-26,Western Africa,Benin,Zou,Riots,Mob violence,1,0,116595.0,Political violence,337.0,7.2807,2.1233
2021-08-21,Western Africa,Benin,Zou,Riots,Mob violence,1,1,119697.0,Political violence,337.0,7.2807,2.1233
2022-01-01,Western Africa,Benin,Zou,Riots,Mob violence,1,0,11852.0,Political violence,337.0,7.2807,2.1233
2022-02-26,Western Africa,Benin,Zou,Riots,Mob violence,1,0,116216.0,Political violence,337.0,7.2807,2.1233
2022-06-18,Western Africa,Benin,Zou,Riots,Mob violence,1,0,7897.0,Political violence,337.0,7.2807,2.1233
2022-07-09,Western Africa,Benin,Zou,Riots,Mob violence,1,0,122857.0,Political violence,337.0,7.2807,2.1233
2023-03-11,Western Africa,Benin,Zou,Riots,Mob violence,1,1,12733.0,Political violence,337.0,7.2807,2.1233
2023-03-25,Western Africa,Benin,Zou,Riots,Mob violence,1,0,1636.0,Political violence,337.0,7.2807,2.1233
2024-01-27,Western Africa,Benin,Zou,Riots,Mob violence,1,1,12533.0,Political violence,337.0,7.2807,2.1233
2024-03-23,Western Africa,Benin,Zou,Riots,Mob violence,1,0,6176.0,Political violence,337.0,7.2807,2.1233
2025-02-01,Western Africa,Benin,Zou,Riots,Mob violence,1,0,38474.0,Political violence,337.0,7.2807,2.1233
2020-05-30,Western Africa,Benin,Zou,Riots,Violent demonstration,1,0,11184.0,Demonstrations,337.0,7.2807,2.1233
2025-06-28,Western Africa,Benin,Zou,Strategic developments,Other,1,0,,Strategic developments,337.0,7.2807,2.1233
2001-08-25,Western Africa,Benin,Zou,Violence against civilians,Attack,1,2,,Political violence,337.0,7.2807,2.1233
2016-10-08,Western Africa,Benin,Zou,Violence against civilians,Attack,1,0,6411.0,Political violence,337.0,7.2807,2.1233
2016-10-15,Western Africa,Benin,Zou,Violence against civilians,Attack,1,2,300904.0,Political violence,337.0,7.2807,2.1233
2018-02-10,Western Africa,Benin,Zou,Violence against civilians,Attack,3,5,35930.0,Political violence,337.0,7.2807,2.1233
2020-01-18,Western Africa,Benin,Zou,Violence against civilians,Attack,1,2,7876.0,Political violence,337.0,7.2807,2.1233
2023-03-11,Western Africa,Benin,Zou,Violence against civilians,Attack,1,1,91365.0,Political violence,337.0,7.2807,2.1233
2023-03-25,Western Africa,Benin,Zou,Violence against civilians,Attack,1,1,25611.0,Political violence,337.0,7.2807,2.1233
2023-04-01,Western Africa,Benin,Zou,Violence against civilians,Attack,1,1,4714.0,Political violence,337.0,7.2807,2.1233
2024-01-13,Western Africa,Benin,Zou,Violence against civilians,Attack,1,1,222851.0,Political violence,337.0,7.2807,2.1233
2024-02-24,Western Africa,Benin,Zou,Violence against civilians,Attack,1,1,7049.0,Political violence,337.0,7.2807,2.1233
2024-03-16,Western Africa,Benin,Zou,Violence against civilians,Attack,1,0,11494.0,Political violence,337.0,7.2807,2.1233
2024-03-23,Western Africa,Benin,Zou,Violence against civilians,Attack,1,1,63826.0,Political violence,337.0,7.2807,2.1233
2025-08-02,Western Africa,Benin,Zou,Violence against civilians,Attack,1,1,27180.0,Political violence,337.0,7.2807,2.1233
2025-10-25,Western Africa,Benin,Zou,Violence against civilians,Attack,1,1,7822.0,Political violence,337.0,7.2807,2.1233
