"World Bank Projects, data as of 05/28/2026 05:17:25 PM","","","","","","","","","","","","","","","","","","","","","","","","","","",""
"Project Id","Region","Country","Project Status","Project Name","Project Development Objective","Implementing Agency","Consultant Services Required","Project URL","Disclosure Date","Board Approval Date","Effective Date","Project Closing Date","Last Stage Reached","Financing Type","Total Project Cost $US","IBRD Commitment $US","IDA Commitment $US","Total IBRD, IDA and GRANT Commitment $US","Grant Amount $US","Borrower","Lending Instrument","Environmental Assessment Category","Environmental and Social Risk","Sector 1","Sector 2","Sector 3","Last Update Date"
"P513979","Western and Central Africa","Republic of Benin","","Dogo-Bis Multipurpose Dam Project Phase 1","The Project Development Objective (PDO) of the Phase 1 is to: i) strengthen the Recipient's capacity and readiness to build the multifunction Dogo-Bis dam, and ii) improve access to socio-economic services and infrastructures for the community in the project area.  ","Presidence de la Republique - Bureau of Analysis and Investigation (BAI),","Yes","https://projects.worldbank.org/en/projects-operations/project-detail/P513979","December 18, 2025","June 16, 2026","","December 31, 2031","Begin Negotiation","IDA","","0","150000000.00","","0","Republic of Benin","","","High","","","",""
"P509225","Western and Central Africa","Republic of Benin","","ALAFIA I- Nourishing Benin's Future Program","To improve the utilization of quality integrated nutrition, health, and child development services in targeted areas. ","Agence Nationale de l’Alimentation et de la Nutrition (ANAN) ","No","https://projects.worldbank.org/en/projects-operations/project-detail/P509225","March 5, 2026","June 16, 2026","","May 31, 2031","Begin Negotiation","Grants","","0","150000000.00","","20000000","Republic of Benin","","","Low","","","","December 2, 2024"
"P510638","Western and Central Africa","Republic of Benin","","FIRST BENIN ACCELERATED ECONOMIC TRANSFORMATION AND JOBS","To (i) strengthen the regulatory environment for private sector participation, and (ii) invest in human capital."," Ministry of Economy and Finance,General Directory of taxes ","","https://projects.worldbank.org/en/projects-operations/project-detail/P510638","October 20, 2025","February 27, 2026","March 27, 2026","July 31, 2027","Board Approved","IDA","","0","200000000.00","","0","REPUBLIC OF BENIN","","","","","","","March 12, 2025"
"P500561","Western and Central Africa","Republic of Benin","","Women Entrepreneurship Development and Access to Finance Program","Promote access to finance and growth for women entrepreneurs in Benin","Agence de Développement des PMEs (ADPME),Caisse de Dépôts et des Consignation du Benin,Ministry of SME Promotion,SME Investment and Guarantee Fund (FIGPME): ","Yes","https://projects.worldbank.org/en/projects-operations/project-detail/P500561","January 27, 2025","January 15, 2026","","January 31, 2032","Board Approved","IDA","","0","100000000.00","","0","Republic of Benin","","","Moderate","","","","April 3, 2025"
"P511454","Western and Central Africa","Republic of Benin","","Benin Youth Inclusion Project","The objective of the Project is to increase economic inclusion of under-employed and under-educated youth aged 15-30 and strengthen employment services and the technical and vocational training system.","","No","https://projects.worldbank.org/en/projects-operations/project-detail/P511454","June 7, 2025","June 25, 2025","","","CD Approved","IDA","","0","41300000.00","","0","","","","","","","",""
"P180579","Western and Central Africa","Republic of Benin","","Grand Nokoué Sustainable Urban Mobility Project (GN-SUMP)","The PDO is to improve urban mobility, safety, and accessibility along selected corridors in Grand-Nokoue.","Société des Infrastructures Routières et de l’Aménagement du Territoire (SIRAT) [Road Infrastructure and Land Management Company]","TBD","https://projects.worldbank.org/en/projects-operations/project-detail/P180579","June 22, 2023","May 20, 2025","December 18, 2025","December 31, 2030","Board Approved","IDA","","0","200000000.00","","200000000","Republic of Benin","","","High","","","","July 12, 2023"
"P508182","Western and Central Africa","Republic of Benin","","Gazetted Forests Management Project 2","","Ministry of Environment and Transport","No","https://projects.worldbank.org/en/projects-operations/project-detail/P508182","December 19, 2024","April 30, 2025","September 9, 2025","July 31, 2032","Board Approved","IDA","","0","80700000.00","","0","Republic of Benin","","","Moderate","","","","March 26, 2025"
"P181259","Western and Central Africa","Republic of Benin","","Benin Land Tenure Management Program","The proposed Project Development Objective is to strengthen the Recipient’s capacity for the implementation of its cadastre at a national level; and to increase the number of land rights registered in selected areas.","Agence Nationale du Domaine et du Foncier","Yes","https://projects.worldbank.org/en/projects-operations/project-detail/P181259","December 11, 2024","April 30, 2025","December 19, 2025","September 30, 2030","Board Approved","IDA","","0","100000000.00","","0","Republic of Benin","","","","","","","July 27, 2023"
"P181746","Western and Central Africa","Republic of Benin","","Benin Boosting Inclusive Growth and Resilience DPF2 FY25 Guarantee","The Project Development Objective is to support the government’s efforts to: (i) enhance private sector-led growth, (ii) boost domestic revenue collection, and (iii) strengthen social and climate resilience.","","","https://projects.worldbank.org/en/projects-operations/project-detail/P181746","October 31, 2024","October 31, 2024","","December 31, 2027","Board Approved","IDA","","0","150000000.00","","0","","","","","","","","January 5, 2025"
"P181457","Western and Central Africa","Republic of Benin","","Benin Second Boosting Inclusive Growth and Resilience DPF and PBG","The Project Development Objective is to support the recipient's efforts to: (i) enhance private sector-led growth, (ii) boost domestic revenue collection, and (iii) strengthen social and climate resilience.","Ministry of Economy and Finance","","https://projects.worldbank.org/en/projects-operations/project-detail/P181457","January 31, 2024","October 31, 2024","November 26, 2024","December 31, 2025","Board Approved","IDA","","0","150000000.00","","0","REPUBLIC OF BENIN","","","","","","","January 24, 2024"
"P180505","Western and Central Africa","Republic of Benin","","Additional Financing for Benin Agricultural Competitiveness and Export Diversification Project","The project development objective (PDO) is to increase productivity and market access for selected agri-food value chains in Benin.","Ministere de l'Agriculture, de l'Elevage et de la Peche","Yes","https://projects.worldbank.org/en/projects-operations/project-detail/P180505","May 15, 2024","June 11, 2024","","April 30, 2030","Board Approved","IDA","","0","150000000.00","","0","Government of Benin","","","","","","","November 14, 2024"
"P180286","Western and Central Africa","Republic of Benin","","Benin Boosting Inclusive Growth and Resilience DPF1 series with Cat DDO","The Project Development Objective is to support the government’s efforts to: (i) enhance private sector-led growth, (ii) boost domestic revenue collection, and (iii) strengthen social and climate resilience.","Ministry of Economy and Finance","","https://projects.worldbank.org/en/projects-operations/project-detail/P180286","May 12, 2023","September 15, 2023","October 2, 2023","December 31, 2027","Board Approved","IDA","","0","230000000.00","","0","Republic of Benin","","","","","","","February 13, 2024"
"P176763","Western and Central Africa","Republic of Benin","","Benin Economic Governance for Service Delivery Program for Results","The Program Development Objective is to increase the efficiency of domestic resource mobilization and public expenditure.","Ministry of Economy and Finance","Yes","https://projects.worldbank.org/en/projects-operations/project-detail/P176763","March 22, 2023","June 15, 2023","November 3, 2023","June 30, 2029","Board Approved","IDA","","0","300000000.00","","0","Republic of Benin","","","Low","","","","September 6, 2023"
"P178838","Western and Central Africa","Republic of Benin","","Additional Financing for the Gazetted Forests Management Project","To improve the integrated management of targeted Gazetted Forests, to increase access of the main consumption cities to fuelwood produced sustainably, and to strengthen selected non-timber forest product value chains for forest-dependent communities","Ministry of Environment and Sustainable Development","Yes","https://projects.worldbank.org/en/projects-operations/project-detail/P178838","January 27, 2023","March 24, 2023","","November 30, 2026","Board Approved","IDA","","0","30000000.00","","0","Ministry of Economy of the Republic of Benin","","B","","","","","June 4, 2024"
"P176680","Western and Central Africa","Republic of Benin","","Benin Social Safety Nets Program","The Program Development Objectives (PDO) are to improve the efficiency and adaptivity of the social protection system and to increase the coverage of vulnerable households in the productive social safety net","Ministry of Social Affairs and Microfinance","","https://projects.worldbank.org/en/projects-operations/project-detail/P176680","April 5, 2022","March 24, 2023","September 28, 2023","December 31, 2027","Board Approved","IDA","","0","100000000.00","","0","REPUBLIC OF BENIN","","","","","","","April 16, 2024"
"P176653","Western and Central Africa","Republic of Benin","","Building Resilient and Inclusive Cities Program","The PDOs are to improve (i) access to climate resilient urban services and (ii) urban service delivery arrangements in the selected municipalities.","Ministry of Living Environment and Transport (MCVT)","Yes","https://projects.worldbank.org/en/projects-operations/project-detail/P176653","December 2, 2021","September 29, 2022","March 13, 2023","June 30, 2028","Board Approved","IDA","","0","200000000.00","","0","Government of Benin","","","","","","","June 27, 2024"
"P178042","Western and Central Africa","Republic of Benin","","Benin Second Unlocking Human and Productive Potential DPF series","The proposed DPO series aims to: (1) empower women and girls; (2) expand access to reliable and sustainable energy; (3) strengthen fiscal and debt management.","Ministry of Economy and Finance","","https://projects.worldbank.org/en/projects-operations/project-detail/P178042","May 18, 2022","September 21, 2022","September 26, 2022","September 30, 2023","Board Approved","IDA","","0","150000000.00","","0","Republic of Benin","","","","","","","March 6, 2024"
"P176941","Western and Central Africa","Republic of Benin","","Benin Rural Water Supply Universal Access Program Additional Financing","The PDO is to increase access to water supply service and to strengthen service delivery arrangements in selected rural areas.","Agence Nationale d'Approvisionnement en Eau Potable en Milieu Rural (ANAEPMR)","","https://projects.worldbank.org/en/projects-operations/project-detail/P176941","December 2, 2021","June 30, 2022","","June 30, 2027","Board Approved","IDA","","0","250000000.00","","0","Ministry of Economy and Finance","","","","","","","May 6, 2024"
"P172940","Western and Central Africa","Republic of Benin","","Benin Health System Enhancement Program (P172940)","To improve the quality of and access to primary health care services with a focus on reproductive, maternal, neonatal, child, adolescent health and nutrition (RMNCAH+N) and strengthen public health emergency preparedness and response capacity","Ministry of Health","No","https://projects.worldbank.org/en/projects-operations/project-detail/P172940","December 23, 2020","April 27, 2022","July 27, 2022","June 30, 2027","Board Approved","IDA","","0","187000000.00","","0","Republic of Benin","","","","","","","June 12, 2024"
"P178245","Western and Central Africa","Republic of Benin","","Benin COVID-19 Emergency Preparedness and Response Project Third Additional Financing","To prevent, detect and respond to COVID-19 and strengthen national systems for public health emergency preparedness in Benin.","National Council to Combat HIV/AIDS, Tuberculosis, Malaria and Epidemics","No","https://projects.worldbank.org/en/projects-operations/project-detail/P178245","March 28, 2022","April 21, 2022","","June 30, 2023","RVP Approved","IDA","","0","10700000.00","","0","Republic of Benin","","","","","","","November 8, 2022"
"P176513","Western and Central Africa","Republic of Benin","","Benin First Unlocking Human and Productive Potential DPO series","The proposed DPO series aims to: (1) empower women and girls; (2) expand access to reliable and sustainable energy; (3) strengthen fiscal and debt management.","Ministry of Economy and Finance","","https://projects.worldbank.org/en/projects-operations/project-detail/P176513","October 15, 2021","December 16, 2021","December 20, 2021","December 31, 2022","Board Approved","IDA","","0","100000000.00","","0","Republic of Benin","","","","","","","March 6, 2024"
"P175768","Western and Central Africa","Republic of Benin","","Benin Vocational Education and Entrepreneurship for Jobs Project","The project development objective is to increase access to quality TVET and entrepreneurship support services for project beneficiaries, with an emphasis on youth and women.","National Agency for the Development of Technical Education (ADET),Seme City (Agence de Développement de Sèmè City - referred to as Seme City)","Yes","https://projects.worldbank.org/en/projects-operations/project-detail/P175768","April 22, 2021","December 14, 2021","May 27, 2022","March 31, 2027","Board Approved","IDA","","0","300000000.00","","0","The Republic of Benin","","","Moderate","","","","February 22, 2024"
"P172247","Western and Central Africa","Republic of Benin","","Social Accountability for Nutrition and Early Childhood Services in Benin","To contribute to improving the delivery of nutrition and early childhood services for children aged 0-12 in targeted municipalities in Benin through collaborative social accountability mechanisms.The project will employ a threefold approach for achieving the PDO: 1.	developing and iterating a capacity development model to increase civil society-local government capacities for joint monitorng and problem-solving on nutrition outcomes; 2.	developing, testing, adjusting and iterating monitoring mechanisms for nutrition and early childhood development through sustainable collaborative social accountability processes; and, , 3.	using the learning produced iteratively to reflect and inform the project’s collaborative social accountability approach throughout the project implementation.","Care International Benin & Togo","TBD","https://projects.worldbank.org/en/projects-operations/project-detail/P172247","January 16, 2020","December 1, 2021","December 10, 2021","December 31, 2024","CD Approved","Grants","","","","","500000","Care International Benin/Togo","","","Low","","","","March 25, 2024"
"P176562","Western and Central Africa","Republic of Benin","","Second Additional Financing for the COVID-19 Preparedness and Response Project","To prevent, detect and respond to COVID-19 and strengthen national systems for public health emergency preparedness in Benin.","National Council to Combat HIV/AIDS, Tuberculosis, Malaria and Epidemics","Yes","https://projects.worldbank.org/en/projects-operations/project-detail/P176562","June 6, 2021","June 28, 2021","","June 30, 2023","RVP Approved","IDA","","0","30000000.00","","0","Republic of Benin","","","","","","","November 8, 2022"
"P173749","Western and Central Africa","Republic of Benin","","Benin Electricity Access Scale-up (BEAS) Project","The PDO is to increase access to electricity services for households, enterprises, and public facilities.","Ministry of Energy","Yes","https://projects.worldbank.org/en/projects-operations/project-detail/P173749","September 22, 2020","June 14, 2021","November 23, 2021","December 31, 2026","Board Approved","IDA","","0","200000000.00","","0","Republic of Benin","","","Moderate","","","","April 29, 2024"
"P175085","Western and Central Africa","Republic of Benin","","Additional Financing for COVID-19 Response under  Cross-Border Tourism and Competitiveness","The Project Development Objective to support the continued operation of micro and small firms impacted by the COVID-19 crisis and improve selected aspects of the enabling environment for Benin’s tourism.","Agence Nationale de Promotion des Patrimoines et de Développement du Tourisme (ANPT),Agence de Développement de la Cité Internationale de l'Innovation et du Savoir(Seme City),Seme City","No","https://projects.worldbank.org/en/projects-operations/project-detail/P175085","March 29, 2021","April 29, 2021","","June 30, 2024","Board Approved","IDA","","0","25000000.00","","0","Republic of Benin","","A","","","","","September 13, 2023"
"P175441","Western and Central Africa","Republic of Benin","","AF Benin COVID-19 Preparedness and Response Project","To prevent, detect and respond to COVID-19 and strengthen national systems for public health emergency preparedness in Benin.","National Council to Combat HIV/AIDS, Tuberculosis, Malaria and Epidemics","No","https://projects.worldbank.org/en/projects-operations/project-detail/P175441","February 24, 2021","February 24, 2021","","June 30, 2023","RVP Approved","Grants","","","","","942857","Republic of Benin","","","","","","","November 8, 2022"
"P172749","Western and Central Africa","Republic of Benin","","Benin Second Fiscal Management and Structural Transformation DPF","The Program Development Objectives are to support the Government to : 1) strengthen fiscal and debt management; 2) improve the financial sustainability of the energy sector ; and 3) foster the development of the digital economy.","Ministry of Economy and Finance","","https://projects.worldbank.org/en/projects-operations/project-detail/P172749","July 30, 2020","December 16, 2020","December 18, 2020","December 31, 2021","Board Approved","IDA","","0","100000000.00","","0","Republic of Benin","","","","","","","March 6, 2024"
"P170425","Western and Central Africa","Republic of Benin","","Benin Youth Inclusion Project","The objective of the Project is to increase economic inclusion of under-employed and under-educated youth aged 15-30 and strengthen employment services and the technical and vocational training system.","Ministry of Small and Medium Enterprises and Employment Promotion (MPMEPE),National Employment Agency (AnpE),National Microfinance Fund (FNM),Vocational Training and Apprenticeship Development Fund (FODEFCA)","No","https://projects.worldbank.org/en/projects-operations/project-detail/P170425","July 11, 2019","December 14, 2020","March 29, 2021","June 30, 2027","Board Approved","IDA","","0","60000000.00","","0","Republic of Benin","","","Moderate","","","","June 27, 2024"
"P174186","Western and Central Africa","Republic of Benin","","Benin  COVID-19 Education Response GPE Project","The objectives of the Project are to: (a) ensure continuity of teaching during and after the COVID-19 pandemic, particularly in deprived communes in the Recipient’s territory; and (b) increase the government’s preparedness to mitigate the effects of future crises.","Ministry of Pre and Primary Schools","No","https://projects.worldbank.org/en/projects-operations/project-detail/P174186","July 24, 2020","September 9, 2020","September 24, 2020","June 30, 2022","RVP Approved","Grants","","","","","6850000","Republic of Benin","","","Moderate","","","","July 17, 2024"
"P174008","Western and Central Africa","Republic of Benin","","Benin First Fiscal Management and Structural Transformation Development Policy Operation: Supplemental Financing","The Program Development Objectives are to support the Government to : 1) strengthen fiscal and debt management; 2) improve the financial sustainability of the energy sector ; and 3) foster the development of the digital economy.","Ministry of Economy and Finance","","https://projects.worldbank.org/en/projects-operations/project-detail/P174008","May 14, 2020","June 26, 2020","","June 30, 2021","Board Approved","IDA","","0","50000000.00","","0","Republic of Benin","","","","","","","March 6, 2024"
"P168132","Western and Central Africa","Republic of Benin","","AGRICULTURAL COMPETITIVENESS AND EXPORT DIVERSIFICATION PROJECT","The project development objective (PDO) is to increase productivity and market access for selected agri-food value chains in Benin.","Ministere de l'Agriculture, de l'Elevage et de la Peche","No","https://projects.worldbank.org/en/projects-operations/project-detail/P168132","November 27, 2019","June 2, 2020","October 22, 2020","April 30, 2030","Board Approved","IDA","","0","160000000.00","","0","Government of Benin","","","Substantial","","","","November 14, 2024"
"P173839","Western and Central Africa","Republic of Benin","","BENIN COVID-19 PREPAREDNESS AND RESPONSE PROJECT","To prevent, detect and respond to COVID-19 and strengthen national systems for public health emergency preparedness in Benin.","National Council to Combat HIV/AIDS, Tuberculosis, Malaria, Hepatitis, Sexually Transmitted Infectio","No","https://projects.worldbank.org/en/projects-operations/project-detail/P173839","April 13, 2020","April 27, 2020","May 29, 2020","June 30, 2023","RVP Approved","Grants","","0","40400000.00","","942857","Republic of Benin","","","Moderate","","","","September 25, 2023"
"P168668","Western and Central Africa","Republic of Benin","","Benin First Fiscal Management and Structural Transformation Development Policy Operation","The Program Development Objectives are to support the Government to : 1) strengthen fiscal and debt management; 2) improve the financial sustainability of the energy sector ; and 3) foster the development of the digital economy.","Ministry of Economy and Finance","","https://projects.worldbank.org/en/projects-operations/project-detail/P168668","June 4, 2019","December 12, 2019","December 17, 2019","December 31, 2020","Board Approved","IDA","","0","100000000.00","","0","Republic of Benin","","","","","","","March 6, 2024"
"P167432","Western and Central Africa","Republic of Benin","","Benin Global Partnership for Education Project Phase 3","The Project Development Objectives (PDO) are to: (i) improve the quality of teaching and learning in basic education with an emphasis on the early grades; and (ii) strengthen equity in primary education, particularly in four regions of the country.","Ministry of Preschool and Primary Education","No","https://projects.worldbank.org/en/projects-operations/project-detail/P167432","June 28, 2018","July 17, 2019","January 9, 2020","September 30, 2023","RVP Approved","Grants","","","","","18900000","Government of Benin","","C","","","","","August 24, 2024"
"P162599","Western and Central Africa","Republic of Benin","","Digital Rural Transformation Project","To improve access to broadband services in targeted rural communities and promote the use of digital solutions to improve efficiency of selected value-chains and financial inclusion.","Ministère du Numérique et de la Digitalisation","Yes","https://projects.worldbank.org/en/projects-operations/project-detail/P162599","November 7, 2017","July 1, 2019","December 3, 2019","June 30, 2025","Board Approved","IDA","","0","100000000.00","","0","Republic of Benin","","B","","","","","April 14, 2024"
"P167678","Western and Central Africa","Republic of Benin","","Gazetted Forests Management Project","To improve the integrated management of targeted Gazetted Forests, to increase access of the main consumption cities to fuelwood produced sustainably, and to strengthen selected non-timber forest product value chains for forest-dependent communities","Ministry of Environment and Sustainable Development","TBD","https://projects.worldbank.org/en/projects-operations/project-detail/P167678","June 25, 2018","May 30, 2019","October 1, 2019","November 30, 2026","Board Approved","IDA","","0","60100000.00","","0","Ministry of Economy of the Republic of Benin","","B","","","","","March 20, 2024"
"P167359","Western and Central Africa","Republic of Benin","","Benin - Stormwater Management and Urban Resilience Project","The proposed Project Development Objective is to reduce flood risks in selected areas of Cotonou and strengthen urban resilience management and capacity at the city level.","Ministère du Cadre de Vie,SIRAT","Yes","https://projects.worldbank.org/en/projects-operations/project-detail/P167359","July 25, 2018","May 23, 2019","February 3, 2020","March 31, 2026","Board Approved","IDA","","0","71328776.00","","0","Republic of Benin","","A","","","","","February 13, 2024"
"P166211","Western and Central Africa","Republic of Benin","","Early Years Nutrition and Child Development Project","The PDO (SOP-1) is to improve the delivery of early child nutrition and development interventions and support emergency services  in response to the COVID-19 pandemic in targeted Communes in the Recipient's territory.","Permanent Secretariat of the national Food and Nutrition Council (SP CAN)","TBD","https://projects.worldbank.org/en/projects-operations/project-detail/P166211","March 23, 2018","February 21, 2019","July 16, 2019","May 31, 2024","Board Approved","IDA","","0","50000000.00","","0","Republic of Benin","","C","","","","","June 5, 2024"
"P167278","Western and Central Africa","Republic of Benin","","Benin Second Fiscal Reform and Growth PBG","The program development objectives of this PBG are to: a) support macroeconomic stability by strengthening fiscal management; b) promote economic growth by increasing agricultural productivity and competitiveness and strengthening the power sector’s financial viability and production capacity; and c) improve education and health service delivery and strengthen social protection.","","","https://projects.worldbank.org/en/projects-operations/project-detail/P167278","April 23, 2018","August 30, 2018","","June 30, 2019","Board Approved","IDA","","0","15000000.00","","0","","","","","","","","December 19, 2024"
"P166115","Western and Central Africa","Republic of Benin","","Benin Second Fiscal Reform and Growth DPF"," The program development objectives of this FRG series are to: 1) strengthen fiscal management; 2) increase agricultural productivity and strengthen the financial viability of the power sector; and 3) improve equitable access to education and health services.","Ministry of Economy and Finance","","https://projects.worldbank.org/en/projects-operations/project-detail/P166115","April 23, 2018","August 30, 2018","November 16, 2018","June 30, 2019","Board Approved","IDA","","0","15000000.00","","0","The Republic of Benin","","","","","","","March 6, 2024"
"P163560","Western and Central Africa","Republic of Benin","","Community and Local Government Basic Social Services Project","The development objective of the project is to improve access to decentralized basic social services and social safety nets, and tostrengthen the social protection system.","Ministry of Decentralization and Local Government","Yes","https://projects.worldbank.org/en/projects-operations/project-detail/P163560","September 15, 2017","July 6, 2018","January 2, 2019","June 30, 2022","Board Approved","IDA","","0","40000000.00","","0","Republic of Benin","","B","","","","","February 13, 2024"
"P164186","Western and Central Africa","Republic of Benin","","Benin Rural Water Supply Universal Access Program","The PDO is to increase access to water supply service and to strengthen service delivery arrangements in selected rural areas.","Agence Nationale d'Approvisionnement en Eau Potable en Milieu Rural (ANAEPMR)","","https://projects.worldbank.org/en/projects-operations/project-detail/P164186","November 20, 2017","May 15, 2018","September 28, 2018","June 30, 2027","Board Approved","IDA","","0","220000000.00","","16000000","Ministry of Economy and Finance","","","","","","","March 13, 2024"
"P160700","Western and Central Africa","Republic of Benin","","First Fiscal Reform and Growth Credit","The overarching goal of the proposed FRGC series is to boost real economic growth, reduce poverty and increase opportunities for the poorest in the population. The FRGC programmatic series will focus on two critical objectives:  (i)	re-establish fiscal and debt sustainability; and  (ii)	accelerate growth and extend opportunities to the poorest in the population.","","","https://projects.worldbank.org/en/projects-operations/project-detail/P160700","December 12, 2016","November 28, 2017","December 14, 2017","June 30, 2018","Board Approved","IDA","","0","40000000.00","","0","Ministry of Economy and Finance","","","","","","","March 6, 2024"
"P161015","Western and Central Africa","Republic of Benin","","Energy Service Improvement Project","The project development objective is to improve SBEE’s operational performance; expand electricity access in targeted areas; and promote community-based management of forest resources.","Ministry of Energy, Water and Mines","Yes","https://projects.worldbank.org/en/projects-operations/project-detail/P161015","May 21, 2017","June 23, 2017","February 12, 2018","December 31, 2023","Board Approved","IDA","","0","60000000.00","","0","Government of the Republic of Benin","","B","","","","","February 13, 2024"
"P160029","Western and Central Africa","Republic of Benin","","Agricultural Productivity and Diversification Additional Financing","The Project Development Objective of the Agricultural Productivity and Diversification Project (PADA) is to restore and improve productivity and value addition for selected value chains in the Recipient's territory.","","No","https://projects.worldbank.org/en/projects-operations/project-detail/P160029","February 8, 2017","April 14, 2017","","September 30, 2021","Board Approved","IDA","","0","45000000.00","","0","Ministry of Finance","","B","","","","","November 14, 2024"
"P154314","Western and Central Africa","Republic of Benin","","Benin Statistical Capacity Building","The project development objective (PDO) is to strengthen the capacity of the National Statistical System (NSS) to implement the National Strategy for Development of Statistics (NSDS2) through the production of better, more accessible and relevant statistics.","Institut National de la Statistique et de l'Analyse Economique","","https://projects.worldbank.org/en/projects-operations/project-detail/P154314","May 7, 2015","March 31, 2017","April 7, 2017","February 28, 2020","CD Approved","Grants","","","","","264040","Institut National de la Statistique et de l'Analyse Economique (INSAE)","","C","","","","","November 30, 2020"
"P156738","Western and Central Africa","Republic of Benin","","Small Town Water Supply and Urban Septage Management Project","The proposed development objectives of the Project are to: (i) increase access to water supply in selected small towns and improve safe disposal of fecal sludge in selected urban areas; (ii) strengthen service delivery arrangements of water supply and sanitation services in selected small towns and urban areas; and (iii) in the event of an Eligible Crisis or Emergency, to provide immediate and effective response to said Eligible Crisis or Emergency.","Agence Nationale pour l'Approvisionement en l'Eau Potable en Milieu Rural","Yes","https://projects.worldbank.org/en/projects-operations/project-detail/P156738","March 14, 2016","December 19, 2016","June 23, 2017","June 30, 2024","Board Approved","IDA","","0","68000000.00","","0","The Republic of Benin","","B","","","","","February 28, 2024"
"P147014","Western and Central Africa","Republic of Benin","","Public Investment Management and Governance Support Project","The project development objective is to improve efficiency in public investment management and enhance the performance of selected institutions of accountability  in Benin.","Ministry of Planning and Development","TBD","https://projects.worldbank.org/en/projects-operations/project-detail/P147014","December 9, 2014","June 23, 2016","May 7, 2017","December 31, 2021","Board Approved","IDA","","0","30000000.00","","0","REPUBLIC OF BENIN","","C","","","","","June 25, 2024"
"P149117","Western and Central Africa","Republic of Benin","","Benin Cross Border Tourism and Competitiveness Project","The Project Development Objective to support the continued operation of micro and small firms impacted by the COVID-19 crisis and improve selected aspects of the enabling environment for Benin’s tourism.","Agence Nationale de Promotion des Patrimoines et de Développement du Tourisme (ANPT),Agence de Développement de la Cité Internationale de l'Innovation et du Savoir(Seme City),Seme City","Yes","https://projects.worldbank.org/en/projects-operations/project-detail/P149117","February 6, 2016","March 25, 2016","December 30, 2016","June 30, 2024","Board Approved","IDA","","0","50000000.00","","0","Republic of Benin","","B","","","","","June 28, 2024"
"P155822","Western and Central Africa","Republic of Benin","","Nutrition Sensitive Agriculture & Capacity Building of Small & Marginal Farmers Project","The objectives of the PHRD grant are to support selected small and marginal farmers to diversify their production and to enhance the consumption of nutrient-dense foods. The PDO will be achieved by: (a) promoting production of nutrient-dense foods (fruits and vegetables, pulses, dairy, non-wood forest resources or  products, dairy and eggs, and aquaculture), both for consumption and commercialization; (b) reduction of post-harvest losses (including support to community food storage, processing and conservation) and support to market linkages; and (c) nutrition education for consumers and institutional and technical capacity development of local authorities and farmers on agriculture-nutrition linkages.","Ministry of Agriculture, Livestock and Fisheries","","https://projects.worldbank.org/en/projects-operations/project-detail/P155822","October 28, 2015","January 20, 2016","","","Concept Review","Grants","","","","","2480000","Ministry of Agriculture, Livestock and Fisheries","","B","","","","","December 19, 2024"
"P154601","Western and Central Africa","Republic of Benin","","Benin Emergency Urban Env. 2nd Add. Fin.","To improve infrastructure and mitigate the negative environmental impact of floods in Cotonou Agglomeration and to increase Benin level of preparedness for future flooding.","","No","https://projects.worldbank.org/en/projects-operations/project-detail/P154601","March 27, 2015","May 29, 2015","","October 31, 2017","Board Approved","IDA","","0","40000000.00","","0","","","B","","","","","June 4, 2024"
"P146665","Western and Central Africa","Republic of Benin","","Tenth Poverty Reduction Support Credit","PRSC-10 is the second operation in a programmatic series of three DPOS.  It builds on and deepens the reforms supported under PRSC-9.","Ministère de l'Économie et des Finances :  Cellule de Suivi des Programmes Economiques et Financiers","","https://projects.worldbank.org/en/projects-operations/project-detail/P146665","March 17, 2015","March 17, 2015","February 29, 2016","June 30, 2016","Board Approved","IDA","","0","20000000.00","","0","","","","","","","","March 6, 2024"
"P148628","Western and Central Africa","Republic of Benin","","Benin Emergency Urban Env. Additional Financing","To improve infrastructure and mitigate the negative environmental impact of floods in Cotonou Agglomeration and to increase Benin level of preparedness for future flooding.","","Yes","https://projects.worldbank.org/en/projects-operations/project-detail/P148628","March 3, 2014","May 8, 2014","","October 31, 2017","Board Approved","IDA","","0","6400000.00","","0","","","B","","","","","June 4, 2024"
"P129600","Western and Central Africa","Republic of Benin","","Benin Global Partnership for Education Program","The project development objective (PDO) is to improve: (i) access and equity; and (ii) quality of classroom instruction at the basic education level, with particular emphasis on deprived districts in the Recipient's territory.","Ministry of Preschool and Primary Education","Yes","https://projects.worldbank.org/en/projects-operations/project-detail/P129600","March 21, 2014","March 21, 2014","June 30, 2014","April 30, 2018","RVP Approved","Grants","","","","","42300000","Government of Benin","","B","","","","","July 17, 2024"
"P132786","Western and Central Africa","Republic of Benin","","BJ PRSC 9 Poverty Reduction Support Cdt.","PRSC-9 seeks to boost real economic growth, reduce poverty and increase opportunities for equitable growth by focusing on two critical objectives: (i) promoting good governance and high-quality public financial management: and (ii) strengthening private-sector competitiveness.","Ministère de l'Économie et des Finances :  Cellule de Suivi des Programmes Economiques et Financiers","","https://projects.worldbank.org/en/projects-operations/project-detail/P132786","March 11, 2014","March 11, 2014","July 22, 2014","December 31, 2014","Board Approved","IDA","","0","20000000.00","","0","","","","","","","","March 6, 2024"
"P132667","Western and Central Africa","Republic of Benin","","Benin Youth Employment Project","The objective of the proposed project is to improve access to employment skills and employment opportunities for underemployed youth in Benin.","Ministry of Small and Medium Enterprises and Employment Promotion","Yes","https://projects.worldbank.org/en/projects-operations/project-detail/P132667","January 6, 2014","March 11, 2014","November 5, 2014","June 30, 2019","Board Approved","IDA","","0","35000000.00","","0","Republic of Benin","","C","","","","","January 17, 2024"
"P146597","Western and Central Africa","Republic of Benin","","Benin Decentralized Community Driven Services Project - Addl Financing","To improve access to decentralized basic social services and to mainstream the CDD approach for such services.","","Yes","https://projects.worldbank.org/en/projects-operations/project-detail/P146597","February 27, 2014","February 27, 2014","","December 31, 2017","Board Approved","IDA","","0","30000000.00","","0","","","B","","","","","January 17, 2024"
"P143652","Western and Central Africa","Republic of Benin","","Benin Multisectoral Food Health Nutrition Project","The development objective of the new project is to increase the coverage and utilization of community-based child growth andnutrition interventions in selected areas in the Recipient’s territory.","Secretariat Permanent du Conseil de l'Alimentation et de la Nutrition","Yes","https://projects.worldbank.org/en/projects-operations/project-detail/P143652","December 19, 2013","December 19, 2013","April 8, 2014","July 31, 2019","Board Approved","IDA","","0","28000000.00","","0","Republic of Benin","","C","","","","","November 8, 2022"
"P122950","Western and Central Africa","Republic of Benin","","Benin Cities Support Project / PAURAD","The Project's development objective is to increase access to urban services and improve urban management in selected cities of Benin.","Ministry of Environment, Housing & Urban Dev.","Yes","https://projects.worldbank.org/en/projects-operations/project-detail/P122950","July 5, 2012","June 21, 2013","June 6, 2014","December 31, 2020","Board Approved","IDA","","0","60000000.00","","0","Republic of Benin","","B","","","","","June 24, 2021"
"P127441","Western and Central Africa","Republic of Benin","","BJ-PRSC 8-Eighth Poverty Reduction Suppo","5.4	The over-riding development objective, in line with Benin’s SCRP, is to accelerate real economic growth and reduce the incidence of poverty in Benin by focusing on the following two program objectives or pillars:(i)	Strengthened public sector management, administration and governance;  and(ii)	Strengthened business environment.","","","https://projects.worldbank.org/en/projects-operations/project-detail/P127441","April 9, 2013","April 9, 2013","November 13, 2013","December 31, 2013","Board Approved","IDA","","0","30000000.00","","0","","","","","","","","March 6, 2024"
"P132431","Western and Central Africa","Republic of Benin","","BJ-Forest & Adjacent Land Mgmt Addit Fin","The PDO/GEO of the original project will remain the same as the PDO/GEO of the additional financing, i.e.  “to assist the Recipientin its effort to lay down the foundation for a collective integrated ecosystem management system of its forests and adjacent lands”.","General Direction of Forests and Natural Resources (DGFRN)","No","https://projects.worldbank.org/en/projects-operations/project-detail/P132431","March 14, 2013","March 14, 2013","October 28, 2013","January 31, 2018","Board Approved","IDA","","0","2000000.00","","0","Ministry of Environment","","B","","","","","June 4, 2024"
"P131051","Western and Central Africa","Republic of Benin","","Benin AF Forest and Adjacent Land Management","The PDO/GEO of the original project will remain the same as the PDO/GEO of the additional financing, i.e.  “to assist the Recipientin its effort to lay down the foundation for a collective integrated ecosystem management system of its forests and adjacent lands”.","","No","https://projects.worldbank.org/en/projects-operations/project-detail/P131051","March 14, 2013","March 14, 2013","October 28, 2013","January 31, 2018","Board Approved","Other","","","","","5560000","","","B","","","","","June 4, 2024"
"P117764","Western and Central Africa","Republic of Benin","","Decentralized Community Driven Services Project","To improve access to decentralized basic social services and to mainstream the CDD approach for such services.","Secretariat for Decentralized Community Driven Services (SSDCC)","Yes","https://projects.worldbank.org/en/projects-operations/project-detail/P117764","June 24, 2011","May 3, 2012","January 24, 2013","December 31, 2017","Board Approved","IDA","","0","46000000.00","","0","Republic of Benin","","B","","","","","January 17, 2024"
"P129024","Western and Central Africa","Republic of Benin","","Benin - Health System Performance Project - Additional Financing","The objectives of the Project are: (i) to increase coverage of quality maternal, neonatal and child health care services in the Targeted Areas, and (ii) to strengthen the institutional capacity of the MoH.","","","https://projects.worldbank.org/en/projects-operations/project-detail/P129024","January 25, 2012","March 15, 2012","","June 30, 2017","Board Approved","IDA","","0","10000000.00","","0","","","B","","","","","November 8, 2022"
"P122803","Western and Central Africa","Republic of Benin","","BJ- Poverty Reduction Support Grant - PRSG 7","The Tier 1 development objective of PRSG-7, in line with Benin’s SCRP, is to accelerate real economic growth and reduce the incidence of poverty in Benin through focusing on the following two Tier 2 development objectives or pillars:(i)	  Strengthened public sector management, administration and policy making through meaningful public financial management, civil service, customs, decentralization and structural reforms;  in order to,(ii)  Deliver more effective public services in the pursuit of enhanced private sectorcompetitiveness and greater economic diversification.","","","https://projects.worldbank.org/en/projects-operations/project-detail/P122803","November 6, 2011","December 19, 2011","January 10, 2012","June 30, 2012","Board Approved","IDA","","0","30000000.00","","0","","","","","","","","March 6, 2024"
"P116598","Western and Central Africa","Republic of Benin","","SUPPORT TO APICULTURAL PROMOTION PROJECT","","","","https://projects.worldbank.org/en/projects-operations/project-detail/P116598","July 18, 2011","July 18, 2011","November 9, 2011","November 9, 2015","Board Approved","Grants","","","","","2665316","","","C","","","","","June 13, 2014"
"P113145","Western and Central Africa","Republic of Benin","","Benin Emergency Urban Env. Project","To improve infrastructure and mitigate the negative environmental impact of floods in Cotonou Agglomeration and to increase Benin level of preparedness for future flooding.","AGETUR,SERHAU","","https://projects.worldbank.org/en/projects-operations/project-detail/P113145","April 3, 2011","April 26, 2011","December 13, 2011","October 31, 2017","Board Approved","IDA","","0","50000000.00","","0","Minsitry of Environment and Sustainable Development","","B","","","","","June 4, 2024"
"P125114","Western and Central Africa","Republic of Benin","","BJ-PRSC 6 Supplemental Credit","Supplemental financing to PRSC 6.  The supplement will support implementation of the government's policy reform program and help maintain budget targets as otulined in the PRSC-6 and the IMF program despite the adverse impact of the 2010 floods.  Financing - CRW US$10m.","","","https://projects.worldbank.org/en/projects-operations/project-detail/P125114","March 7, 2011","April 21, 2011","","December 31, 2011","Board Approved","IDA","","0","22000000.00","","0","","","","","","","","March 6, 2024"
"P122419","Western and Central Africa","Republic of Benin","","Support to Protected Areas Management","The Project Development Objective (PDO) is to enhance protection of biodiversity in Northern Benin Savannah Ecosystems through conservation measures and by reducing human pressure on parks.","CENAGREF","","https://projects.worldbank.org/en/projects-operations/project-detail/P122419","February 7, 2011","March 29, 2011","October 4, 2011","December 31, 2017","Board Approved","IDA","","0","5000000.00","","0","Ministry of Environment, Habitat and Urban Develolpment","","B","","","","","June 4, 2024"
"P115963","Western and Central Africa","Republic of Benin","","Support to Protected Areas Management","The objective is to secure long term funding to strengthen and consolidate the o ngoing efforts for biodiversity conservation, sustainable natural resources mana gement and eco-development in Northern Benin Savannah ecosystems.","","","https://projects.worldbank.org/en/projects-operations/project-detail/P115963","April 16, 2010","March 29, 2011","October 4, 2011","December 31, 2017","Board Approved","Other","","","","","2300000","","","B","","","","","June 4, 2024"
"P115886","Western and Central Africa","Republic of Benin","","Agricultural Productivity and Diversification","The Project Development Objective of the Agricultural Productivity and Diversification Project (PADA) is to restore and improve productivity and value addition for selected value chains in the Recipient's territory.","Ministere de l'Agriculture de l'Elevage de la Peche (MAEP)","","https://projects.worldbank.org/en/projects-operations/project-detail/P115886","August 19, 2010","March 22, 2011","March 13, 2012","September 30, 2021","Board Approved","Grants","","0","31000000.00","","15000000","Ministry of Economy and Finance","","B","","","","","November 14, 2024"
"P121104","Western and Central Africa","Republic of Benin","","Benin Community Development Project Additional Financing","The revised project development objective is to increase the utilization of the community-driven development approach and to improve the access of the poorest communities to basic social and financial services.","","","https://projects.worldbank.org/en/projects-operations/project-detail/P121104","April 5, 2010","July 6, 2010","","April 30, 2012","Board Approved","IDA","","0","12000000.00","","0","","","B","","","","","January 15, 2013"
"P124191","Western and Central Africa","Republic of Benin","","Benin Community Nutrition","The development objective of this project is to improve the nutrition of young children in poor rural areas with high malnutrition rates through innovate delivery mechanisms of nutrition services at community level by reaching out to mothers and grandmothers","PLAN BENIN INC.(TF97920)","","https://projects.worldbank.org/en/projects-operations/project-detail/P124191","June 10, 2010","June 10, 2010","September 30, 2011","January 31, 2016","Board Approved","Grants","","","","","2797781","Ministry of Finance and Economy","","C","","","","","August 28, 2024"
"P120052","Western and Central Africa","Republic of Benin","","Emergency Support to Enhance Food Security (ESEFS)","The project development objective is to increase domestic production of food crops (mainly maize and rice) in target areas.","","","https://projects.worldbank.org/en/projects-operations/project-detail/P120052","March 26, 2010","May 11, 2010","May 25, 2010","December 31, 2011","Board Approved","Grants","","","","","9607494","","","B","","","","","January 15, 2013"
"P113202","Western and Central Africa","Republic of Benin","","Health System Performance","The objectives of the Project are: (i) to increase coverage of quality maternal, neonatal and child health care services in the Targeted Areas, and (ii) to strengthen the institutional capacity of the MoH.","MOH(H564)","","https://projects.worldbank.org/en/projects-operations/project-detail/P113202","October 14, 2009","May 6, 2010","September 30, 2011","June 30, 2017","Board Approved","Grants","","0","22800000.00","","11000000","Republic of Benin","","B","","","","","November 8, 2022"
"P117287","Western and Central Africa","Republic of Benin","","BJ- Poverty Reduction Support Grant - PRSC 6","The objective is to support: (i) modernization of the regulatory framework and policy environment for private investment and infrastructure; (ii) increase progress toward the MDGs by raising the quality, efficiency and access for basic social services; and (iii) promote better governance through public financial management reforms.","","","https://projects.worldbank.org/en/projects-operations/project-detail/P117287","April 29, 2010","April 29, 2010","December 17, 2010","December 31, 2011","Board Approved","IDA","","0","30000000.00","","0","","","","","","","","October 31, 2023"
"P119962","Western and Central Africa","Republic of Benin","","BEIA-Promotion of Social Biofuels in Benin","","","","https://projects.worldbank.org/en/projects-operations/project-detail/P119962","April 6, 2010","April 6, 2010","April 18, 2011","December 31, 2013","Board Approved","Grants","","","","","90155","","","C","","","","","March 11, 2013"
"P113370","Western and Central Africa","Republic of Benin","","eBenin Project","The objectives of the Project are to (i) improve access to lower cost and better quality ICT services, and (ii) enable the development of e-applications, in the Recipient's territory.","La Poste du Benin","","https://projects.worldbank.org/en/projects-operations/project-detail/P113370","November 3, 2009","March 25, 2010","August 25, 2010","June 30, 2015","Board Approved","IBRD","","1196800","22493516.00","","0","Ministere de la Communication et des TIC,Ministère de la Communication et des TIC","","C","","","","","January 24, 2024"
"P115064","Western and Central Africa","Republic of Benin","","Benin GEF Energy Efficiency Program","The overall objective of this program is to enhance standards and labels for efficient light bulbs and air-conditioners in Benin, and to introduce efficient light bulbs to households through a bulk procurement scheme and awareness.","","","https://projects.worldbank.org/en/projects-operations/project-detail/P115064","March 27, 2009","June 23, 2009","","June 30, 2016","Board Approved","Other","","","","","1818181","","","C","","","","","August 15, 2024"
"P110075","Western and Central Africa","Republic of Benin","","Increased Access to Modern Energy","The project's objectives are to improve reliability and efficiency of, and access to, modern energy services in Benin.","Communaute Electrique du Benin (CEB),Project Coordination Unit hosted with the Ministere de l'Energie","","https://projects.worldbank.org/en/projects-operations/project-detail/P110075","October 7, 2008","June 23, 2009","July 13, 2009","December 31, 2018","Board Approved","Grants","","0","54500000.00","","47090000","Ministère de l’Energie, des Recherches Pétrolières et Minières, de l’Eau et du Développement des E R,Societe Beninoise d Energie Electrique (SBEE)","","B","","","","","October 3, 2023"
"P107498","Western and Central Africa","Republic of Benin","","Fifth Poverty Reduction Support Grant-PRSC 5","(i) improving the regulatory framework and policy environment for private investment and infrastructure; (ii) pursuing progress toward the MDGs by improving access to basic services and ensuring greater efficiency of public expenditures on human capital formation; and (iii) promoting better governance through financial management and justice reforms.","","","https://projects.worldbank.org/en/projects-operations/project-detail/P107498","October 29, 2008","January 22, 2009","March 13, 2009","December 31, 2009","Board Approved","IDA","","0","30000000.00","","0","","","","","","","","October 31, 2023"
"P113374","Western and Central Africa","Republic of Benin","","Benin:  Emergency Food Security Support Project","The project objective is to increase domestic production of cereals, particularly maize and rice to mitigate the short-term impact of increasing prices on households, while strengthening the capacity of the country to cope in the medium and long-term","","","https://projects.worldbank.org/en/projects-operations/project-detail/P113374","September 12, 2008","October 25, 2008","November 5, 2008","June 15, 2011","Board Approved","Other","","","","","9000000","","","B","","","","","January 15, 2013"
"P111019","Western and Central Africa","Republic of Benin","","Additional Financing for the Benin Energy Services Delivery Project","The development objectives are to: (a) accelerate, in a commercially viable manner, the use of electricity for economic growth and social services and thus improve the quality of life in un-served and underserved areas (peri-urban and rural); (b) improve governance and ensure the financial sustainability of the sector, through the involvement of the private sector in partnership with the public sector; (c) reduce deforestation and increase access and diversify choice to renewable and cleaner fuels to the household and SME sectors; and (d) promote regional cooperation while protecting the environment in a sustainable manner.","","","https://projects.worldbank.org/en/projects-operations/project-detail/P111019","May 19, 2008","June 26, 2008","","December 31, 2012","Board Approved","IDA","","0","7000000.00","","0","","","B","","","","","August 15, 2024"
"P109209","Western and Central Africa","Republic of Benin","","Second Decentralized City Management Project - Additional Financing","The development objective of the second phase of the APL is to increase access to infrastructure and basic services for residents of Benin's primary cities (Cotonou, Porto-Novo and Parkaou) and selected secondary cities (Abomey-Calavi, Lokossa, and Kandi).","","","https://projects.worldbank.org/en/projects-operations/project-detail/P109209","January 3, 2008","June 26, 2008","","June 29, 2012","Board Approved","IDA","","0","40000000.00","","0","","","B","","","","","January 15, 2013"
"P104881","Western and Central Africa","Republic of Benin","","Competitiveness and Integrated Growth Opportunity Project (CIGOP)","The revised PDO is to foster entrepreneurship and investment in high potential value chains and public-private partnerships.Project assistance will focus on value chains with high growth and job creation potential.","Ministry of Trade and Industry","","https://projects.worldbank.org/en/projects-operations/project-detail/P104881","March 20, 2007","April 29, 2008","June 23, 2009","December 29, 2017","Board Approved","IDA","","0","25000000.00","","0","Ministry of Economy and Finance","","C","","","","","July 13, 2023"
"P104966","Western and Central Africa","Republic of Benin","","to drop BJ-Energy Sector Dev TAL (DR)","The project's objective is to produce a strategic framework to develop Benin's energy sector and strengthen the institutional andindividual capacity needed for its effective implementation.","","","https://projects.worldbank.org/en/projects-operations/project-detail/P104966","February 26, 2007","April 17, 2008","","","Begin Negotiation","IDA","","0","8000000.00","","0","","","C","","","","","December 19, 2024"
"P071579","Western and Central Africa","Republic of Benin","","Community-Based Coastal and Marine Biodiversity Management Project","The Global Environment Objective of the project is 'to Promote participatory conservation and sustainable use of biological diversity of coastal wetlands and marine resources through the establishment of viable community-based coastal zone management systems in biodiversity priority sites'.","","","https://projects.worldbank.org/en/projects-operations/project-detail/P071579","August 9, 2005","February 19, 2008","October 14, 2008","May 15, 2014","Board Approved","Other","","","","","4300000","","","B","","","","","June 4, 2024"
"P096928","Western and Central Africa","Republic of Benin","","Fourth Poverty Reduction Strategy Credit","The overall objective of PRSC 4 is to provide support for implementation of the Government#s reform agenda in the following areas: (i) improving the policy environment for private investment and infrastructure; (ii) pursuing progress toward the MDGs by improving access to basic services and ensuring greater efficiency of public expenditures on human capital formation; and (iii) promoting better governance through financial management, civil service and justice reforms.","","","https://projects.worldbank.org/en/projects-operations/project-detail/P096928","March 15, 2007","June 28, 2007","November 29, 2007","June 30, 2008","Board Approved","IDA","","0","40000000.00","","0","","","","","","","","March 6, 2024"
"P110576","Western and Central Africa","Republic of Benin","","Education For All-Fast Track Initiative Program","The proposed Grant will contribute to expanding equitable access to pre-school and primary education and to supporting the development of literacy programs, while improving quality and retention at primary level as well as the management of the sector.","","","https://projects.worldbank.org/en/projects-operations/project-detail/P110576","March 28, 2008","May 23, 2007","April 18, 2008","June 15, 2012","Board Approved","Grants","","","","","76100000","","","B","","","","","July 17, 2024"
"P096056","Western and Central Africa","Republic of Benin","","Second Multisectoral HIV/AIDS Control Project","The development objectives of the proposed project are derived from the country's strategic plan for fighting HIV/AIDS and its effects, and for preventing the further spread of HIV/AIDS by means of a multisectoral program approach. They are essentially similar to those under the predecessor project. Thus, complementing the activities financed by other sources, the purpose is to help Benin Government implement its new 2006-2010 National Strategic Framework for boosting its national response to HIV/AIDS by contributing to increase and improve the coverage and utilization of prevention services, treatment and care for specific high-risk and vulnerable groups. More specifically, the project will contribute to: (a) strengthening access to and increasing utilization of prevention services for vulnerable groups (women, youth, etc.) and the high-risk groups such as the commercial sex workers and staffs of some key ministries; (b) improve access and utilization of treatment and care services for HIV/AIDS infected and affected persons, notably those living with HIV/AIDS (PLWHA), and orphans and vulnerable children (OVC); and (c) consolidate the coordination, management, and the monitoring and evaluation of the national response to HIV/AIDS for its sustainability.","","","https://projects.worldbank.org/en/projects-operations/project-detail/P096056","April 20, 2006","April 5, 2007","January 9, 2008","June 30, 2012","Board Approved","IDA","","0","35000000.00","","0","","","B","","","","","January 31, 2013"
"P065010","Western and Central Africa","Republic of Benin","","Program for Management of Forests and Adjacent Lands","","","","https://projects.worldbank.org/en/projects-operations/project-detail/P065010","July 26, 1999","November 29, 2006","","","Concept Review","Other","","0","0.00","","6000000","","","","","","","","December 19, 2024"
"P083313","Western and Central Africa","Republic of Benin","","THIRD POVERTY REDUCTION SUPPORT CREDIT","The main objective of the PRSCIII is to support the Government of Benin in its efforts to reduce poverty through implementing policies designed to: (i) maintain macroeconomic stability and accelerate economic growth through completing the privatization program, setting sound regulatory framework in liberalized sectors, improving private sector investment climate, and improving the legal and judicial systems; (ii) improve the delivery, quality, and coverage of basic services in education, health, water and sanitation; and (iii) increase the ability of the poor to raise incomes and mitigate extreme poverty.","","","https://projects.worldbank.org/en/projects-operations/project-detail/P083313","October 27, 2005","November 2, 2006","January 22, 2007","December 31, 2007","Board Approved","IDA","","0","30000000.00","","0","","","","","","","","March 6, 2024"
"P069896","Western and Central Africa","Republic of Benin","","Forests and Adjacent Lands Management Project","Assist Benin in its efforts to set the stage for integrated ecosystem management in selected gazetted forests and their adjacent lands and thereby strategically influencing ecosystem management trends, in medium and long terms to generate multiple global benefits.","General Directorate of Forests and Natural Resources (DGFRN)","","https://projects.worldbank.org/en/projects-operations/project-detail/P069896","October 28, 2004","June 29, 2006","March 27, 2007","May 31, 2013","Board Approved","Other","","","","","6000000","Ministry of Environment","","B","","","","","April 24, 2014"
"P096482","Western and Central Africa","Republic of Benin","","BENIN: Malaria Control Booster Program","The Project will support the implementation of the national 2006-2010 Malaria Control Program over the next four years. The success of the Project will be reflected in the overall increase access to, and utilization of, an effective package of malaria control interventions to reduce morbidity and mortality from malaria. Specifically, the Project would contribute to strengthen malaria control capacities to: (a) improve case management and treatment of malaria so that by year 2010, at least 60% of malaria of < 5 years old cases are treated adequately within 24 hours from onset of fever; and (b) expand prevention activities so that by 2010 at least 60% children under 5 year old and of pregnant women sleep under an ITN; and that at least 60% of pregnant women receive a prophylactic treatment.","","","https://projects.worldbank.org/en/projects-operations/project-detail/P096482","August 18, 2005","June 1, 2006","March 16, 2007","June 30, 2011","Board Approved","IDA","","0","31000000.00","","0","","","B","","","","","January 15, 2013"
"P082725","Western and Central Africa","Republic of Benin","","Second Decentralized City Management","The development objective of the second phase of the APL is to increase access to infrastructure and basic services for residents of Benin's primary cities (Cotonou, Porto-Novo and Parkaou) and selected secondary cities (Abomey-Calavi, Lokossa, and Kandi).","","","https://projects.worldbank.org/en/projects-operations/project-detail/P082725","October 20, 2004","September 12, 2005","March 8, 2006","June 29, 2012","Board Approved","IDA","","0","75000000.00","","11700000","","","B","","","","","January 15, 2013"
"P074313","Western and Central Africa","Republic of Benin","","SECOND POVERTY REDUCTION STRATEGY CREDIT","As a follow-on to PRSC-1, PRSC-2 ($30 million equivalent) would support: (a) key policy measures aimed at bolstering the medium-term macroeconomic framework; (b) the cross-cutting public expenditure management reform, civil service reform, and decentralization programs; (c) improved service delivery, governance, and institutional capacity in the Rural Transport, Agriculture, and Justice sectors; and (d) continued implementation of the Environment and Urban Sanitation and the Forest Management programs, including appropriate funding, execution, and monitoring.","","","https://projects.worldbank.org/en/projects-operations/project-detail/P074313","January 11, 2005","June 14, 2005","November 15, 2005","June 30, 2006","Board Approved","IDA","","0","30000000.00","","0","","","","","","","","January 15, 2013"
"P081484","Western and Central Africa","Republic of Benin","","BN-National Community Driven Development Project","The revised project development objective is to increase the utilization of the community-driven development approach and to improve the access of the poorest communities to basic social and financial services.","","","https://projects.worldbank.org/en/projects-operations/project-detail/P081484","February 4, 2004","October 7, 2004","May 2, 2005","April 30, 2012","Board Approved","IDA","","0","50000000.00","","0","","","B","","","","","January 15, 2013"
"P069891","Western and Central Africa","Republic of Benin","","AGRICULTURAL SERVICES AND PRODUCER ORGANIZATIONS PROJECT","The proposed the project will be the first phase of the long-term Program (11 years).  The project would support the Government ofBenin to develop and widely share agricultural growth. In this regard, the project  will  (a)   increase agricultural productivitythrough improved research and extension and adequate access to necessary inputs,  (b) diversify export market opportunities, addvalue to agricultural products and develop agro-processing, (c) improve rural infrastructure, consolidate and expand themobilization  of financial resources and credit activities, (d) provide training, communication means, technical and organizationalsupport to Agricultural Producer Organizations (APO) in order to assist them in providing services to their members and strengthentheir capabilities to organize, manage, negotiate and have financial means to :  (i) provide services to producers, help themaccess inputs, credit or marketing; (ii) participate in adaptive research; (iii) disseminate information on technologies onproduction and marketing; and (iv) be effective partners in the agricultural technology and transfer system through their capacityto diagnose, aggregate, prioritize, and articulate their members needs and constraints.The project will support three key activities:  a) strengthening of the capacity of the Ministry of Rural Development (MDR) atnational and central level; b) support to agricultural producer organizations; and  c) support to agricultural research andextension and soil fertility.","","","https://projects.worldbank.org/en/projects-operations/project-detail/P069891","","July 15, 2004","","","","IDA","","0","40000000.00","","0","","","C","","","","","December 19, 2024"
"P079633","Western and Central Africa","Republic of Benin","","BJ-Energy Srvc Delivery APL (FY05)","The development objectives are to: (a) accelerate, in a commercially viable manner, the use of electricity for economic growth and social services and thus improve the quality of life in un-served and underserved areas (peri-urban and rural); (b) improve governance and ensure the financial sustainability of the sector, through the involvement of the private sector in partnership with the public sector; (c) reduce deforestation and increase access and diversify choice to renewable and cleaner fuels to the household and SME sectors; and (d) promote regional cooperation while protecting the environment in a sustainable manner.","","","https://projects.worldbank.org/en/projects-operations/project-detail/P079633","January 28, 2003","July 6, 2004","April 25, 2005","December 31, 2012","Board Approved","IDA","","0","45000000.00","","20000000","","","B","","","","","June 25, 2013"
"P072003","Western and Central Africa","Republic of Benin","","Poverty Reduction Strategy Credit - 1st PRSC","The proposed credit is designed to help implement the Benin.s December 2002 Poverty Reduction Strategy Paper (PRSP) by supporting key policy measures aiming at: (i) bolstering the medium-term macroeconomic framework; (ii) improving service delivery, (iii) enhancing governance and institutional capacity; and (iv) promoting employment and income-generating activities for the poor. Under PRSC-1, the focus will be on further supporting selective cross-cutting themes that are critical to improving service delivery, in particular, the public expenditure management reform undertaken under the Public Expenditure Reform Adjustment Credit (PERAC).  PRSC-1 would focus on three core sectors:  health, basic education and rural and semi-urban water.  In addition to these three sectors, the PRSC would support continuation of implementation of the Environment and Urban Development and the Forest management programs so as to ensure that they are properly funded, executed and monitored.","","","https://projects.worldbank.org/en/projects-operations/project-detail/P072003","August 11, 2003","March 18, 2004","August 5, 2004","June 30, 2005","Board Approved","IDA","","0","20000000.00","","0","","","","","","","","October 31, 2023"
"P000119","Western and Central Africa","Republic of Benin","","En.Serv. Del.(POWER VII)-dropped07/11/02","","","","https://projects.worldbank.org/en/projects-operations/project-detail/P000119","November 17, 1999","May 27, 2003","","","Concept Review","IDA","","0","30000000.00","","0","","","C","","","","","December 19, 2024"
"P065832","Western and Central Africa","Republic of Benin","","JUDICIAL REFORM","","","","https://projects.worldbank.org/en/projects-operations/project-detail/P065832","","December 10, 2002","August 12, 1999","","","IDA","","0","40000000.00","","0","","","C","","","","","December 19, 2024"
"P077574","Western and Central Africa","Republic of Benin","","Supplemental to PERAC","","","","https://projects.worldbank.org/en/projects-operations/project-detail/P077574","October 29, 2002","October 29, 2002","","March 31, 2003","Board Approved","IDA","","0","10000000.00","","0","","","","","","","","October 31, 2023"
"P061575","Western and Central Africa","Republic of Benin","","EDUCATION (PERC)","TO BE PROVIDED...","","","https://projects.worldbank.org/en/projects-operations/project-detail/P061575","","August 16, 2002","","","","IDA","","0","30000000.00","","0","","","C","","","","","December 19, 2024"
"P061576","Western and Central Africa","Republic of Benin","","HEALTH (PERC)","","","","https://projects.worldbank.org/en/projects-operations/project-detail/P061576","","July 25, 2002","","","","IDA","","0","30000000.00","","0","","","C","","","","","December 19, 2024"
"P072503","Western and Central Africa","Republic of Benin","","Cotton Sector Reform Project","Increased cotton sector productivity and efficiency through successful transition to a more competitive system of production and trading.","","","https://projects.worldbank.org/en/projects-operations/project-detail/P072503","December 19, 2000","January 22, 2002","September 12, 2002","June 30, 2008","Board Approved","IDA","","0","18000000.00","","0","","","B","","","","","January 15, 2013"
"P073118","Western and Central Africa","Republic of Benin","","Multi-Sectoral HIV/AIDS Project"," In accordance with the main goal of the MAP, the development objectives of the proposed project are : (i) to accelerate, intensify, diversify, and empower the response of civil society and the public sector to the HIV/AIDS epidemic. (ii ) to build capacity in both civil society and the public sector to achieve and sustain this scaled up response.","","","https://projects.worldbank.org/en/projects-operations/project-detail/P073118","February 5, 2001","January 4, 2002","July 17, 2002","September 15, 2006","Board Approved","IDA","","0","23000000.00","","0","","","B","","","","","January 15, 2013"
"P061574","Western and Central Africa","Republic of Benin","","REG. URBAN","","","","https://projects.worldbank.org/en/projects-operations/project-detail/P061574","","July 26, 2001","","","","IDA","","0","30000000.00","","0","","","C","","","","","December 19, 2024"
"P061577","Western and Central Africa","Republic of Benin","","PERAC","PUBLIC EXPENDITURE REFORM CREDIT (PERC) to support reforms in government budget management: moving to performance-based budgetingand strengthening the fiduciary framework       including procurement ,,   financial management ,,   and auditing.","","","https://projects.worldbank.org/en/projects-operations/project-detail/P061577","May 15, 2001","March 22, 2001","August 30, 2001","March 31, 2003","Board Approved","IDA","","0","10000000.00","","0","","","","","","","","January 15, 2013"
"P070695","Western and Central Africa","Republic of Benin","","NATIONAL ENVIRONMENT MANAGEMENT PROGRAM","","","","https://projects.worldbank.org/en/projects-operations/project-detail/P070695","","January 16, 2001","","","","","","0","0.00","","0","","","","","","","","December 19, 2024"
"P070204","Western and Central Africa","Republic of Benin","","Labor Force Development Project","The development objective is to assist in the st art-up and pilot testing of a new government program that aims at: a) increasing availability, quality, and c ost effectiveness of labor force training, particularly targeting the  informal sector and women and b) streng thening the capacities of the public sector to monitor and evaluate  labor force training needs, and of the pr ivate sector to improve its training capacity.","","","https://projects.worldbank.org/en/projects-operations/project-detail/P070204","March 21, 2000","June 9, 2000","March 13, 2001","June 30, 2005","Board Approved","IDA","","0","5000000.00","","0","","","C","","","","","July 17, 2024"
"P037580","Western and Central Africa","Republic of Benin","","BJ-GEF Nat Parks Cnsv & Mgmt  SIL (FY00)","The overall objective of the Program is to ensure the sustainable management of and conservation of regionally and globally important biodiversity, and globally fragile ecosystems in northern Benin, while improving the living conditions of local communtities through the establishment of effective co-management schemes. This objective is pursued through eight intermediate operational objectives, as described below.i) Develop the technical and managerial capacity of the local population , the Wildlife Reserves Management Center (CENAGREF), and other partners in protected area and wildlife management.(ii) Promote and support the participation of local populations in wildlife and park management and benefits sharing.(iii) Support community-based rural development activities in areas surrounding national parks and wildlife management areas, in order to improve the quality of life, and reduce the pressure on protected areas.(iv) Develop sustainable systems of natural resource management.(v) Improve the flow of information and support education on biodiversity conservation at both local and national levels.(vi) Develop ecological monitoring systems and support research related to wildlife and biodiversity management.(vii) Improve basic infrastructure within parks.(viii) Help create an international trust fund intended to finance future wildlife management and biodiversity conservation operations.","","","https://projects.worldbank.org/en/projects-operations/project-detail/P037580","November 16, 1999","March 30, 2000","July 6, 2000","December 31, 2005","Board Approved","Other","","","","","21060000","","","B","","","","","January 15, 2013"
"P067329","Western and Central Africa","Republic of Benin","","BJ Distance Learning Project - LIL","Distance Learning Project to increase capacity of public and private sector decision-makers and community leaders","","","https://projects.worldbank.org/en/projects-operations/project-detail/P067329","March 10, 2000","February 18, 2000","November 22, 2000","April 30, 2004","Board Approved","IDA","","0","1830000.00","","0","","","C","","","","","July 17, 2024"
"P055185","Western and Central Africa","Republic of Benin","","SEME OIL FIELD CLOS","","","","https://projects.worldbank.org/en/projects-operations/project-detail/P055185","","January 19, 2000","","","Begin Negotiation","IDA","","0","18000000.00","","0","","","C","","","","","December 19, 2024"
"P039882","Western and Central Africa","Republic of Benin","","Benin - Private Sector Project","Project Development Objectives. The objective of the project is to improve Benin's business environment, local enterprises' competitiveness, and access of small and medium enterprises (SMEs) and micro-enterprises to credit. This would in turn help the country diversify its economy and reach its goal of achieving a GDP growth of at least 5 percent per annum over the coming years.The project will address lingering constraints in the regulatory and institutional framework for private sector development, through an improved dialogue between business representatives and Government and accelerated privatization of some key enterprises. It will seek to enhance the competitiveness of enterprises and help them become more efficient and export-oriented through support to export associations and firms. Finally, it will help strengthen two promising financial institutions, the credit institution for micro-enterprises (PADME) and the credit institution for small and medium enterprises (PAPME).Performance indicators include increase in private sector investment, reflecting an improved business environment, growth of employment in the private sector, growth of non-traditional exports, and financial and institutional sustainability of the two credit institutions.","","","https://projects.worldbank.org/en/projects-operations/project-detail/P039882","March 17, 1997","November 30, 1999","August 31, 2000","December 31, 2007","Board Approved","IDA","","0","30400000.00","","0","","","B","","","","","January 15, 2013"
"P000124","Western and Central Africa","Republic of Benin","","TELE/PE/PRIVATIZA","","","","https://projects.worldbank.org/en/projects-operations/project-detail/P000124","","June 30, 1999","","","","","","","","","","","","C","","","","",""
"P000114","Western and Central Africa","Republic of Benin","","AG. SCTR. INV.","","","","https://projects.worldbank.org/en/projects-operations/project-detail/P000114","","June 30, 1999","","","","","","","","","","","","C","","","","",""
"P035648","Western and Central Africa","Republic of Benin","","1ST DECEN.CITY MGMT.","THE PROJECT WOULD IMPROVE THE URBAN MANAGEMENT IN COTONOU METROPOLITANAREA AND ABOUT TEN SECONDARY CITIES.  IT WOULD INCLUDE LABOR-BASEDURBAN INFRSTRUCTURE REHABILITATION, MUNICIPAL FINANCE AND MUNICIPALDEVELOPMENTTHE PROJECT NEEDS TO BE SPLIT INTO TWO SPECIFIC PROJECTS (LARGE CITIESAND COMMUNITIES IN SECONDARY CITIES).","","","https://projects.worldbank.org/en/projects-operations/project-detail/P035648","June 3, 1999","June 3, 1999","March 28, 2000","September 30, 2004","Board Approved","IDA","","0","25500000.00","","0","","","B","","","","","January 15, 2013"
"P000122","Western and Central Africa","Republic of Benin","","LABOR FORCE DEV","","","","https://projects.worldbank.org/en/projects-operations/project-detail/P000122","","June 30, 1998","","","","","","","","","","","","C","","","","",""
"P057345","Western and Central Africa","Republic of Benin","","BORGOU PILOT RSP","BORGOU PILOT RURAL SUPPORT PROGRAM (LIL)","","","https://projects.worldbank.org/en/projects-operations/project-detail/P057345","September 5, 2000","June 16, 1998","March 18, 1999","June 30, 2002","Board Approved","IDA","","0","4000000.00","","0","","","C","","","","","January 15, 2013"
"P035645","Western and Central Africa","Republic of Benin","","Social Fund","TARGETED SOCIAL INVESTMENT TO REDUCE POVERTY.  AGEPIB WILL FINANCE ANDMONITOR ACTIVITIES IN THREE AREAS:  I) CONSTRUCTION OF SMALL SOCIO-ECON-INFRASTRUCTURE ON DEMAND FROM GRASSROOT COMMUNITIES; II) SUPPORTTO INCOME-GENERATING ACTIVITIES THROUGH INSTITUTION BUILDING FOR MICROFINANCE INSTITUTIONS; III) CAPACITY BUILDING FOR NGOS AND GRASSROOTCOMMUNITIES.  THE APPROACH IS PARTICIPATORY AND BOTTOM-UP.","","","https://projects.worldbank.org/en/projects-operations/project-detail/P035645","August 22, 1997","May 19, 1998","April 12, 1999","December 31, 2003","Board Approved","IDA","","0","16700000.00","","0","","","B","","","","","January 15, 2013"
"P000115","Western and Central Africa","Republic of Benin","","PRIVATE SECTOR DEV","","","","https://projects.worldbank.org/en/projects-operations/project-detail/P000115","","June 30, 1997","","","","","","","","","","","","C","","","","",""
"P000117","Western and Central Africa","Republic of Benin","","TRANSPORT SECTOR INVESTMENT PROGRAM","SECTOR MANAGEMENT REFORM, MAINTENANCE OF EXISTING INFRASTRUCTURE,LIBERALIZATION OF TRANSPORT OPERATIONS, EXPANSION OF RURAL TRANSPORTNETWORK","","","https://projects.worldbank.org/en/projects-operations/project-detail/P000117","October 31, 1994","October 31, 1996","March 6, 1997","December 31, 2001","Board Approved","IDA","","0","40000000.00","","18000000","","","B","","","","","March 11, 2021"
"P035644","Western and Central Africa","Republic of Benin","","WOMEN'S ACCESS PROJE","","","","https://projects.worldbank.org/en/projects-operations/project-detail/P035644","","June 30, 1995","","","","","","","","","","","","C","","","","",""
"P000123","Western and Central Africa","Republic of Benin","","WOMEN INITIATIVE PIL","","","","https://projects.worldbank.org/en/projects-operations/project-detail/P000123","","June 30, 1995","","","","","","","","","","","","C","","","","",""
"P000104","Western and Central Africa","Republic of Benin","","PRIVATE SECTOR T.A.","","","","https://projects.worldbank.org/en/projects-operations/project-detail/P000104","","June 30, 1995","","","","","","","","","","","","C","","","","",""
"P000118","Western and Central Africa","Republic of Benin","","Population and Health Project","SUPPORT FOR EXTENDING PROGRAMS DEVELOPED UNDER FIRST PROJECT, WITHSPECIAL EMPHASIS ON POPULATION, FAMILY PLANNING AND NUTRITION,IMPLEMENTING INSTITUTIONAL REFORMS, DEVELOPING DISTRICT HOSPITALSYSTEM AND CONSOLIDATING COMMUNITY PARTICIPATION IN PROGRAM MANAGEMENT","","","https://projects.worldbank.org/en/projects-operations/project-detail/P000118","October 31, 1994","May 30, 1995","July 17, 1996","December 31, 2002","Board Approved","IDA","","0","27800000.00","","0","","","C","","","","","January 15, 2013"
"P000111","Western and Central Africa","Republic of Benin","","SAC III","STRUCTURAL ADJUSTMENT PROGRAM","","","https://projects.worldbank.org/en/projects-operations/project-detail/P000111","October 31, 1994","May 23, 1995","December 22, 1995","January 29, 1999","Board Approved","IDA","","0","40000000.00","","0","","","","","","","","March 6, 2024"
"P000112","Western and Central Africa","Republic of Benin","","ENV. MANAGEMENT PROJ","TO HELP IMPLEMENT AN EAP AIMING AT THE DEVELOPMENT OF A NAT'L ENV.MANAG. CAPACITY; THE INSITUTIONAL AND REGULATORY FRAMEWORK;EDUCATION AND TRAINING; ENVIRONMENTAL INFORMATION MANAGEMENT ANDMONITORING","","","https://projects.worldbank.org/en/projects-operations/project-detail/P000112","October 31, 1994","May 2, 1995","June 28, 1996","December 31, 2001","Board Approved","IDA","","0","8000000.00","","0","","","C","","","","","January 15, 2013"
"P000121","Western and Central Africa","Republic of Benin","","Rural Water Supply and Sanitation","SUPPORT TO THE NEW DEVELOPMENT STRATEGY OF THE RURAL WATER SUPPLY ANDSANITATION SECTOR IN ORDER TO: A) MAXIMIZE THE IMPACT OF EXISTINGWATER FACILITIES; AND B) INSURE THAT FUTURE DEVELOPMENT OF THE SECTORWILL RESPOND TO THE ACTUAL DEMAND OF THE POPULATION.NO CHANGES 5/27/98","","","https://projects.worldbank.org/en/projects-operations/project-detail/P000121","October 31, 1994","June 7, 1994","July 12, 1995","December 31, 2000","Board Approved","IDA","","0","9800000.00","","4000000","","","B","","","","","January 15, 2013"
"P000103","Western and Central Africa","Republic of Benin","","EDUCATION DEVELOPMENT PROJECT","TO REVITALIZE THE EDUCATION SYSTEM ON A SUSTAINABLE BASIS BY:I) INCREASING ACCESS AND EQUITY;  II) ENHANCING EFFICIENCY ANDQUALITY;  III) STRENGTHENING SECTOR MANAGEMENT CAPACITY.","","","https://projects.worldbank.org/en/projects-operations/project-detail/P000103","October 31, 1994","May 17, 1994","October 2, 1995","December 31, 2001","Board Approved","IDA","","0","18100000.00","","0","","","C","","","","","July 17, 2024"
"P000099","Western and Central Africa","Republic of Benin","","COMMUNITY-BASED FOOD SECURITY","ALLEVIATE POVERTY, IMPROVE FOOD SECURITY & NUTRITIONAL STATUS OF THEMOST DISADVANTADGED SEGMENTS OF THE RURAL POPULATION THROUGH NGOSINTERVENTIONS IN AREAS AT RISK. MAIN ACTIONS WOULD BE: SUPPORT TOMARKETING, SMALL SCALE PROCESSING, NEW INCOME GENERATING OPPORTUNITIESSMALL INFRASTRUCTURES AND NUTRITIONAL TRAINING.","","","https://projects.worldbank.org/en/projects-operations/project-detail/P000099","October 31, 1994","April 12, 1994","January 31, 1995","September 30, 2000","Board Approved","IDA","","0","9700000.00","","5200000","","","C","","","","","January 15, 2013"
"P000116","Western and Central Africa","Republic of Benin","","ECONOMIC MANAGEMENT PROJECT","THE PROJECT WILL CONSIST OF INSTITUTIONAL RESTRUCTURING; CAPACITYBUILDING THROUGH TECHNICAL ASSISTANCE AND A TRAINING CENTER; STUDIESAND INSTITUTIONAL MEASURES AS NEEDED THROUGH THE IMPLEMENTATION OF THEADJUSTMENT PROGRAM.","","","https://projects.worldbank.org/en/projects-operations/project-detail/P000116","November 9, 1993","November 9, 1993","January 31, 1995","March 31, 2000","Board Approved","IDA","","0","5200000.00","","4000000","","","C","","","","","January 15, 2013"
"P000120","Western and Central Africa","Republic of Benin","","RURAL CREDIT II","EXPORT DEVELOPMENT OF MUTUALIST SAVINGS AND LOAN INSTITUTIONS.","","","https://projects.worldbank.org/en/projects-operations/project-detail/P000120","June 29, 1993","June 29, 1993","December 20, 1994","December 31, 2000","Board Approved","IDA","","0","3800000.00","","6200000","","","C","","","","","January 15, 2013"
"P000113","Western and Central Africa","Republic of Benin","","NGO TA","","","","https://projects.worldbank.org/en/projects-operations/project-detail/P000113","","June 30, 1992","","","","","","","","","","","","C","","","","",""
"P000106","Western and Central Africa","Republic of Benin","","MGT OF NAT RESOURCES","PROTECTING, MANAGING AND MONITORING THE NATURAL RESOURCES OF BENIN WITH EMPHASIS ON INSTITUTION BUILDING, APPROPRIATE POLICIES AND LEGISLATION.  SITES SPECIFIC PILOT ACTIVITIES WILL BE CARRIED OUT WITH FOCUS ON NATURAL FORESTS, WATERSHED AND WILDLIFE CONSERVATION AND MANAGEMENT. CLOSING DATE EXTENDED TO 6/30/99","","","https://projects.worldbank.org/en/projects-operations/project-detail/P000106","March 24, 1992","March 24, 1992","October 8, 1992","June 30, 1999","Board Approved","IDA","","0","14100000.00","","8000000","","","C","","","","","January 15, 2013"
"P000097","Western and Central Africa","Republic of Benin","","URBAN REHAB & MGT","THE OVERALL OBJECTIVES OF THE PROJECT ARE TO IMPROVE LIVINGCONDITIONS IN COTONOU AND PORTO NOVO, & BUILD CAPACITY FOR URBANMGMT.  THE PROJECT INCLUDES REHABILITATION OF STREETS & DRAINS,MOBILIZING POORER SEGMENTS OF WORKING POPULATION, COMMUNITY-BASEDSANITARY IMPROVEMENTS, LAND MGMT & LOCAL FISCAL RESOURCE MOBILIZATION.VERIFY DATE AFTER DRAFT ICR DATE WITH TL","","","https://projects.worldbank.org/en/projects-operations/project-detail/P000097","February 18, 1992","February 18, 1992","November 8, 1993","December 31, 1997","Board Approved","IDA","","0","22800000.00","","1800000","","","B","","","","","January 15, 2013"
"P000110","Western and Central Africa","Republic of Benin","","SAL II","","","","https://projects.worldbank.org/en/projects-operations/project-detail/P000110","","June 27, 1991","October 15, 1991","","","","","","","","","","","C","","","","",""
"P000109","Western and Central Africa","Republic of Benin","","PRE-INVESTMENT","","","","https://projects.worldbank.org/en/projects-operations/project-detail/P000109","","June 27, 1991","February 10, 1992","","","","","","","","","","","C","","","","",""
"P000108","Western and Central Africa","Republic of Benin","","Power Rehabilitation and Extension Project","REHABILITATION AND EXPANSION OF THE COTONOU, PORTO-NOVO AND ABOMEY/ BOHICON AREA DISTRIBUTION SYSTEMS, AND TA/TRAINING TO STRENGTHEN SECTOR INSTITUTIONS (MAINLY SBEE); INCLUDING DIAGNOSTIC STUDY","","","https://projects.worldbank.org/en/projects-operations/project-detail/P000108","June 27, 1991","June 27, 1991","June 29, 1992","June 30, 2000","Board Approved","IDA","","0","15000000.00","","13200000","","","B","","","","","January 15, 2013"
"P000105","Western and Central Africa","Republic of Benin","","Agricultural Services Restructuring","REHABILITATE MAJOR MINISTRY AND EXTERNAL SERVICES FOR AGRICULTURE(PRIMARILY RESEARCH EXTENSION AND LIVESTOCK SERVICES)CLOSING DATE EXTENDED TO 6/30/99","","","https://projects.worldbank.org/en/projects-operations/project-detail/P000105","June 27, 1991","June 27, 1991","November 25, 1992","September 30, 1999","Board Approved","IDA","","0","12300000.00","","14300000","","","C","","","","","January 15, 2013"
"P000107","Western and Central Africa","Republic of Benin","","RURAL CREDIT","","","","https://projects.worldbank.org/en/projects-operations/project-detail/P000107","","January 30, 1990","November 27, 1990","","","","","","","","","","","C","","","","",""
"P000098","Western and Central Africa","Republic of Benin","","HEALTH SERVICES DEV","","","","https://projects.worldbank.org/en/projects-operations/project-detail/P000098","","June 6, 1989","January 10, 1990","","","","","","","","","","","C","","","","",""
"P000101","Western and Central Africa","Republic of Benin","","SAL I","","","","https://projects.worldbank.org/en/projects-operations/project-detail/P000101","","May 23, 1989","June 28, 1989","","","","","","","","","","","","","","","",""
"P000087","Western and Central Africa","Republic of Benin","","TELECOMMUNICATIONS","","","","https://projects.worldbank.org/en/projects-operations/project-detail/P000087","","November 8, 1988","November 28, 1989","","","","","","","","","","","C","","","","",""
"P000102","Western and Central Africa","Republic of Benin","","SAL II","","","","https://projects.worldbank.org/en/projects-operations/project-detail/P000102","","June 30, 1988","","","","","","","","","","","","","","","","",""
"P000090","Western and Central Africa","Republic of Benin","","BORGOU RD.II","","","","https://projects.worldbank.org/en/projects-operations/project-detail/P000090","","February 16, 1988","December 13, 1988","","","","","","","","","","","","","","","",""
"P000094","Western and Central Africa","Republic of Benin","","POWER","","","","https://projects.worldbank.org/en/projects-operations/project-detail/P000094","","June 30, 1987","","","","","","","","","","","","","","","","",""
"P000091","Western and Central Africa","Republic of Benin","","EDUCATION III","","","","https://projects.worldbank.org/en/projects-operations/project-detail/P000091","","June 30, 1987","","","","","","","","","","","","","","","","",""
"P000093","Western and Central Africa","Republic of Benin","","TRANSP.INFRAST.","","","","https://projects.worldbank.org/en/projects-operations/project-detail/P000093","","May 26, 1987","March 25, 1988","","","","","","","","","","","C","","","","",""
"P000088","Western and Central Africa","Republic of Benin","","PUBLIC ENTERPRISES","","","","https://projects.worldbank.org/en/projects-operations/project-detail/P000088","","December 16, 1986","May 14, 1987","","","","","","","","","","","C","","","","",""
"P000089","Western and Central Africa","Republic of Benin","","WATER II","","","","https://projects.worldbank.org/en/projects-operations/project-detail/P000089","","June 30, 1986","March 25, 1988","","","","","","","","","","","C","","","","",""
"P000100","Western and Central Africa","Republic of Benin","","BORGOU R.D. SUPPLEME","","","","https://projects.worldbank.org/en/projects-operations/project-detail/P000100","","April 1, 1986","","","","","","","","","","","","C","","","","",""
"P000096","Western and Central Africa","Republic of Benin","","DASSA PARA HWY","","","","https://projects.worldbank.org/en/projects-operations/project-detail/P000096","","June 30, 1985","","","","","","","","","","","","","","","","",""
"P000092","Western and Central Africa","Republic of Benin","","OIL III","","","","https://projects.worldbank.org/en/projects-operations/project-detail/P000092","","June 30, 1985","","","","","","","","","","","","","","","","",""
"P000086","Western and Central Africa","Republic of Benin","","TECHNICAL ASSISTANCE","","","","https://projects.worldbank.org/en/projects-operations/project-detail/P000086","","December 13, 1984","September 13, 1985","","","","","","","","","","","C","","","","",""
"P000083","Western and Central Africa","Republic of Benin","","FORESTRY","","","","https://projects.worldbank.org/en/projects-operations/project-detail/P000083","","June 21, 1984","July 31, 1985","","","","","","","","","","","","","","","",""
"P000084","Western and Central Africa","Republic of Benin","","OIL II","","","","https://projects.worldbank.org/en/projects-operations/project-detail/P000084","","June 19, 1984","May 24, 1985","","","","","","","","","","","","","","","",""
"P000085","Western and Central Africa","Republic of Benin","","FEEDER ROADS III","","","","https://projects.worldbank.org/en/projects-operations/project-detail/P000085","","May 29, 1984","February 20, 1985","","","","","","","","","","","","","","","",""
"P000095","Western and Central Africa","Republic of Benin","","ATACORA (IFAD)","","","","https://projects.worldbank.org/en/projects-operations/project-detail/P000095","","June 30, 1983","","","","","","","","","","","","","","","","",""
"P000082","Western and Central Africa","Republic of Benin","","RURAL DEVT III (ZOU)","","","","https://projects.worldbank.org/en/projects-operations/project-detail/P000082","","December 21, 1982","September 14, 1983","","","","","","","","","","","","","","","",""
"P000079","Western and Central Africa","Republic of Benin","","EDUCATION","","","","https://projects.worldbank.org/en/projects-operations/project-detail/P000079","","May 13, 1982","March 17, 1983","","","","","","","","","","","","","","","",""
"P000080","Western and Central Africa","Republic of Benin","","OIL EXPLORATION","","","","https://projects.worldbank.org/en/projects-operations/project-detail/P000080","","February 16, 1982","July 22, 1982","","","","","","","","","","","","","","","",""
"P000081","Western and Central Africa","Republic of Benin","","NANGBETO ENG. CREDIT","","","","https://projects.worldbank.org/en/projects-operations/project-detail/P000081","","November 10, 1981","","","","","","","","","","","","","","","","",""
"P000078","Western and Central Africa","Republic of Benin","","COTONOU WATER SANITA","","","","https://projects.worldbank.org/en/projects-operations/project-detail/P000078","","June 25, 1981","April 11, 1983","","","","","","","","","","","","","","","",""
"P000076","Western and Central Africa","Republic of Benin","","HIGHWAYS IV","","","","https://projects.worldbank.org/en/projects-operations/project-detail/P000076","","May 14, 1981","April 8, 1982","","","","","","","","","","","","","","","",""
"P000075","Western and Central Africa","Republic of Benin","","RURAL DEVT./COTTON I","","","","https://projects.worldbank.org/en/projects-operations/project-detail/P000075","","April 7, 1981","March 25, 1982","","","","","","","","","","","","","","","",""
"P000077","Western and Central Africa","Republic of Benin","","FEEDER ROADS","","","","https://projects.worldbank.org/en/projects-operations/project-detail/P000077","","December 23, 1980","December 11, 1981","","","","","","","","","","","","","","","",""
"P000074","Western and Central Africa","Republic of Benin","","DFC/SME","","","","https://projects.worldbank.org/en/projects-operations/project-detail/P000074","","March 20, 1980","August 10, 1981","","","","","","","","","","","","","","","",""
"P000073","Western and Central Africa","Republic of Benin","","COTONOU PORT SUPPLEM","","","","https://projects.worldbank.org/en/projects-operations/project-detail/P000073","","July 10, 1978","","","","","","","","","","","","","","","","",""
"P000072","Western and Central Africa","Republic of Benin","","COTONOU PORT","","","","https://projects.worldbank.org/en/projects-operations/project-detail/P000072","","June 8, 1978","October 19, 1979","","","","","","","","","","","","","","","",""
"P000071","Western and Central Africa","Republic of Benin","","THIRD HIGHWAY PROJEC","","","","https://projects.worldbank.org/en/projects-operations/project-detail/P000071","","November 8, 1977","June 22, 1978","","","","","","","","","","","","","","","",""
"P000070","Western and Central Africa","Republic of Benin","","TECHNICAL ASSISTANCE","","","","https://projects.worldbank.org/en/projects-operations/project-detail/P000070","","May 26, 1977","December 6, 1977","","","","","","","","","","","","","","","",""
"P000069","Western and Central Africa","Republic of Benin","","FEEDER ROADS","","","","https://projects.worldbank.org/en/projects-operations/project-detail/P000069","","May 26, 1977","December 6, 1977","","","","","","","","","","","","","","","",""
"P000068","Western and Central Africa","Republic of Benin","","HIGHWAY II SUPPLEMEN","","","","https://projects.worldbank.org/en/projects-operations/project-detail/P000068","","March 2, 1976","","","","","","","","","","","","","","","","",""
"P000067","Western and Central Africa","Republic of Benin","","EDUCATION I","","","","https://projects.worldbank.org/en/projects-operations/project-detail/P000067","","June 19, 1975","October 21, 1976","","","","","","","","","","","","","","","",""
"P000066","Western and Central Africa","Republic of Benin","","HINVI AMENDMENT","","","","https://projects.worldbank.org/en/projects-operations/project-detail/P000066","","February 1, 1974","","","","","","","","","","","","","","","","",""
"P000065","Western and Central Africa","Republic of Benin","","ROAD CONSTRUCTION I","","","","https://projects.worldbank.org/en/projects-operations/project-detail/P000065","","May 24, 1973","March 29, 1974","","","","","","","","","","","","","","","",""
"P000064","Western and Central Africa","Republic of Benin","","COTTON DEVELOPMENT","","","","https://projects.worldbank.org/en/projects-operations/project-detail/P000064","","February 15, 1972","April 4, 1973","","","","","","","","","","","","","","","",""
"P000063","Western and Central Africa","Republic of Benin","","HIGHWAY MAINT.& ENG.","","","","https://projects.worldbank.org/en/projects-operations/project-detail/P000063","","September 8, 1970","April 8, 1971","","","","","","","","","","","","","","","",""
"P000062","Western and Central Africa","Republic of Benin","","HINVI AGRIC DEVELOPM","","","","https://projects.worldbank.org/en/projects-operations/project-detail/P000062","","February 18, 1969","August 5, 1969","","","","","","","","","","","","","","","",""
"P168987","Western and Central Africa","Republic of Benin","","Benin Disaster Risk Management Development Policy Credit with Cat DDO","The Program Development Objective of the proposed operation is to support the Government of the Republic of Benin in: (i) strengthening the legal, institutional and operational frameworks for increased climate and disaster resilience; (ii) strengthening the institutional and operational systems to manage public health crisis preparedness and response; and (iii) enhancing the financial system to manage the impacts associated with disaster and climate-related shocks.","Agency for the Construction of Education Infrastructure,Ministry of Health,Ministry of Living Environment and Sustainable Development,National Agency for Territorial Planning,The Ministry of Economy and Finance,The Ministry of Interior and Public Security,The Ministry of Planning and Development","","https://projects.worldbank.org/en/projects-operations/project-detail/P168987","July 11, 2019","","","August 30, 2024","Concept Review","IDA","","0","30000000.00","","0","The Republic of Benin (Through its Ministry of Economy and Finance)","","","","","","","December 19, 2024"
